Date,NIFTY_Return_1D,NIFTY_Return_5D,NIFTY_Return_20D,NIFTY_SMA50,NIFTY_RSI
2015-03-17,0.010442238346779709,0.0012913149318714012,-0.009335096849980129,8669.16697265625,48.66345087729875
2015-03-18,-0.004287301239194297,-0.001614929323971337,-0.014013431663402742,8674.9759765625,46.61164503567953
2015-03-19,-0.00590036699653107,-0.01610638210745219,-0.026434387826942185,8680.1009765625,43.881246337772644
2015-03-20,-0.0073830435647072035,-0.008886659463444246,-0.036468631882598634,8688.971982421876,40.68843248221298
2015-03-23,-0.002333477124745964,-0.009527228911628605,-0.03200272043686181,8697.94798828125,39.71220037642769
2015-03-24,-0.000929749494125387,-0.02067447106175213,-0.02421487218893681,8704.115,39.30846141779801
2015-03-25,-0.0014222710360253243,-0.017856592749429412,-0.02639776024002527,8709.04099609375,38.661537871912174
2015-03-26,-0.022113918786236364,-0.0338751410615975,-0.048487223402435164,8709.42400390625,30.318495291930333
2015-03-27,-8.990487642646094e-05,-0.026776650006460345,-0.0394351853330458,8710.26400390625,30.290509191076595
2015-03-30,0.018090417315550278,-0.006853148003191367,-0.03983219368280655,8714.55900390625,41.90910831916304
2015-03-31,-0.0001530568535489385,-0.006081060304086172,-0.05199988835235991,8714.49599609375,41.84441274623117
2015-04-01,0.011217759981156483,0.00649999959933778,-0.04557454494928448,8715.945,48.15985695274315
2015-04-06,0.00857771327704171,0.038089699312672476,-0.029447528312447457,8718.12900390625,52.45894215029109
2015-04-07,4.612224673294918e-05,0.03823092036451281,-0.031042510174540627,8717.4230078125,52.481956642138414
2015-04-08,0.006246964557533818,0.02615317299736719,-0.004836224555343049,8717.121015625,55.616116536846555
2015-04-09,0.007332623152276119,0.033835803166588185,0.007604410154353536,8717.45900390625,59.051536247704874
2015-04-10,0.0002335081659441407,0.022605865118648927,0.00924136486503313,8716.35400390625,59.160738770292944
2015-04-13,0.006110279546012176,0.02010411223245434,0.006608933454876897,8714.82400390625,62.015969403897515
2015-04-16,-0.014410211080767454,0.005357827289060424,0.0068168246436934865,8710.67201171875,52.61610580243489
2015-04-17,-0.01156582781691673,-0.012439225393134024,-0.0031448995322128637,8703.74501953125,46.59907088819292
2015-04-20,-0.01834770981001632,-0.03761550672217617,-0.0315477172026829,8696.52900390625,39.05685916058696
2015-04-21,-0.008327270348106652,-0.04585234384575465,-0.03547708087437862,8688.13599609375,36.2423601320723
2015-04-22,0.006200972255378856,-0.04576633514687567,-0.023735783852351755,8681.59900390625,39.6981294862418
2015-04-23,-0.0037249712205020824,-0.03542104169281446,-0.02013797595014566,8675.09099609375,38.34525743768328
2015-04-24,-0.011079600258562361,-0.034946548919358555,-0.028728014525151613,8666.9619921875,34.58404732352113
2015-04-27,-0.011011130948797465,-0.027734024871995278,-0.038528890266222526,8658.0169921875,31.331314390653162
2015-04-28,0.008741362876475867,-0.010999419966578161,-0.028742931603876976,8653.2019921875,36.38982310183553
2015-04-29,-0.005533650132347967,-0.02253344613822983,-0.012275059286881107,8646.68599609375,34.635220438838616
2015-04-30,-0.007069389241178392,-0.025814725567012253,-0.01916948991019707,8637.76798828125,32.49175269725353
2015-05-04,0.01838907233545184,0.003214857507299662,-0.01888176501805694,8630.17599609375,42.40596104092132
2015-05-05,-0.0008581893143123631,0.013513842878986937,-0.01957368923713343,8620.5619921875,42.08958936678238
2015-05-06,-0.02736399793773192,-0.022762336857504284,-0.056980637647401355,8606.315,33.51177918966566
2015-05-07,-0.004903074634123761,-0.02214268579902301,-0.06958516365729339,8590.07900390625,32.27719281808122
2015-05-08,0.01665572816769534,0.0012222697549348904,-0.05413205261482468,8576.0030078125,40.2856342617197
2015-05-11,0.01632790087285607,-0.0008041569086993938,-0.044656014548476564,8565.836015625,47.011112619064754
2015-05-12,-0.02381908107113906,-0.023766290363354536,-0.07419997310039328,8553.276015625,39.84573088521834
2015-05-13,0.013350641678914421,0.01709894964956149,-0.06205896556564183,8542.74302734375,44.803041012006354
2015-05-14,-0.0013660455388829762,0.020714183991006774,-0.06902873043779711,8531.88203125,44.39451807261927
2015-05-15,0.004638677701966021,0.00864916185985476,-0.05103547566467592,8523.45203125,46.18644649991587
2015-05-18,0.013470838987944989,0.005813686150565989,-0.026998560234138935,8514.033046875,51.13414861292217
2015-05-19,-0.0009553778372400901,0.02937143572630463,-0.00975949888878025,8502.2110546875,50.77280573916678
2015-05-20,0.006885251795789804,0.022803829813018872,0.005431052490227017,8490.7510546875,53.329982020776896
2015-05-21,-0.00026711779894939003,0.02392935483254277,-0.0010320883437038297,8480.718046875,53.213696223871445
2015-05-22,0.004506613859696085,0.023794755152266145,0.007221746310026811,8471.14205078125,54.996161089812844
2015-05-25,-0.010485957862909845,-0.00040608223013549605,0.007826374883356912,8463.41205078125,50.183771454334504
2015-05-26,-0.0036916926764433144,-0.0031439015524094005,0.015285228234543924,8455.958046875,48.588672899535645
2015-05-27,-0.0005695887835976965,-0.010524487653221781,0.0059138749529432655,8448.65103515625,48.33434477777789
2015-05-28,-0.00187166871908917,-0.012112575703598139,0.00961801025516551,8439.51103515625,47.45582077239564
2015-05-29,0.013781751487558669,-0.00299089178956502,0.030819579615596115,8435.22904296875,54.064208285474365
2015-06-01,-2.964315431874809e-05,0.007544624189838922,0.012176044375490358,8431.23404296875,54.0482457584562
2015-06-02,-0.023353592405198742,-0.012339021492374092,-0.010612820902341946,8421.49705078125,43.2216039682486
2015-06-03,-0.012305070176218624,-0.02393630421002435,0.004705458522446637,8410.481044921875,38.90296135155103
2015-06-04,-0.0005470363313393456,-0.02264095415990508,0.009103558193723549,8400.40103515625,38.720015949959254
2015-06-05,-0.001961676769116849,-0.03781875943862345,-0.00937554839620336,8391.27703125,38.029743478624454
2015-06-08,-0.008694134258897646,-0.04615581737515517,-0.03376476353938318,8381.142021484375,35.05300250904955
2015-06-09,-0.0027038282806817193,-0.02598817304699652,-0.012864640542408323,8370.731015625,34.165139484337075
2015-06-10,0.012720668903445809,-0.0013091298467019508,-0.013478315983645905,8362.6040234375,41.635006428249504
2015-06-11,-0.019582875620068996,-0.020330454105501494,-0.031474197065847864,8355.068017578125,34.97266934934959
2015-06-12,0.0022032684655837187,-0.016242164195404918,-0.03382206275974675,8347.8980078125,36.18570198875598
2015-06-15,0.003883300602441242,-0.0037604968041664577,-0.04296220543002616,8338.330009765625,38.3725803812152
2015-06-16,0.004167746384501569,0.0031037971987004642,-0.0380544932040503,8329.456005859374,40.729336341165094
2015-06-17,0.005498738840850059,-0.0040495528723878405,-0.039379122703528946,8319.562001953125,43.79596297165473
2015-06-18,0.010263830165222254,0.026270031754356937,-0.029260171279390845,8309.85599609375,49.117112226757875
2015-06-19,0.006159334653041526,0.030321098338923713,-0.027663007181395916,8301.14900390625,52.079250729413495
2015-06-22,0.015580570218593381,0.042326421737816755,-0.002048969938173939,8293.92298828125,58.67347207034628
2015-06-23,0.003405944696333929,0.0415356713571553,0.005060370087501598,8285.98798828125,59.98979958191059
2015-06-24,-0.002469733616678238,0.03328160997433294,0.003149521420377832,8277.59798828125,58.52903484678098
2015-06-25,0.00444337505883885,0.027328542029573022,0.00949633369395353,8268.87798828125,60.393043651165556
2015-06-26,-0.0020124304149797823,0.01898484615159024,-0.006231083672666449,8262.3659765625,59.09182798616541
2015-06-29,-0.00748102536329065,-0.004154053030931859,-0.013636255208259729,8256.613984375,54.40825559109567
2015-06-30,0.006022745602803914,-0.001556967982246138,0.01603236850295664,8255.0219921875,57.319233543578264
2015-07-01,0.01010334046573469,0.011027610783611808,0.03908368713531285,8256.52798828125,61.75702902023641
2015-07-02,-0.0009640797405430224,0.005584709529054432,0.03865010694786686,8256.8319921875,61.09761558111554
2015-07-03,0.004736586359787687,0.012385102920610791,0.045620933170931854,8258.56400390625,63.17597632318545
2015-07-06,0.004390151714822377,0.024493891906144594,0.05942212590319573,8262.90201171875,65.04863988169906
2015-07-07,-0.0013318922357890006,0.017004218759335554,0.060879525863708706,8268.84201171875,63.98092397394848
2015-07-08,-0.01736029555278973,-0.010647044803887451,0.029368093057258626,8270.391015625,52.012899932085716
2015-07-09,-0.004125289314989233,-0.013777614957621642,0.045597456807092485,8272.16701171875,49.67623260396649
2015-07-10,0.0038422055160178825,-0.014655515116582363,0.047307357847850895,8275.7480078125,51.83750907190585
2015-07-13,0.011853357524637564,-0.007333829741933973,0.05562216819689558,8278.30201171875,57.8717363722418
2015-07-14,-0.0006561478304294432,-0.006662146521325907,0.05055109347989517,8280.8880078125,57.43765415655678
2015-07-15,0.008244543893853207,0.019221456735783127,0.053419927014425994,8289.42400390625,61.357223638211366
2015-07-16,0.009884089482447456,0.033559263803968786,0.05302396470201942,8300.43900390625,65.49371068237522
2015-07-17,0.00020908390731189108,0.029818589747258706,0.046796564711341304,8308.80599609375,65.57847899847147
2015-07-20,-0.0007432666484129546,0.016998315302350964,0.029970980551521587,8314.37,64.9673540797622
2015-07-21,-0.00860120048586066,0.008912904912303343,0.017645947834407094,8322.42,58.211871105953456
2015-07-22,0.012198887654526924,0.012869869990631777,0.032610368965287684,8330.38099609375,63.89652991012708
2015-07-23,-0.005061700968610694,-0.0021201085511914908,0.022838747878959342,8337.69298828125,60.19293250074148
2015-07-24,-0.00794547038951432,-0.010255673292057677,0.01675796755301584,8342.8769921875,54.8461041338677
2015-07-27,-0.01884044667546103,-0.028180577536741747,0.00512112994981706,8342.623984375,44.77119312035914
2015-07-28,-0.002870470039468942,-0.02256302468572524,-0.0037641154328732496,8342.0509765625,43.48524485094731
2015-07-29,0.004563968416396724,-0.029935738149360014,-0.00922743883003585,8341.08697265625,46.12716991150463
2015-07-30,0.005582056356707721,-0.019558080958804402,-0.002735448006366603,8341.10296875,49.26534535241534
2015-07-31,0.013185994355469077,0.001326026948910597,0.005651123353549226,8342.58095703125,55.84506705897579
2015-08-03,0.0011954031512864116,0.02177368791861012,0.0024523639110489714,8346.036953125,56.404336996864735
2015-08-04,-0.00306089917070973,0.02157855231198269,0.000716805244806773,8349.58796875,54.498588194320554
2015-08-05,0.005993941733038577,0.023032745490902506,0.02450067803137479,8354.25498046875,57.516394297828256
2015-08-06,0.002416003226048735,0.019811749246833488,0.03122999706276719,8359.64798828125,58.71218026383149
2015-08-07,-0.002800298085977815,0.003720914050227231,0.024406266268887755,8362.26697265625,56.714768182070515
2015-08-10,-0.004553627931107251,-0.002042618937200258,0.007795738086657122,8364.11095703125,53.534295578470335
2015-08-11,-0.007418833032042493,-0.006405004021186711,0.0009758579128700262,8368.6289453125,48.75869318545677
2015-08-12,-0.013341379081930671,-0.025502015653585453,-0.02045444676904773,8372.915947265625,41.62146933709299
2015-08-13,0.0007664473603414823,-0.027105630181910256,-0.02929818031201037,8377.41994140625,42.13848095037666
2015-08-14,0.01947141259339502,-0.005376760944795667,-0.01060411143396589,8385.49693359375,53.430702106398094
2015-08-17,-0.004842373519645449,-0.005665267770068372,-0.014662767582908964,8394.159931640625,50.72764744639865
2015-08-18,-0.0012680924643075908,0.0004963391382277749,-0.0073744953290855175,8403.0429296875,50.017489370678575
2015-08-19,0.0033780685872379923,0.01745027419820988,-0.016024741921005337,8410.45693359375,51.94501390154249
2015-08-20,-0.014408266481082843,0.0020225819533705724,-0.02526831935815954,8418.604931640624,44.10583689907955
2015-08-21,-0.008694849922367243,-0.02566159902648113,-0.02600461353322181,8424.9459375,40.21823565876856
2015-08-24,-0.05915098088055637,-0.07883404150906226,-0.06602081090778611,8420.847939453124,24.52116416985585
2015-08-25,0.009181738418811536,-0.06919579083449612,-0.054731894528907254,8417.515947265625,28.886477275005248
2015-08-26,-0.011274391291918318,-0.08278844524575946,-0.06963537180457535,8411.521953125,26.81672575165689
2015-08-27,0.02016210472317792,-0.05061656023259975,-0.056145909466028376,8407.008955078125,35.60278171358645
2015-08-28,0.006667547122292117,-0.03590382990108776,-0.06221830201708978,8402.548955078126,38.29426541247078
2015-08-31,-0.003830365083121179,0.020783686091368825,-0.06692574818963193,8394.912958984374,37.322764358027094
2015-09-01,-0.023264675971940818,-0.012035744959904449,-0.08583525219732002,8382.99896484375,32.02833961535063
2015-09-02,-0.0088429775544967,-0.009606203497005694,-0.09931782700815095,8370.12197265625,30.309307153719956
2015-09-03,0.013735907736166952,-0.015844884194490594,-0.08914676413662748,8358.62197265625,36.00421874251379
2015-09-04,-0.021468770971813878,-0.043351980724425476,-0.10619875372713128,8344.1009765625,31.59831095010675
2015-09-07,-0.01257339958011272,-0.051748147743411965,-0.11339962571364226,8328.90896484375,29.37944764901141
2015-09-08,0.017125760525132927,-0.012535573692284419,-0.09147573015860921,8315.30396484375,35.899004927313996
2015-09-09,0.01695445617094271,0.013165750635771634,-0.06357904834910888,8302.614970703125,41.7322299126376
2015-09-10,-0.0039009540862875447,-0.004461191658411079,-0.0679463535439595,8289.47896484375,40.79673269366893
2015-09-11,0.00015404360706794407,0.017537443050702706,-0.08560729428367209,8275.566953125,40.852897521474006
2015-09-14,0.010649249276883932,0.0414682493797649,-0.07137293933534583,8262.5689453125,44.75533532853136
2015-09-15,-0.005481266771729776,0.018320176588462855,-0.07529037467875355,8248.934951171876,43.160074187031405
2015-09-16,0.008947363530129149,0.010302330811323479,-0.07015773245627044,8239.656953125,46.494327511494646
2015-09-18,0.010475810818002973,0.024884092687229575,-0.046681209597354556,8232.723955078125,50.20996454706301
2015-09-21,-0.0006013361162410247,0.02411003526346933,-0.038897835536240155,8225.0549609375,49.99310238120251
2015-09-22,-0.02069675641963653,-0.007653466289815447,0.00038417210910490773,8212.101953125,43.09774375325065
2015-09-23,0.004345903137800811,0.0021522393948307794,-0.004409506660419504,8199.93896484375,44.7842553595535
2015-09-24,0.002874069312977845,-0.0038801520065666617,0.009837189035092786,8186.83296875,45.93055188215622
2015-09-28,-0.009252056260723118,-0.02332774268148563,-0.0192792754054959,8170.5859765625,42.8385422495801
2015-09-29,0.006105879931557867,-0.01677304926987966,-0.019826465643079882,8155.25498046875,45.42548556552832
2015-09-30,0.013463733413981993,0.017524309055779508,-0.002810068984054226,8142.163974609375,50.750613613719494
2015-10-01,0.00025160714370175974,0.013376290241295719,0.021198687698493535,8130.59296875,50.84843366730278
2015-10-05,0.02117998017986733,0.031873902864268944,0.05213163207042881,8120.30896484375,58.349804563348584
2015-10-06,0.004138299910646515,0.045820092882231656,0.04217051033411101,8111.570966796875,59.67228801798182
2015-10-07,0.0030050657181448504,0.042596879626681794,0.06823601556927739,8104.68796875,60.653338423832324
2015-10-08,-0.005875926976951273,0.022701279111502437,0.07548159862825443,8100.054970703125,57.68923894910413
2015-10-09,0.00742372968703231,0.030034372951715405,0.06522293048645667,8097.108974609375,60.31262085356431
2015-10-12,-0.005629033610123568,0.002992904998374568,0.04156754354240788,8092.47998046875,57.38562344962059
2015-10-13,-0.0014612581906097155,-0.0026002658299724146,0.044118603169937876,8086.67798828125,56.62174610501636
2015-10-14,-0.002926853228365389,-0.00849903402426,0.04090227692411075,8078.178994140625,55.04358679931618
2015-10-15,0.008830905477206663,0.006168992815084762,0.03902950236590552,8070.907998046875,58.76689995809711
2015-10-16,0.007170412693318751,0.0059159913253272745,0.05224742152564943,8065.332998046875,61.57428418293124
2015-10-19,0.004479089639404021,0.016141473728441325,0.047587386869594184,8059.474990234375,63.26872019230742
2015-10-20,-0.0016192547934769097,0.01598069188377238,0.035048107806902706,8052.934990234375,62.19616940821813
2015-10-21,-0.001204383487806604,0.017735824899266728,0.034423549196396674,8046.677001953125,61.36426233985837
2015-10-23,0.005301937657024025,0.014175706988507786,0.06188558567748337,8042.074013671875,63.66550013538246
2015-10-26,-0.004207172582956553,0.002718985816038355,0.05284249823847964,8038.038017578125,60.5663636465197
2015-10-27,-0.0033471638954116756,-0.005093554124426358,0.04631129066848838,8035.707021484375,58.15125876259488
2015-10-28,-0.007494344931314734,-0.0109481993349827,0.04816757835630803,8032.014033203125,53.066073918994036
2015-10-29,-0.00727557689096936,-0.01696016481451912,0.03422669055083971,8023.878037109375,48.65143946356356
2015-10-30,-0.005664646384873739,-0.027683897222934073,0.014706425263863565,8015.648037109375,45.500685509229065
2015-11-02,-0.0018597039801661053,-0.02539177233469081,0.012564603198475854,8007.333037109375,44.48782748225488
2015-11-03,0.0012297400090901522,-0.02091610333444438,-0.007217323018564814,7998.644033203125,45.35249026291274
2015-11-04,-0.0025432033822472278,-0.01603191659349501,-0.013823266369166642,7991.993037109375,43.83012974711259
2015-11-05,-0.010540782311541208,-0.019268321223841922,-0.027141843334289706,7985.103037109375,38.13149599514287
2015-11-06,-0.00014460408861305396,-0.013823799585901075,-0.02153312268089158,7988.009033203125,38.0591611573297
2015-11-09,-0.004915531264230055,-0.016842998542337173,-0.03351771047212626,7988.699033203125,35.588117321715586
2015-11-10,-0.01665783484975325,-0.03440769299638957,-0.0442371918660005,7988.529033203125,28.798012557279762
2015-11-13,-0.002710927478722036,-0.03457005902347399,-0.04543332715653592,7984.795029296875,27.881218265470636
2015-11-16,0.005713562131630656,-0.018710455599854736,-0.03716126349813509,7980.88802734375,32.72888555123809
2015-11-17,0.00396455648349936,-0.014677596126210779,-0.04180575772510542,7978.21302734375,35.96375618808544
2015-11-18,-0.01349273722468125,-0.023170657229063196,-0.06146411050151812,7977.132021484375,30.556886386268204
2015-11-19,0.014349853606560714,0.007631662664337346,-0.05224135381549233,7979.647021484375,40.640247622757144
2015-11-20,0.0017595619760288894,0.01214851424361485,-0.049033857254138,7980.318017578125,41.77273171139562
2015-11-23,-0.0009291361817810317,0.005463313325932306,-0.04877179075666338,7984.202021484375,41.32361284782837
2015-11-24,-0.002248610038379506,-0.0007591284495176431,-0.055916205478318326,7989.65802734375,40.198253168949776
2015-11-26,0.006665267171503286,0.019659070829517455,-0.045608344348485264,7993.5690234375,44.971270330298054
2015-11-27,0.0074710662477730505,0.012744279151126747,-0.03524884081470947,7996.051025390625,49.83648368614528
2015-11-30,-0.0009379927643368147,0.010017144582415094,-0.028875830927243107,7998.9940234375,49.2434288455163
2015-12-01,0.0024762801857218797,0.013459872260884742,-0.019336160218972442,8002.306025390625,50.90294072142546
2015-12-02,-0.00296041496142041,0.012736860763594482,-0.016669110353211836,8003.48802734375,48.84187421244368
2015-12-03,-0.008472730932953976,-0.002492440552849473,-0.023184019833045078,8004.1890234375,43.43709657411054
2015-12-04,-0.010458854551524621,-0.02024504123467341,-0.03458760234388558,8001.8440234375,37.90786376773234
2015-12-07,-0.0021203048364873966,-0.02140450491871715,-0.03417828988001581,7997.5140234375,36.8932887151831
2015-12-08,-0.00820301695113268,-0.0318294020213441,-0.03189637214365493,7992.006025390625,33.19909789283963
2015-12-09,-0.011581883616657795,-0.0402012385949867,-0.04297044530381866,7988.016025390625,28.843629062869766
2015-12-10,0.00930046695402309,-0.02299677649867171,-0.029298108058256722,7984.763017578125,36.018498352200304
2015-12-11,-0.00948155235730297,-0.02203185715349698,-0.022214072369147853,7979.602021484375,32.398525604589906
2015-12-14,0.005203320218742258,-0.014854366691589793,-0.014454596967696243,7976.689013671875,36.15479181579575
2015-12-15,0.006647028314128445,-0.00010391120771446882,-0.013539850125566688,7973.841015625,40.71057460682646
2015-12-16,0.006492747683265243,0.018180611145320213,-0.011055738655966985,7969.881015625,44.87581240427168
2015-12-17,0.012056689737954374,0.020961084047572243,0.014556803824707698,7967.75001953125,51.704870216185604
2015-12-18,-0.010504363180879661,0.019906838112325298,-0.01030248378279297,7960.60302734375,46.26260347801143
2015-12-21,0.009340436124388285,0.024104469295351594,-0.0028128898720676254,7954.234033203125,51.13601663938017
2015-12-22,-0.006171472975241898,0.011063667414579648,-0.008045342210243,7946.408037109375,48.009046574493745
2015-12-23,0.01025546764808305,0.014843475521334026,0.004386089333970222,7941.1400390625,53.1088188207266
2015-12-24,-0.0006229877514251081,0.0021288834413750735,-0.002885664345062877,7934.56703125,52.76674234085272
2015-12-28,0.008154139618607559,0.021025606055783186,-0.0022096129196853553,7930.19802734375,56.69589011053928
2015-12-29,0.0004795231655652099,0.012062109994207537,-0.0007939012239690513,7926.14302734375,56.924672253421306
2015-12-30,-0.004124151937772491,0.014146992841372219,-0.007372802054551264,7921.910029296875,54.26790205127114
2015-12-31,0.006344796283837217,0.010221257489230196,0.0018912290865122916,7917.24703125,57.53776263178413
2016-01-04,-0.01951213966956744,-0.00887286071618687,-0.009263569306396158,7908.31001953125,46.46506661973176
2016-01-05,-0.0008535035886758635,-0.017728371290295586,0.0003533841394145476,7898.502021484375,46.055701189146596
2016-01-06,-0.005607176031205752,-0.023704297628658777,-0.003142130817549438,7888.089013671875,43.35558563709342
2016-01-07,-0.022309804329221028,-0.04153239769669148,-0.017320901520704757,7874.421005859375,34.69000688786181
2016-01-08,0.004366937597831466,-0.04341615908689411,-0.0014646833949096827,7860.53900390625,37.27386243718367
2016-01-11,-0.00493333414699082,-0.029192780759689008,-0.015546667456393548,7846.605009765625,35.55504231187723
2016-01-12,-0.007079766557687717,-0.03524244520921238,-0.013159588205003403,7832.152998046875,33.200604164956275
2016-01-13,0.006937152844914696,-0.023071967143295402,-0.01145742898170976,7819.9769921875,37.53458591917652
2016-01-14,-0.003385181686611949,-0.004162097275862475,-0.02130921057762436,7808.47798828125,36.28871263335531
2016-01-15,-0.013135548583687595,-0.02151595320141586,-0.04039532204016383,7795.91798828125,31.881542413352307
2016-01-18,-0.01167009155487031,-0.028140443677248994,-0.06289241192889317,7781.9219921875,28.601731373546713
2016-01-19,0.011440633608522655,-0.010012876847381613,-0.042109275302183335,7769.409990234375,35.522871218279064
2016-01-20,-0.01691978471256972,-0.03346822449548181,-0.06703091825629415,7754.791982421875,30.724970525256566
2016-01-21,-0.004446390334017725,-0.034497400320795735,-0.0654114751391468,7741.218974609375,29.612213222814688
2016-01-22,0.020015720445019758,-0.002063729836520478,-0.05638225376309802,7730.581982421875,40.084902628885075
2016-01-25,0.0018457122204607046,0.01158344474816353,-0.054051292499175396,7721.0009765625,40.97448266016244
2016-01-27,0.00021517824106065397,0.00035640439388107126,-0.06150040167689552,7714.088974609375,41.084509375341526
2016-01-28,-0.001761298464757477,0.01578127874605384,-0.06360240391809835,7707.33697265625,40.420201280553236
2016-01-29,0.018707939656508632,0.03940605866541547,-0.04213394906601231,7702.475966796875,49.70600797547165
2016-02-01,-0.0010047675458274563,0.01798597450802819,-0.04912946164540333,7696.843974609375,49.25370078961898
2016-02-02,-0.013287592960483763,0.0026088638070131953,-0.04309293807408132,7691.318974609375,43.607980092147514
2016-02-03,-0.01257452534768888,-0.010211447724446265,-0.054318447580917084,7681.699970703125,39.10096926130758
2016-02-04,0.005732320415128722,-0.0027812627686635283,-0.04353442707660504,7672.648974609375,42.00652767889506
2016-02-05,0.011493800331746407,-0.00984322295135942,-0.010464663012186293,7665.4459765625,47.45132004362806
2016-02-08,-0.013599777854234385,-0.022326800859163498,-0.02816606193711091,7656.558974609375,42.3291095936563
2016-02-09,-0.012054527014450533,-0.021105030949705395,-0.035120989828455906,7644.846982421875,38.4237169932295
2016-02-10,-0.011304156886925099,-0.019845637378236414,-0.039226078457098024,7630.306982421875,35.1848922252765
2016-02-11,-0.03317073758299127,-0.057759306097210916,-0.07749521478041255,7611.128984375,27.850215452096876
2016-02-12,0.0006593845767279838,-0.0678519309019221,-0.07375140958756665,7591.649990234375,28.160177222685036
2016-02-15,0.02607094949942601,-0.030363099216555556,-0.03695307975374418,7576.2819921875,39.275586173419846
2016-02-16,-0.016012982386442,-0.03424819662703116,-0.041184872806420914,7559.963994140625,35.54314089486235
2016-02-17,0.008541154940942874,-0.01486342241182248,-0.0439334908815443,7546.495,38.82889834995181
2016-02-18,0.011718419964794835,0.030875730049172212,-0.01608222508702062,7535.022001953125,43.147532804814055
2016-02-19,0.0026419160844022294,0.03291812693948226,-0.009076765399668174,7525.202998046875,44.116651267335705
2016-02-22,0.0033006004489823937,0.00999582677844879,-0.025315143339549095,7517.643994140625,45.372799724775525
2016-02-23,-0.017278200216274464,0.00869716662824116,-0.043920590889824696,7506.168994140625,40.25482859484881
2016-02-24,-0.012778531956425754,-0.012625818221133955,-0.05634093706934218,7494.333994140625,36.98914378106657
2016-02-25,-0.006853134671341854,-0.030750499161365408,-0.061154372348811936,7480.745,35.35383275423578
2016-02-26,0.008485625558068977,-0.025101411087612213,-0.07057530107842724,7467.322001953125,38.92944729271724
2016-02-29,-0.006074212498666354,-0.03421083642822342,-0.07529170731934287,7452.045,37.324494153627896
2016-03-01,0.03366943224623564,0.015858950720854637,-0.03128541906505,7439.603994140625,49.64232517002203
2016-03-02,0.020291361052837242,0.049888140624328337,0.0009576860490365657,7431.7419921875,55.50850217348611
2016-03-03,0.014486656477644022,0.07244713409535541,0.00967046159592777,7424.564990234375,59.23375757219802
2016-03-04,0.0013042431206367056,0.06481028452736592,-0.0005007277177632163,7418.549990234375,59.56675360064165
2016-03-08,-6.71885323921817e-06,0.07131049783926424,0.013272842355071202,7410.936982421875,59.56405082537109
2016-03-09,0.006212176026787919,0.04285338581474063,0.032007837976962605,7404.351982421875,61.3119378011568
2016-03-10,-0.006060955352974129,0.015918332322272244,0.03748072948027148,7395.571982421875,58.63242908243053
2016-03-11,0.0032126384433233124,0.004628404035028177,0.07652283646653579,7387.196982421875,59.63334612604755
2016-03-14,0.0038014705260878134,0.007133921813552879,0.07990313482855749,7380.046982421875,60.84449721281305
2016-03-15,-0.010366427105786724,-0.003299761890069197,0.04155409352678929,7370.331982421875,55.90025913430629
2016-03-16,0.005113516586384925,-0.0043880354688836665,0.06391657503635662,7364.480986328125,57.70700146539455
2016-03-17,0.0018402806717785491,0.0035264992937804607,0.056847779511977725,7359.038984375,58.37138119972608
2016-03-18,0.012219591930221929,0.012536270657939719,0.05737130707494709,7356.305986328125,62.582334267119286
2016-03-21,0.013137204502793765,0.021953241585143335,0.06843948271677713,7359.024990234375,66.54800051279247
2016-03-22,0.001382341219943628,0.03408570374484876,0.06639668128969345,7361.295986328125,66.95013782207673
2016-03-23,0.00020740355370829633,0.029038173028838044,0.08537111518823925,7364.348984375,67.0142977058114
2016-03-28,-0.013140659929210097,0.01365053086300505,0.08497298441983037,7366.444990234375,59.174509770469825
2016-03-29,-0.0023768693023248355,-0.000966564869036679,0.08986312420280229,7367.1369921875,57.873019131960106
2016-03-30,0.01819141704784788,0.0040172885501508215,0.10035210289306162,7371.105,64.32487058007581
2016-03-31,0.00041365536126503066,0.0030460537787224684,0.10753467037721443,7377.117001953125,64.46058330218304
2016-04-01,-0.0032758836421172832,-0.00044711920073869926,0.06794927007620033,7384.357998046875,62.43415452746739
2016-04-04,0.005931505845093277,0.018870363513078026,0.05291866463062922,7390.8319921875,64.59722450093994
2016-04-05,-0.02005459778469787,0.0008161373321706744,0.017068876878025607,7396.71,53.3463945413376
2016-04-06,0.0014664749128432408,-0.015623396241183918,0.017233662863730403,7403.461005859375,53.965129807239116
2016-04-07,-0.00891736017820488,-0.02480483167755565,0.00816939764880309,7405.941005859375,49.647002338312156
2016-04-08,0.0011594855559287076,-0.020465265150896528,0.0031068789972932276,7408.32201171875,50.200014944611944
2016-04-11,0.015380096361092388,-0.011264616247856685,0.024745697376698628,7412.995009765625,56.96024068636326
2016-04-12,0.004894842329530746,0.01390861706695512,0.026464008259600158,7418.681015625,58.9017876402474
2016-04-13,0.018355287868643932,0.03100725533081583,0.04134640295970815,7424.4190234375,65.26124558650929
2016-04-18,0.008184244011682829,0.04879777782522687,0.06086643054342322,7431.5940234375,67.70487588530737
2016-04-20,6.292681500319475e-06,0.047589712435492704,0.055475912652108716,7440.77802734375,67.70677221779641
2016-04-21,-0.0003411598992387743,0.031369750685299014,0.05317768406017476,7451.78302734375,67.47544171226917
2016-04-22,-0.0016114660947212922,0.024692027390544657,0.03878697104202988,7461.6890234375,66.32314167461104
2016-04-25,-0.005601762319964343,0.0005859038985747134,0.019573586616153493,7469.008017578125,62.343889115365315
2016-04-26,0.013698206928241197,0.00605830996095702,0.03211318398631913,7480.516015625,67.45692738326957
2016-04-27,0.0021663642394880167,0.008231454227076052,0.03413463388113125,7494.150009765625,68.20234522962369
2016-04-28,-0.016623003291656557,-0.008190014760664055,0.03048546957579723,7506.781005859375,57.327843752749054
2016-04-29,0.00032492971263820003,-0.006266378188434674,0.033276267564499085,7524.25,57.46822471740962
2016-05-02,-0.005592486870497626,-0.006257108938306111,0.009139997058394744,7540.748994140625,54.16438641368298
2016-05-03,-0.0075455620851691,-0.027082680387627622,0.0011113534793729674,7552.429990234375,50.01020603266318
2016-05-04,-0.0052214012278947175,-0.03425482788023004,-0.0008427276064066902,7565.595986328125,47.325729736713484
2016-05-05,0.003756570196288278,-0.014240657555194547,-0.0030030166100462052,7578.136982421875,49.41843816475952
2016-05-06,-0.00026498670900398924,-0.014821984288761358,0.017130944425256756,7588.970986328125,49.26918236426283
2016-05-09,0.01714624210748439,0.007705697369458919,0.033055967193933666,7602.076982421875,58.08774285702205
2016-05-10,0.002765047328716186,0.018174752121788984,0.04523313618196667,7615.141982421875,59.33637253824765
2016-05-11,-0.00493796850778383,0.01846485088336114,0.038867256294008,7629.92798828125,56.11247207871775
2016-05-12,0.006567816182767139,0.02131729071730981,0.029851135765981418,7647.561982421875,59.26686628565967
2016-05-13,-0.010822236982540034,0.010532130546417662,0.013743727011710893,7664.447978515625,52.52383671551011
2016-05-16,0.005867010227795566,-0.000673756818109883,0.0013120017873178291,7681.067978515625,55.45095537357756
2016-05-17,0.003816429729987636,0.0003740200544575245,-0.003026039486206278,7699.141982421875,57.305766151210904
2016-05-18,-0.002610664088489645,0.0027137484373489507,-0.005635060823936278,7712.098984375,55.59408636808098
2016-05-19,-0.011022661712474568,-0.014809376923475837,-0.01625999652675736,7720.38998046875,48.961757078098216
2016-05-20,-0.0043296897826234915,-0.008342999634799675,-0.018938337963350427,7725.871982421875,46.63428678047455
2016-05-23,-0.0024065951139995434,-0.01649972271252742,-0.015786023396822113,7730.7859765625,45.349456597540794
2016-05-24,0.002302441895789764,-0.017983069080093728,-0.026850333407797966,7736.056982421875,46.85443855027295
2016-05-25,0.024009988881288802,0.00822728928971439,-0.005639168479642631,7744.118984375,59.43002614924756
2016-05-26,0.016981940750153468,0.03677698738231405,0.028341126170792208,7755.788984375,65.75111584081583
2016-05-27,0.010781136858828422,0.05251167100340193,0.03909018131558151,7768.717978515625,69.09875308732322
2016-05-30,0.0026788078338353394,0.05787702920258009,0.04773313805169033,7781.512978515625,69.89464578341648
2016-05-31,-0.0022497893677019265,0.05307239071825487,0.053323879909158434,7795.502978515625,68.29934753298913
2016-06-01,0.0024325801667495206,0.03088259410762939,0.061428317810527266,7809.126982421875,69.11824911289803
2016-06-02,0.00476775519028827,0.018501458523670022,0.06249760135899418,7823.254990234375,70.71869354734805
2016-06-03,0.00022504204686080165,0.007864736517049442,0.0630183937397566,7835.583984375,70.79599385292987
2016-06-06,-0.002402442641741276,0.0027572054395672563,0.042588085292870614,7845.51998046875,68.71014240670523
2016-06-07,0.007974636440766236,0.01303294032959168,0.048004564010356576,7856.550986328125,71.68514258863516
2016-06-08,0.0007983607496653278,0.011381439636191315,0.054046096148265166,7867.681982421875,71.97471423252091
2016-06-09,-0.0083947512649023,-0.0018677064068662874,0.03837776704712148,7879.45197265625,64.49927971713976
2016-06-10,-0.004089644337244347,-0.006173365269284692,0.0454452272942405,7890.91296875,61.19285660683051
2016-06-13,-0.007276541569812833,-0.011029040084545194,0.03178451135785387,7898.420966796875,55.74010457697784
2016-06-14,-0.00021576701833758705,-0.019065027180060645,0.027639970554921955,7905.829970703125,55.583093335823996
2016-06-15,0.012054669964487674,-0.008032128039994313,0.04275010148549452,7915.700966796875,62.01875742110781
2016-06-16,-0.008023982222768011,-0.007661223410169393,0.04591182544130157,7923.339970703125,56.11968691053375
2016-06-17,0.003617626792678852,1.8407553025401313e-05,0.05426016354211294,7934.679970703125,58.04187659484775
2016-06-20,0.008359624373303065,0.015769474613932744,0.06563794156452363,7947.16296875,62.17966142240708
2016-06-21,-0.002257645126540031,0.01369494954665007,0.060789702605193785,7960.63197265625,60.431880476762245
2016-06-22,-0.0019708505629796313,-0.00035330273200950835,0.033875700547823406,7973.60197265625,58.879480152046696
2016-06-23,0.008136572328440339,0.01593221697171643,0.024883395859643054,7985.582978515625,63.087056431137256
2016-06-24,-0.021987932139331257,-0.009987527319473388,-0.008342862020833675,7993.1759765625,48.520790837684494
2016-06-27,0.0007541598771854119,-0.01745461002457971,-0.010246353816408926,7998.0609765625,48.946624854596614
2016-06-28,0.004095260052119798,-0.011198468180190546,-0.0039521574017532535,8002.323974609375,51.30401668277051
2016-06-29,0.009369009200318468,3.654505654315798e-05,0.0029400918236985873,8008.108974609375,56.296280172827274
2016-06-30,0.010208434909800168,0.002091760941539178,0.00837087499650968,8015.622978515625,61.02837095425306
2016-07-01,0.00489874928358125,0.02964042094109942,0.013082644905934249,8024.203974609375,63.113458637387964
2016-07-04,0.005085111447510116,0.034096383231071004,0.02068642364883977,8034.516982421875,65.20476558908413
2016-07-05,-0.0041513850919495665,0.025603338540441056,0.008407478223168896,8041.98298828125,62.093916336182765
2016-07-07,0.00023394997172565546,0.016321354293637347,0.007838776203275888,8049.142998046875,62.20290117274973
2016-07-08,-0.0017630571995113087,0.0042774209299869526,0.014579037450928478,8058.662001953125,60.78424271696852
2016-07-11,0.017385163388715874,0.016756114692028756,0.03645639782594845,8071.024013671875,68.41940417426292
2016-07-12,0.006276575256050743,0.01796141372488691,0.05060657683638703,8085.32701171875,70.67764625189167
2016-07-13,-0.00018187954806314632,0.022019062060941064,0.050642186919011234,8100.77701171875,70.51929506950495
2016-07-14,0.005340689007570898,0.02723702595803945,0.04367221598280158,8117.946015625,72.46946725522713
2016-07-15,-0.0027553542761237226,0.026215901359117444,0.0492154151183859,8134.0640234375,69.88714467682921
2016-07-18,-0.003828434895569499,0.004818172487322858,0.041431053328926826,8149.5690234375,66.35869848616304
2016-07-19,0.0023328603569714446,0.0008801732382639482,0.03520662798901508,8162.8190234375,67.43353670316964
2016-07-20,0.004373522526303297,0.005440414270203586,0.04208678965800661,8176.38001953125,69.41128414805698
2016-07-21,-0.006508402848794281,-0.006409852962638629,0.03734892874773421,8189.605009765625,63.23041869115006
2016-07-22,0.003654550165692383,-2.343823065831252e-05,0.032737032882859785,8202.421015625,65.09758528395128
2016-07-25,0.011058187743255843,0.01492004564721161,0.06763225853225996,8218.836025390625,70.06855424075543
2016-07-26,-0.005210956669673972,0.007281494200030103,0.061268506967027125,8233.434033203124,65.29686406110197
2016-07-27,0.0029275331807177007,0.005831318268515018,0.06003428965452451,8247.935029296876,66.66324696533933
2016-07-28,0.005861324676151858,0.018354684725478965,0.05635053689511205,8263.85802734375,69.27894726570331
2016-07-29,-0.003207805558776422,0.01139181876815143,0.04232149859732748,8280.960029296875,66.19962417648733
2016-08-01,-0.00022575624385023918,0.00010415128239515958,0.03700615485276537,8298.697021484375,65.97807269894867
2016-08-02,-0.001580424402241265,0.0037540813015968233,0.030128924633297638,8316.534033203125,64.35469364635236
2016-08-03,-0.009051569392458547,-0.008234893674514021,0.02506006024123919,8332.4540234375,55.88676460488553
2016-08-04,0.0007314347572768831,-0.013292892919558263,0.025569892750184176,8344.778017578124,56.38170524092494
2016-08-05,0.015442549763450941,0.005168766640620381,0.043246610302034805,8357.04802734375,65.252351506407
2016-08-08,0.0032475792173825013,0.008660843320431377,0.028749655465896584,8368.142021484375,66.80488692098876
2016-08-09,-0.003799596028080332,0.006418908588481154,0.018448453995189906,8378.137021484376,63.23352422006342
2016-08-10,-0.011863013316336768,0.0035635729947887107,0.006549657220200622,8386.441015625,53.6301523593834
2016-08-11,0.00196501420606765,0.004800643557583362,0.0031699230151780444,8394.68501953125,54.83911076438981
2016-08-16,0.0058657509204553815,-0.004675789789537199,0.01184225178970899,8403.15701171875,58.337857110444105
2016-08-17,-0.0021405719860551065,-0.010021386880575855,0.013556666321202337,8411.22201171875,56.6043303339024
2016-08-18,0.0057049989769026865,-0.0005761530262438086,0.016966565081553364,8420.666015625,60.007895875687346
2016-08-19,-0.0007320911278931863,0.010681910606487266,0.011796936189424123,8428.67501953125,59.3608240215626
2016-08-22,-0.0043556517669032235,0.004306256096305194,0.013989352265495247,8435.79703125,55.52724129997281
2016-08-23,0.0003997170745508871,-0.0011513032076602148,0.010701003602826331,8444.37703125,55.80806669925584
2016-08-24,0.0020503899304304962,0.0030438135904238273,0.0016963880425733269,8453.98203125,57.298217839161325
2016-08-25,-0.006716485056797228,-0.009344802085435089,0.00018040597824708904,8463.614033203125,51.195805674277835
2016-08-26,-0.0022870033493540554,-0.010886312486013905,-0.005019847371159791,8472.88802734375,49.28397760589235
2016-08-29,0.004071179686342186,-0.0025147545621728717,-0.006790626992060567,8480.9050390625,52.66494600461119
2016-08-30,0.015904758198549196,0.012945115614842129,0.012253239494703916,8492.97703125,63.06601691773138
2016-08-31,0.00478601471887985,0.01571048330040048,0.017327566448326115,8505.29703125,65.55758849798156
2016-09-01,-0.0013145392127147382,0.021234397612387657,0.017598486950514358,8516.0200390625,64.2690224107903
2016-09-02,0.0039887629069979,0.027658117052624442,0.03098951922564841,8527.8150390625,66.4228253467492
2016-09-06,0.015136765190694401,0.03898364754642847,0.04583040878103439,8542.60103515625,73.0806705139294
2016-09-07,-0.002801051625573092,0.019852887143416487,0.027040854312624596,8555.55103515625,70.26223076497226
2016-09-08,0.0038741867728371293,0.018927386241007982,0.02768232265244852,8572.829033203125,71.87342892792779
2016-09-09,-0.009583893290980194,0.010490424186683,0.02171523006510534,8588.269033203125,62.777080786411695
2016-09-12,-0.017041355026008564,-0.010675881230211681,0.016360921236923787,8600.0240234375,50.625504770360365
2016-09-14,0.0012621047883116798,-0.02419774020183385,0.015647912645558426,8610.476015625,51.36358616289808
2016-09-15,0.001827767518446155,-0.019668240658844982,0.011570659384081639,8619.57201171875,52.47301601325994
2016-09-16,0.004266467508998506,-0.019285159522479778,0.01806573572926462,8628.60201171875,55.05495152352105
2016-09-19,0.003251853109136782,-0.006575141078788316,0.015582439180814589,8637.356015625,56.981400560100596
2016-09-20,-0.0036896597064991488,0.006918718614051134,0.012576583909733818,8646.15501953125,54.136818612439285
2016-09-21,0.0001424355273373923,0.005792723799965982,0.01715116706747777,8654.94001953125,54.23145622156652
2016-09-22,0.010288054854791007,0.014286494605730615,0.027205082659278235,8665.82501953125,60.56243875353835
2016-09-23,-0.00404855847332275,0.005888505795964338,0.020953031003825062,8673.0980078125,57.17620898314249
2016-09-26,-0.012285499419638857,-0.009689680549528679,0.015228882754196649,8677.1380078125,48.37316589561832
2016-09-27,-0.0019086689214536934,-0.007919415319964762,0.015613859235242833,8680.876015625,47.172936437942475
2016-09-28,0.004450748674702076,-0.0036458302040921486,0.015997791702296427,8684.4790234375,50.26587764322677
2016-09-29,-0.0175983698107679,-0.03114764551578808,-0.0175084044227668,8685.476015625,40.199215924921
2016-09-30,0.002316355667103087,-0.02495591588528656,-0.019923266121444683,8687.52501953125,41.82169764284572
2016-10-03,0.014742422671912614,0.0017252916152574738,-0.004165497156337072,8691.716015625,50.96196869553846
2016-10-04,0.0035534936242527237,0.007207341402259537,-0.004597231241219135,8695.78203125,52.91068054907208
2016-10-05,-0.0028737328235858284,-0.00013724124330516396,-0.022257609827518676,8700.45904296875,51.134667726362494
2016-10-06,-0.003934193340149772,0.013769801214898791,-0.02336864257601934,8703.82603515625,48.73006206789074
2016-10-07,-0.0013720795655899343,0.010039218319089827,-0.028472537349902294,8705.06501953125,47.88760485095293
2016-10-10,0.0012877340663539627,-0.003353109485735861,-0.017808247391569165,8707.4280078125,48.78135120606809
2016-10-13,-0.015553256286772621,-0.022328363926718442,-0.01632130964884937,8706.57900390625,39.87478456269501
2016-10-14,0.0011723284023095193,-0.018361244186130943,-0.016409509449266002,8704.921015625,40.739408680257085
2016-10-17,-0.007339748483457642,-0.021717473153514688,-0.025410139950634347,8702.5590234375,37.13465567029016
2016-10-18,0.01848504680288232,-0.0022649029197396864,-0.011611727226072288,8703.38603515625,49.22942446430207
2016-10-19,-0.002166512682066579,-0.005706893765745846,-0.016949817745445017,8704.11001953125,48.0412489904647
2016-10-20,0.004654153788272275,0.014702629309804705,-0.008717054273054692,8707.20103515625,50.78338993978912
2016-10-21,-0.0007300027188475999,0.012774589215512,-0.009581764262274528,8710.0400390625,50.33260901547308
2016-10-24,0.0018290923188344355,0.022129218821096863,-0.017874360330073946,8710.55603515625,51.49358098848063
2016-10-25,-0.0020266955521803798,0.0015440847969372395,-0.015880564918012485,8710.1550390625,50.093782798364536
2016-10-26,-0.008750107164233856,-0.005063991795119738,-0.012358040719837704,8708.8950390625,44.48286909827001
2016-10-27,0.0,-0.009673125370305513,-0.010469354329620595,8709.69404296875,44.48286909827001
2016-10-28,0.0026406662604103737,-0.006332622718647651,-0.012252549794897538,8710.61103515625,46.559562717293325
2016-11-01,-0.0013602685806899384,-0.009496000488900758,0.004073912410883063,8710.2850390625,45.61059315318986
2016-11-02,-0.013012606868569754,-0.020399688041123243,-0.011281929384344247,8708.08404296875,37.704382373702686
2016-11-03,-0.003412004309079175,-0.015124320790168566,-0.028970763138348676,8704.318046875,35.96679764760225
2016-11-04,-0.00603423639902867,-0.02106729346217462,-0.03824776354429649,8699.6550390625,33.07378003785689
2016-11-07,0.007505534867348507,-0.016317457202188024,-0.02823671053814547,8697.01302734375,39.547837939879265
2016-11-08,0.005472487636161372,-0.009587039016084598,-0.01905953852065445,8695.23203125,43.845204491242946
2016-11-09,-0.013056610804363489,-0.009631195677707316,-0.030537116135895048,8690.86603515625,37.042370445203325
2016-11-10,0.011118358633776193,0.0048084907687542255,-0.021018947362755225,8689.53703125,44.79475431365229
2016-11-11,-0.026912611243878892,-0.01629763691270192,-0.03231523468779862,8684.01203125,33.81871141440928
2016-11-15,-0.022642577269069153,-0.045733474359609394,-0.055333571043854834,8674.03203125,27.810627692280306
2016-11-16,0.0003884715658204474,-0.05055857540553654,-0.04797900030831337,8661.377041015625,28.041479151645973
2016-11-17,-0.003901807530291679,-0.041751637178308876,-0.06890493879815485,8647.252041015625,27.103601201785295
2016-11-18,-0.000724026450019899,-0.05297480014588163,-0.06755893084835118,8633.24103515625,26.924348366764008
2016-11-21,-0.017958657713704862,-0.044260660255283746,-0.08854636622989243,8615.630029296875,22.88446072198846
2016-11-22,0.009231779915716665,-0.013091329177352007,-0.07946003019878378,8596.816025390624,28.70061469785614
2016-11-23,0.0038738863522509437,-0.009652878843395385,-0.0775811522023242,8579.123017578126,31.071601929295582
2016-11-24,-0.008439844937436325,-0.014164715443282905,-0.08350877555691416,8559.383017578126,28.81471794494199
2016-11-25,0.018680535394827613,0.004978846750106403,-0.058146913358579244,8544.335009765626,39.24479839714273
2016-11-28,0.001552826240037497,0.024946059735828863,-0.05668437917138214,8532.561015625,40.04587263940728
2016-11-29,0.0018764842908427504,0.01747623821521027,-0.057403345410540596,8520.872021484374,41.058824279431484
2016-11-30,0.01011404833415619,0.02380095352608813,-0.04657296044051584,8510.511025390624,46.33190880597724
2016-12-01,-0.00384213136056899,0.028548162780114295,-0.03771430695031708,8498.772041015625,44.680090549076674
2016-12-02,-0.012950308300941793,-0.003389078621930386,-0.04692430497057698,8484.340029296874,39.577911514491205
2016-12-05,0.00518749027126697,0.00022765109432643094,-0.03616422113531936,8471.397021484376,42.3795936086777
2016-12-06,0.0017714780678148578,0.00012281768476318788,-0.04164973849494402,8458.71701171875,43.35061448786487
2016-12-07,-0.005047198952388254,-0.01488846681409206,-0.05167641204101914,8443.40900390625,41.215688607913336
2016-12-08,0.017871996368588716,0.006584874242061334,-0.021958063404293182,8431.715,50.47038725916259
2016-12-09,0.0018067979083868924,0.02163404554804127,-0.030965017740374745,8422.48900390625,51.3197015661868
2016-12-12,-0.011008587201561393,0.0051729730508995875,-0.015127225745758532,8411.7769921875,46.12102150499617
2016-12-13,0.006241739024219095,0.00965841268881884,0.0139791953634405,8401.30998046875,49.226963422598
2016-12-14,-0.004786009184091999,0.009923462896819446,0.0087344169834902,8393.133984375,46.976808511278804
2016-12-15,-0.003525850688682164,-0.01130728898132738,0.009115143108985757,8383.982978515625,45.340419878153696
2016-12-16,-0.001735417750965862,-0.01480313549641421,0.008093793347350164,8372.009990234375,44.521273783212735
2016-12-19,-0.004312342580149231,-0.008132582931860366,0.02210212985604776,8358.713984375,42.471468218624636
2016-12-20,-0.0027084460873485483,-0.01695491323740017,0.01000963468143623,8345.482978515625,41.19416063066204
2016-12-21,-0.0026106228238139684,-0.01480612624986144,0.0034854917257864937,8332.517978515625,39.95036305027079
2016-12-22,-0.010196830414798908,-0.0214015892256183,0.001707375262852251,8318.14798828125,35.45869837486366
2016-12-23,0.0008334150796909245,-0.01888336332606544,-0.015842377997080992,8303.6869921875,36.08476516405478
2016-12-26,-0.009704786651222541,-0.024196893679724107,-0.026904466029007312,8290.385,32.16839721376573
2016-12-27,0.01575571051196545,-0.006130580679772013,-0.013423948956778342,8279.373994140626,42.89859573244369
2016-12-28,0.00024897763255693484,-0.0032810722429489347,-0.023059140658246657,8269.66298828125,43.05431158275782
2016-12-29,0.008556475748073389,0.015603263334993178,-0.010899716670659698,8258.176982421875,48.275940728223965
2016-12-30,0.01014360358861044,0.02505084740788277,0.01224217272481698,8248.710986328126,53.737948509008994
2017-01-02,-0.0007696016073948098,0.034299623810577495,0.006243272335844985,8238.312978515625,53.2736326427055
2017-01-03,0.0015587749862460143,0.019843505157684627,0.006029619771842576,8228.296982421874,54.137326033963674
2017-01-04,-0.00021361652781592966,0.019371848939553127,0.010917014514194578,8217.927978515625,53.989815861412545
2017-01-05,0.01017029542610337,0.021002974601433744,0.0032679382538833845,8209.577978515625,59.628647032818115
2017-01-06,-0.0036259035398709116,0.007085440810168153,-0.0021726868172602387,8202.148974609376,56.92291842424989
2017-01-09,-0.0009401004613908137,0.006913601648939505,0.007985754339809858,8194.564970703124,56.2132861103174
2017-01-10,0.0063804622280927425,0.011761068006347353,0.008124717978345242,8187.576962890625,59.86674863937658
2017-01-11,0.01110570972035907,0.023215968576399515,0.024222597214956787,8182.664970703125,65.32463404749024
2017-01-12,0.003167988574872327,0.016123231619578515,0.03110283735023356,8180.528974609375,66.73000613584469
2017-01-13,-0.0008148474852923693,0.01899000562804609,0.03205369008987269,8178.836962890625,65.98685224811774
2017-01-16,0.0014821044232022906,0.021460530738826256,0.03805977077920808,8178.417958984375,66.71241177500049
2017-01-17,-0.0017592008642893786,0.013198899184520885,0.03904782013628538,8176.436962890625,64.93905272556549
2017-01-18,0.002262443438914019,0.004337325587004948,0.04412442210692458,8173.905966796875,66.1819104175672
2017-01-19,0.0021503634757038537,0.0033185142989762273,0.05714924065844129,8173.967958984375,67.36859108940948
2017-01-20,-0.010165855054597661,-0.00607117588809436,0.045531053360673646,8170.439951171875,57.13882478877794
2017-01-23,0.005048344194100052,-0.002531833061762856,0.06110707172889063,8172.343955078125,60.327769736864894
2017-01-24,0.010045856484240057,0.009264087245475006,0.05514228469923643,8179.690947265625,65.80711145315638
2017-01-25,0.014977960574563243,0.022068432933349147,0.07067958897072701,8189.5139453125,72.06445979066567
2017-01-27,0.00447531312661642,0.02443959172644261,0.06634704277907932,8200.73994140625,73.63994008009988
2017-01-30,-0.0009836539852451365,0.0339428103845103,0.0546006750686181,8211.912939453125,72.66556219685856
2017-01-31,-0.008276643631809133,0.02023473809062737,0.04667764590592327,8224.55693359375,64.89273124472363
2017-02-01,0.01811647640847469,0.02838677074515572,0.06398124942781291,8238.8389453125,71.91554675338402
2017-02-02,0.002047818890261066,0.015285809770131609,0.06638788840730103,8252.85794921875,72.5949761924598
2017-02-03,0.0007671174184962215,0.011537705229278217,0.05646140850064296,8268.366953125,72.86039115420881
2017-02-06,0.006875638006406781,0.019495503134864256,0.06759625575613115,8282.101953125,75.18220442956206
2017-02-07,-0.0037211469911869743,0.024178571563007623,0.0646244270763241,8294.929951171875,71.58811427255483
2017-02-08,8.55353964515082e-05,0.00604027026100451,0.05796518325834876,8307.46794921875,71.62157203457876
2017-02-09,0.0010663168924529565,0.005054857672381674,0.04746051695998954,8318.54595703125,72.06327925758384
2017-02-10,0.0017257602055471555,0.006017607719948748,0.04595461038151716,8330.5589453125,72.80190815814076
2017-02-13,0.001307776751758416,0.0004544912355648467,0.048176589562515915,8344.9239453125,73.37733366229367
2017-02-14,-0.0014480326951941125,0.002737132686449595,0.04510983368325827,8358.19494140625,71.56943011134699
2017-02-15,-0.007688501401983627,-0.005057515963849735,0.03890214280929993,8369.825947265625,62.74278245658357
2017-02-16,0.006109070053333943,-4.561088662891066e-05,0.04288939051918739,8383.344951171875,66.27454991330531
2017-02-17,0.004978377228582742,0.0032012544706341295,0.04583236758790865,8394.841962890625,68.87934107953859
2017-02-20,0.0065180179247708026,0.008421348234228576,0.06346010296928539,8407.190966796876,71.94927098053758
2017-02-21,0.003226575978951818,0.01314215930465612,0.06153245657808504,8421.931962890625,73.35939201207707
2017-02-22,0.0021386509747480797,0.023175603835778213,0.05322218508370402,8436.033974609374,74.28510986597593
2017-02-23,0.0014114204061503877,0.018398268398268414,0.039144459620470196,8451.174970703125,74.90616550741282
2017-02-27,-0.004787717958219084,0.008501762510570554,0.029561717958918043,8466.03697265625,68.82532646870324
2017-02-28,-0.0019221268068030373,4.4983112635677e-05,0.028594550910775896,8480.8399609375,66.50239128818376
2017-03-01,0.007455313102474381,0.004260309387414951,0.04491140466655286,8497.668955078125,70.63439519808531
2017-03-02,-0.0051476453411544165,-0.0030414129694460446,0.02103501458838486,8514.01595703125,64.65947262445854
2017-03-03,-0.0002472199008398679,-0.0046926780370826204,0.018696488500729913,8530.74095703125,64.379264844078
2017-03-06,0.00740657732427441,0.007502781765667432,0.025454898498256995,8550.427958984375,68.74783732135184
2017-03-07,-0.0018463654426456033,0.007579258548881418,0.016571953252647154,8569.650966796875,66.54077749668448
2017-03-08,-0.0025260799775062015,-0.002403362524246777,0.01779136246192259,8589.971962890624,63.540791719095665
2017-03-09,0.0003025666294942386,0.003061883760779871,0.018012236083785105,8607.8549609375,63.751066275064225
2017-03-10,0.0008457269729471584,0.004158448203404053,0.01778791204708119,8625.848955078125,64.36982686468366
2017-03-14,0.017062996865551794,0.013783733048699398,0.033371073324230505,8645.516953125,74.01527621737185
2017-03-15,-0.0002421255983823256,0.015413093701925895,0.031771540900435546,8663.496953125,73.70516292901735
2017-03-16,0.0075841396735512046,0.025705141652066388,0.04110419328880521,8682.98095703125,76.9606394372263
2017-03-17,0.0006936658662091144,0.02610617281141492,0.049898517958118394,8702.336953125,77.24029325420562
2017-03-20,-0.0036244557639315556,0.021523166683408146,0.039741354451469535,8721.0639453125,72.29878375225977
2017-03-21,-0.0005861397529225432,0.0037966325519973587,0.03398435653558041,8738.01794921875,71.50497099940091
2017-03-22,-0.009981889457600146,-0.005982477384582241,0.01703419189487887,8753.75095703125,59.52563496277011
2017-03-23,0.006184587497530369,-0.00736318528976021,0.02003291514089911,8770.75595703125,63.55854075317436
2017-03-24,0.002388232369495924,-0.005682262192599041,0.020286953080062453,8787.14396484375,65.01709339902558
2017-03-27,-0.006895015885759803,-0.008946067652810918,0.011823949360982189,8800.4349609375,57.80633242194789
2017-03-28,0.006146863328001739,-0.00226938500383711,0.02294104610634573,8814.306953125,61.841343703595065
2017-03-29,0.004724859454424246,0.012551933394620463,0.02975361580870839,8829.17595703125,64.65641545316525
2017-03-30,0.003275464899958447,0.009624401262589455,0.025481253805060167,8844.3949609375,66.5096563916828
2017-03-31,0.0,0.007218928414580494,0.030787381668024416,8859.9099609375,66.5096563916828
2017-04-03,0.006987285393105225,0.021298524068305014,0.03824646247085006,8876.326953125,70.3664788025517
2017-04-05,0.002955317785461098,0.01805891673969673,0.03365893587162194,8892.92796875,71.85324522289918
2017-04-06,-0.00034540133484917135,0.012921366734695017,0.035213290741185066,8911.17998046875,71.40102495470873
2017-04-07,-0.006872244968150865,0.002676092621610504,0.030702688837961345,8927.3159765625,62.919083071226034
2017-04-10,-0.0018318178068531532,0.0008393727006403839,0.02850343848017256,8941.428984375,60.85806209209449
2017-04-11,0.006050221207523521,-9.197047050191198e-05,0.033851755480037715,8954.113984375,64.93598535561071
2017-04-12,-0.003632110499891761,-0.006659384112634781,0.01281503194811262,8965.35798828125,60.81501325307219
2017-04-13,-0.005720723153564311,-0.012000754515096967,0.007264882156890806,8975.718984375,54.92421214006435
2017-04-17,-0.0012567207506942735,-0.006414228852372639,-0.0015731770014025814,8987.278984375,53.700655529489545
2017-04-18,-0.003736545992832463,-0.008310212772972836,-0.005993353227665477,8995.053984375,50.12938532264211
2017-04-19,-0.00018125901870869043,-0.014452744397531636,-0.0025583427331831166,9002.438984375,49.95647414155559
2017-04-20,0.003614037526775471,-0.007285290110186082,0.0016335460861700568,9010.34798828125,53.40674166287
2017-04-21,-0.0018606890321317682,-0.0034313300184335427,0.00985002888988551,9016.715,51.433485902211366
2017-04-24,0.010806610135114969,0.008605734827153988,0.014488889146832218,9025.7080078125,60.53631625235049
2017-04-25,0.00961704198701141,0.022124754683614967,0.021804963699495028,9036.45900390625,66.60064079889085
2017-04-26,0.004862141050359314,0.027280673298731184,0.03390189353922923,9047.92798828125,69.2021900135866
2017-04-27,-0.001037144431864756,0.022519809903594368,0.026519711576689087,9058.9,67.9798916408368
2017-04-28,-0.004078352878555069,0.02024797751531171,0.017525536803403075,9068.88,63.253582685745435
2017-05-02,0.0010479307618374012,0.010398147890161136,0.015266363775718661,9079.31,63.9444137305873
2017-05-03,-0.00019858805361794296,0.0005749238349213037,0.015064744004632757,9091.055,63.69975838250522
2017-05-04,0.005149318274558334,0.0008608758252408588,0.013212033796927924,9102.6930078125,67.20308146628929
2017-05-05,-0.007970232889681239,-0.006085385437013535,0.002174753049112743,9111.965,57.848964319395485
2017-05-08,0.0030962920535411165,0.0010748007813716765,0.005625123033091706,9120.6619921875,60.15099643075244
2017-05-09,0.0003006001413146109,0.00032745010108170547,0.012888230129994849,9128.8419921875,60.37793837287237
2017-05-10,0.009708238203339103,0.010239488761763171,0.024598468060122558,9138.44998046875,66.93025156706786
2017-05-11,0.0016051987553300506,0.006677421488651802,0.020071494059218375,9148.10798828125,67.88509719647533
2017-05-12,-0.002281796475279485,0.012449849586885886,0.02145393207137314,9158.1919921875,65.00708703376827
2017-05-15,0.004733589140501593,0.014102413954389048,0.03219397126211754,9169.5080078125,68.02835404375247
2017-05-16,0.007077477566896029,0.02097279647278838,0.040807305076173916,9180.83701171875,71.94680874687974
2017-05-17,0.0014192225814082526,0.012591306514275091,0.04619359278327395,9193.35701171875,72.6751374075723
2017-05-18,-0.010109419697924005,0.0007481962552253751,0.03580493165403409,9203.99501953125,60.59067721178628
2017-05-19,-0.00016435790585866972,0.002872065321203321,0.03190534428625891,9213.2840234375,60.416563225718704
2017-05-22,0.001097763971423804,-0.0007570235595408814,0.03496387873294671,9223.111015625,61.218036991047036
2017-05-23,-0.00552004973114717,-0.013256549120870487,0.01824702799956901,9232.34802734375,55.16297385724797
2017-05-24,-0.0027274851639997877,-0.017342486976091087,0.005796982526051098,9241.0190234375,52.4193112267729
2017-05-25,0.015939255537936958,0.008515852252702683,0.016884402254149666,9252.52302734375,63.73885096380649
2017-05-26,0.008974958266515953,0.01773451265100978,0.02707612360895406,9262.68501953125,68.37395752679119
2017-05-29,0.00102143611312,0.017656916337774442,0.03233544448417791,9273.08703125,68.86610522277172
2017-05-30,0.0020457696866569286,0.025399061824176172,0.03336447062600634,9282.5040234375,69.87816377939487
2017-05-31,-0.0003428528870922376,0.02785094900963503,0.03321536286171267,9291.72802734375,69.46975855287704
2017-06-01,-0.0005353140834091219,0.011183218210257806,0.02737200269851292,9301.51302734375,68.79392998769447
2017-06-02,0.00388935141525959,0.006086480912396164,0.03965409874289905,9312.15302734375,71.0001893686767
2017-06-05,0.002237489964779682,0.007308687846312223,0.03876399764426797,9325.046015625,72.22164704961318
2017-06-06,-0.003922359487981697,0.0013092130222405185,0.0343786574517313,9336.06302734375,66.89085619825714
2017-06-07,0.002775716774745085,0.004432936533714349,0.027276752231244927,9347.18103515625,68.64757030193687
2017-06-08,-0.0017229472523487832,0.0032393997452595524,0.02386330447162055,9359.22203125,66.28988557055231
2017-06-09,0.0021767861307626646,0.0015279432330241871,0.028438723767524765,9370.57103515625,67.79233331135148
2017-06-12,-0.005362874292141773,-0.006067040249706723,0.018104049900280028,9380.023046875,60.6095748358238
2017-06-13,-0.0009878956380873216,-0.0031388946705062093,0.00995036827511897,9388.6860546875,59.36841157839723
2017-06-14,0.0011710332721861505,-0.004734113365280734,0.009700064627457206,9397.5740625,60.40252637379002
2017-06-15,-0.0041692616884621,-0.0071730488286817495,0.015759095843029147,9404.37806640625,55.02651883333599
2017-06-16,0.001044053873587636,-0.00829521323016058,0.016986752874664557,9410.8360546875,56.076391767643585
2017-06-19,0.007248606485755094,0.004279087017073024,0.023235218889889442,9418.748046875,62.60938656906344
2017-06-20,-0.0004193408027297618,0.0048506393821334814,0.02848341420589562,9427.85205078125,62.03042066658442
2017-06-21,-0.0020614689620345183,0.0016062567253116722,0.02917027422371743,9436.8950390625,59.13653341247946
2017-06-22,-0.00037365154469337636,0.0054238802649653195,0.012644917058808103,9444.7550390625,58.603956574527075
2017-06-23,-0.005716490621754944,-0.0013662433593738532,-0.002099969242926103,9452.1850390625,51.03433810499456
2017-06-27,-0.006637089842891464,-0.015133177360531214,-0.009734614227885352,9459.39705078125,43.973150422323776
2017-06-28,-0.0021185514012070916,-0.01680737556326717,-0.013849978169636401,9466.4360546875,41.98930474751498
2017-06-29,0.0013538374160411148,-0.013442535007784251,-0.012176213134987623,9474.4150390625,43.732589655449004
2017-06-30,0.0017677404426008625,-0.011329139083592898,-0.009899982593481793,9482.763046875,46.016835656084695
2017-07-03,0.009883477981521338,0.004182768982663454,-0.003988190811622716,9492.3350390625,56.635370814736774
2017-07-04,-0.00017682738559543498,0.010713397594211083,-0.006387510948995034,9502.21302734375,56.4194320273115
2017-07-05,0.0025277277502206985,0.01541942414065578,4.661323438903686e-05,9510.606015625,58.83521235909827
2017-07-06,0.003833962481337938,0.017934386456173623,0.0011019788731299052,9517.96501953125,62.26095041849101
2017-07-07,-0.0009044348498532528,0.015219087283507182,0.0019228075034336545,9524.2440234375,60.96705408598536
2017-07-10,0.010888907501369838,0.016229828880655273,0.010632720987510558,9532.82201171875,69.24613571048332
2017-07-11,0.001535147225716127,0.01796989623851797,0.017641675384886257,9542.46201171875,70.21573342415346
2017-07-12,0.0030706776776372458,0.018521209350341072,0.021775932948586485,9552.5080078125,72.11259267583081
2017-07-13,0.007701693029408263,0.0224455292503416,0.02844099890080054,9564.1030078125,76.21645655755268
2017-07-14,-0.0005409167111671831,0.02281754320843099,0.032188160531031906,9574.6319921875,75.37107959395627
2017-07-17,0.0029940865038224906,0.014829562178209965,0.034198861844114914,9587.245,76.89773118894732
2017-07-18,-0.008955249163058343,0.00419991587594537,0.01756145082008076,9597.50701171875,64.06764172116984
2017-07-19,0.007372352703497453,0.008506433647051947,0.025493303918268095,9609.16201171875,68.66171357435846
2017-07-20,-0.002656653372384299,-0.0018601848278538835,0.024881685458386205,9618.48201171875,65.39321534540404
2017-07-21,0.004248852576378193,0.00292326204988691,0.02962097611630332,9628.33900390625,68.00914249257693
2017-07-24,0.005158759549683589,0.005087782241619987,0.04088273957854516,9639.64900390625,70.89776256577613
2017-07-25,-0.00018568247962835738,0.013981613041515795,0.047642765045318836,9650.0319921875,70.64921080465612
2017-07-26,0.0056300171143817135,0.0122278461782801,0.055777731133939135,9660.2,73.66350174281403
2017-07-27,-1.0037865166290239e-05,0.014913960166599072,0.054339728805353094,9670.09599609375,73.64889725981516
2017-07-28,-0.0006037397952625145,0.010009833337535579,0.0518437951373838,9681.7969921875,72.715111447969
2017-07-31,0.006250897136651945,0.011107241773482324,0.04806028178627142,9694.7809765625,76.09283467045152
2017-08-01,0.0037263481265050746,0.015063458849579936,0.05215176850024372,9708.308984375,77.86314662166586
2017-08-02,-0.0032774628232060676,0.006072421150620011,0.046059227257500446,9722.2159765625,72.74206499164069
2017-08-03,-0.006730110536626532,-0.000688526497744868,0.035050787146002405,9735.27798828125,63.531945078951864
2017-08-04,0.0052678092346210015,0.0051825244021168615,0.04144515653461256,9746.41099609375,67.02731953841149
2017-08-07,-0.000894063384204502,-0.001954850057418578,0.029306020505609043,9755.65701171875,65.8673252125696
2017-08-08,-0.007840056363968673,-0.013455787464848767,0.01967085839965721,9763.13,56.62174151509745
2017-08-09,-0.007065154895241621,-0.01720480040792538,0.00936728425460176,9768.8,49.8801705288356
2017-08-10,-0.008861461782919355,-0.019313675141491404,-0.007223247156879942,9772.78,43.01178763288941
2017-08-11,-0.011145357329243155,-0.035325495920932815,-0.017756787047165545,9774.67400390625,36.30126947624169
2017-08-14,0.008583287433983067,-0.026174755878804246,-0.012283220698816932,9777.48701171875,43.52706580044055
2017-08-16,0.010531736796816515,-0.0081424657480621,0.00713832711153195,9781.931015625,50.94348727040182
2017-08-17,0.0006921671640436333,-0.00039356019997549563,0.0004596934653489093,9787.271015625,51.399982362733084
2017-08-18,-0.006739598791147605,0.0017464311626484985,-0.0036360097204235498,9790.741015625,46.82753252812555
2017-08-21,-0.008442350412935062,0.004484677427545991,-0.016227567698746892,9792.8830078125,41.840317573715005
2017-08-22,0.0011482257414410224,-0.0029201701828958093,-0.020152771117487145,9794.82900390625,42.726206593663214
2017-08-23,0.008903768559017866,-0.004526467377120591,-0.011244843659147574,9799.55099609375,49.19592647503089
2017-08-24,0.00046179189926420783,-0.004755641229164276,-0.016326344055527575,9804.553984375,49.51727711971459
2017-08-28,0.005655850493267112,0.00766456696571538,-0.010752902994364266,9810.44697265625,53.40633423170794
2017-08-29,-0.011777701789638884,0.0042750359565153495,-0.021813390115582365,9814.80697265625,45.501016195999576
2017-08-30,0.009019001301445284,0.012170393712031657,-0.01912248823765983,9820.733984375,51.367650976247326
2017-08-31,0.0033891787742403867,0.006637948807409311,-0.019451982263505863,9825.94099609375,53.41533833928019
2017-09-01,0.00569677026131532,0.01190524429344908,-0.010623380387343118,9832.35900390625,56.72485986346418
2017-09-04,-0.006170875324781666,5.024280574694728e-06,-0.010066337181530938,9837.94400390625,52.36072910079637
2017-09-05,0.003969654285916446,0.01594013849850784,-0.011344690344212482,9844.3880078125,54.75722072926021
2017-09-06,-0.0036172905783141696,0.0032171708379662434,-0.01403943263948404,9851.2130078125,52.171508525523734
2017-09-07,0.0013815972895521167,0.0012099335068280759,-0.004875399232827093,9859.5830078125,53.079558641355725
2017-09-08,0.0004934001218306339,-0.003970222207514418,0.0026998249430825183,9868.45400390625,53.42014195354592
2017-09-11,0.007171760015373785,0.009401957962154261,0.018920068703699,9878.4930078125,58.17485330094703
2017-09-12,0.008694739852208588,0.014152610137539323,0.03936339000784295,9889.93599609375,63.12458822824217
2017-09-13,-0.0013623236054590704,0.01644779312262168,0.029114257254559517,9899.2219921875,61.87820863349489
2017-09-14,0.0007242372812548137,0.015780542864049618,0.0191264090633938,9908.68798828125,62.30375132045242
2017-09-15,-0.00011889227256378643,0.015158894884468976,0.018300408702554227,9917.64400390625,62.180951128623136
2017-09-18,0.006712596042585561,0.014696089621561992,0.03209173218677375,9927.215,66.22777624686735
2017-09-19,-0.0005466118624873895,0.0053997553816378385,0.040310242205650715,9936.85,65.60799373493799
2017-09-20,-0.0006306363787978997,0.006136397084719691,0.03846179615583045,9944.25201171875,64.85431679254717
2017-09-21,-0.0018982067377479872,0.0034997702513333007,0.02734335352702355,9950.9690234375,62.52743515778941
2017-09-22,-0.01556031910231781,-0.011997540535175655,0.010890741962818362,9953.9350390625,47.50844515818149
2017-09-25,-0.009212875602266135,-0.027627031231033827,-0.0040553825462600335,9953.55302734375,41.283978322096715
2017-09-26,-0.00011137992205778602,-0.02720359200010858,0.007702104094692963,9953.25603515625,41.214322688444305
2017-09-27,-0.013751709466646389,-0.03997577937506702,-0.015038888020561081,9949.65203125,33.663133757414826
2017-09-28,0.003410132276660871,-0.03486995343674848,-0.015018319346431053,9948.48802734375,36.71693091408478
2017-09-29,0.002011415113154058,-0.017642886110377676,-0.018627764474407393,9946.26802734375,38.52080837606712
2017-10-03,0.007243159742390093,-0.0013268652526494673,-0.005381864093302213,9945.99203125,44.65149479028201
2017-10-04,0.005618985813175215,0.004396534531226237,-0.003747895335251439,9945.9850390625,48.93640042685276
2017-10-05,-0.0026425071639926134,0.01571016052307228,-0.0027732396944748494,9944.43103515625,47.0800964506179
2017-10-06,0.009202422785872022,0.021573454238831724,0.005015136378861973,9944.73404296875,53.655691066234155
2017-10-09,0.0009068212982741297,0.020447295692154643,0.0054304260149302674,9944.09603515625,54.264321425405804
2017-10-10,0.0028231956263296,0.015969389453065475,0.0010893800088715988,9944.02404296875,56.19486588915506
2017-10-11,-0.0032095987299651796,0.0070499360869620276,-0.010725202202977901,9943.4300390625,53.42603490498419
2017-10-12,0.011177047924897598,0.02100379131839336,0.0016966045527833096,9943.8160546875,60.670173376780255
2017-10-13,0.007037142143597297,0.018813190409085356,0.008015643434716502,9944.87205078125,64.4601790684261
2017-10-16,0.006235527378509298,0.024237227818796114,0.014421759485642616,9947.85904296875,67.47233695191002
2017-10-17,0.00035193420634405115,0.021713195709187172,0.008012389227658456,9952.2750390625,67.64007924135569
2017-10-18,-0.0023059945074831445,0.02263939278796334,0.006237939788998004,9955.1640234375,65.26433382007372
2017-10-19,-0.006297204164917303,0.004967058765722676,0.0005324261897832194,9956.94701171875,59.166911901016555
2017-10-23,0.00377466285828576,0.0017112858905885542,0.006219110672962547,9961.0730078125,61.47566292620572
2017-10-24,0.0022435859942857572,-0.0022627069057185034,0.024416903692108693,9967.066015625,62.82614235140283
2017-10-25,0.008586597606260904,0.005950433379449338,0.04282053529230101,9976.5680078125,67.52827160895544
2017-10-26,0.004706027201677676,0.01302048315259019,0.04784478596844455,9989.2280078125,69.80213499876021
2017-10-27,-0.002006032637116295,0.017395075508175317,0.0603240433133041,9999.80599609375,67.61824816021712
2017-10-30,0.00393300300838062,0.01755556420640869,0.060876571527394896,10009.1330078125,69.6210287385745
2017-10-31,-0.002735579151063039,0.012500328862871113,0.055850705629935105,10017.75599609375,66.526856705162
2017-11-01,0.010178727013297362,0.0140986363875224,0.058927937522186724,10029.81798828125,71.57511854703996
2017-11-02,-0.0015995589591015769,0.00773410173346023,0.05132672987251463,10043.2069921875,69.77607530739547
2017-11-03,0.0027533333189682097,0.012539917733780381,0.05701455131127897,10056.94599609375,71.11955584360297
2017-11-06,-6.698831021290097e-05,0.00850563370434032,0.04730599117564149,10068.9319921875,71.03659337297398
2017-11-07,-0.009725541625559164,0.001436880034265231,0.03618074239769742,10078.79400390625,60.079629047802584
2017-11-08,-0.004540996818999998,-0.013155462801111018,0.02857159012794419,10086.601015625,55.79437842418024
2017-11-09,0.0005629156585715833,-0.011018017568157124,0.03246438556262521,10096.8590234375,56.20945623390329
2017-11-10,0.0012416205767800115,-0.012508969146137305,0.022319797220428095,10105.606015625,57.16537640806551
2017-11-13,-0.009378235734008311,-0.02170435844678742,0.005655301859900819,10111.74701171875,48.53630906681197
2017-11-14,-0.0037506868204679744,-0.015801778242579112,-0.004325153989112707,10115.99099609375,45.599516739525335
2017-11-15,-0.00672940994209803,-0.017965435708472866,-0.011373389718415283,10120.095,40.84247028406731
2017-11-16,0.009557197007243445,-0.009137709808253125,0.00038198492527197203,10125.34599609375,48.93535385170642
2017-11-17,0.006740214824151325,-0.0036961165136726315,0.013507035132689804,10132.693984375,53.78323150014502
2017-11-20,0.0014732575363192169,0.0072176199666313945,0.011183315904847113,10140.0709765625,54.800125273522525
2017-11-21,0.0027333793542905216,0.013773073118617196,0.011677478083382375,10147.91298828125,56.70622973885476
2017-11-22,0.00149119420929833,0.022163361945116034,0.004560330352428865,10154.63798828125,57.755728067828954
2017-11-23,0.0006236712756650942,0.013118284833206983,0.0004785664268420753,10159.7519921875,58.21266303147438
2017-11-24,0.003957018510689636,0.010317455946142973,0.00645646314665016,10165.96,61.09015337851665
2017-11-27,0.000948016707878141,0.009787576617307892,0.0034639738614663518,10172.21900390625,61.7720181672485
2017-11-28,-0.0028174108723719726,0.0041977367588781345,0.003381633428441777,10177.91599609375,58.488498518699885
2017-11-29,-0.0008630645657047298,0.0018371155699226094,-0.007585862297064372,10182.08,57.48332240212732
2017-11-30,-0.013005125084696312,-0.011808208267906739,-0.018923041855744227,10183.66,44.95640513149011
2017-12-01,-0.010242946252702612,-0.02578518971566357,-0.03163838271346564,10183.27298828125,38.02013573810052
2017-12-04,0.0005878594150563465,-0.02613572796824226,-0.0310042108290447,10183.38998046875,38.599653922535644
2017-12-05,-0.0009380168349337747,-0.024300282056845313,-0.022405509279850855,10186.46697265625,37.98892218897478
2017-12-06,-0.007328380957675518,-0.030613938530086426,-0.02514287100824175,10189.89697265625,33.52958986971795
2017-12-07,0.012206229598028528,-0.0058523754851872445,-0.013798689226831362,10195.8009765625,45.02100357478232
2017-12-08,0.009732773998600175,0.014211957232238559,-0.005435087012861217,10206.398984375,52.20313441276007
2017-12-11,0.0055134947345070184,0.019204660462590395,0.009515919669917494,10217.46498046875,55.76292438393563
2017-12-12,-0.007953654423696332,0.012047576470733512,0.005256983027065898,10226.49599609375,49.95146115169536
2017-12-13,-0.004609326378225087,0.01481970427678414,0.007402650913054476,10233.165,46.92371323908194
2017-12-14,0.005802972930222028,0.008399914664728225,0.003656438911867621,10239.908984375,50.93714316055166
2017-12-15,0.007915489872025061,0.0065850293749274424,0.004828113939766343,10248.79998046875,55.86770608203177
2017-12-18,0.005371011056540809,0.00644239385792833,0.008738924626775058,10256.9809765625,58.90912415778094
2017-12-19,0.007166424768379365,0.021781887587481563,0.013198520323797869,10266.46998046875,62.62965001876977
2017-12-20,-0.001815888030940238,0.024649389547252376,0.00985277864202061,10275.01498046875,61.10897513674368
2017-12-21,-0.00037345038892977467,0.01835723436986525,0.008846460170310433,10284.12498046875,60.78270629088275
2017-12-22,0.0050477664720738336,0.015459802095178166,0.009942520260026955,10292.05697265625,63.609822041271464
2017-12-26,0.003669112741827796,0.01374082541210453,0.012688068021273757,10299.33796875,65.56292617475324
2017-12-27,-0.003869344347908643,0.0026330189782513003,0.011619777729563019,10304.5359765625,61.78317665137953
2017-12-28,-0.0012248513571480046,0.0032266899027486584,0.011253470909581287,10309.40498046875,60.59685683233349
2017-12-29,0.005039158869532878,0.008658792593715825,0.029741251588643047,10315.8019921875,63.68268905741596
2018-01-02,-0.008403999578242116,-0.004841304173020089,0.03165448801670823,10321.715,55.79527716830791
2018-01-03,9.576525840304662e-05,-0.008384352151877716,0.031147115135395254,10326.88201171875,55.86179975994045
2018-01-04,0.0058985376343401175,0.0013392564580703148,0.03820322730585812,10332.82400390625,59.86817849500094
2018-01-05,0.005145248428569005,0.007725709897226096,0.05124899393864446,10338.09400390625,63.03839590395579
2018-01-08,0.006132296831134809,0.008821769905086763,0.044940777763188056,10343.69,66.45688281361237
2018-01-09,0.0012613794869653638,0.018655053632753216,0.036173997286536475,10349.96900390625,67.13434914491502
2018-01-10,-0.0004512366915013777,0.018097900688031743,0.030027386985637783,10355.34,66.61537044358445
2018-01-11,0.0017870242895141608,0.013936523622246622,0.0401409929549299,10361.6580078125,67.68045647541172
2018-01-12,0.00282125996474325,0.0115922089198357,0.04790564020533106,10366.4730078125,69.3461528886389
2018-01-15,0.005645388385020489,0.01110265819961942,0.04774145920947981,10372.8280078125,72.41810008141583
2018-01-16,-0.003826227138756466,0.005965046094998483,0.03553578935112389,10377.78701171875,67.45610327160728
2018-01-17,0.008233261943837888,0.014705292084693067,0.03848391815064378,10384.52201171875,71.90064225228511
2018-01-18,0.002637073177355065,0.015566302543113197,0.03381372793058102,10393.85900390625,73.17472406750757
2018-01-19,0.007183155709762357,0.019983634435342346,0.04313398743564778,10405.69,76.33117577778191
2018-01-22,0.006562824007838586,0.02091415063094204,0.05037215410125295,10418.835,78.80290000718247
2018-01-23,0.010714741469905364,0.03581625006468303,0.05629469125250175,10434.07400390625,82.10937569976815
2018-01-24,0.00020749430668232094,0.027570915525946038,0.05265156910221713,10451.295,82.16800659861046
2018-01-25,-0.001474797886974577,0.02335678937089769,0.055181983235230936,10468.956015625,80.15686391509533
2018-01-29,0.005487978197707966,0.021634390216071386,0.06227392661451692,10489.20302734375,81.92695289201946
2018-01-30,-0.0072549052294663685,0.007609763986268447,0.04927974262751289,10505.90103515625,72.65007602939905
2018-01-31,-0.001986505865481769,-0.005052464340715712,0.056070558794958814,10520.783046875,70.3191466146862
2018-02-01,-0.000979334267002474,-0.006233051540230905,0.054935286558042806,10535.1460546875,69.14368682300272
2018-02-02,-0.023264327729431322,-0.027918748139664662,0.024350754840026134,10543.8200390625,48.44636691215277
2018-02-05,-0.00874020111347329,-0.041674204849647234,0.010199993303898758,10550.3050390625,43.32176248040872
2018-02-06,-0.015778279553294694,-0.04990206668374153,-0.011799165441474524,10553.2950390625,35.98603022804238
2018-02-07,-0.0020527044686019513,-0.04996508703004199,-0.01507002018308734,10555.0350390625,35.16493859288772
2018-02-08,0.009559251691416026,-0.039943247705540474,-0.005205939026797335,10558.58103515625,41.80995610631792
2018-02-09,-0.011525115565078292,-0.028404496511161725,-0.01842515363539665,10560.2750390625,36.85821036736094
2018-02-12,0.008110971654893273,-0.01188761192787724,-0.013247513165593916,10563.84404296875,42.00402781409915
2018-02-14,-0.0036860086221209842,0.00025246023146707763,-0.022403602686595803,10569.3310546875,40.38040679251504
2018-02-15,0.004247217640005241,0.006566934569558702,-0.014480717398262177,10577.80505859375,43.09958842459165
2018-02-16,-0.00883791146104973,-0.011775699692004982,-0.03116730293573866,10584.2960546875,39.08760842509436
2018-02-19,-0.0070701582851038225,-0.007321871769587318,-0.04054725056623831,10589.4990625,36.209439410426924
2018-02-20,-0.001734371321447492,-0.017016495588130676,-0.04904217602218974,10595.825078125,35.52330879359883
2018-02-21,0.003576097765586983,-0.009851554768089965,-0.0518639081787976,10600.440078125,38.122371512016514
2018-02-22,-0.0014186170381128571,-0.015437845971030262,-0.06324602683645897,10602.78107421875,37.47471734531016
2018-02-23,0.010435590678416817,0.0037073180758384616,-0.053666804556422476,10606.1570703125,44.88226764480921
2018-02-26,0.008726467454819975,0.01967540382566635,-0.04399875010167331,10613.0060546875,50.24593984227534
2018-02-27,-0.0026741826897078713,0.018715436349154624,-0.05175919694881259,10620.233046875,48.669285270952415
2018-02-28,-0.005822290104475547,0.00917527011627417,-0.050390805280356554,10625.048046875,45.34220892464332
2018-03-01,-0.0032879533476946055,0.0072861021352281785,-0.05162913171864347,10627.5500390625,43.542502390458615
2018-03-05,-0.009513929416818057,-0.012601236079675449,-0.05973102759556381,10626.95203125,38.76376033946937
2018-03-06,-0.010580287725753812,-0.03149978471071413,-0.047520549777681054,10622.67302734375,34.29850768215384
2018-03-07,-0.00927383024977435,-0.03790868335929809,-0.04803330212266421,10616.87302734375,30.966962885604573
2018-03-08,0.008710700361544088,-0.023844735039989073,-0.024346877753435137,10612.9200390625,37.09071282098685
2018-03-09,-0.001542645765246653,-0.02213542371852628,-0.02384821377720525,10607.59703125,36.46835367946555
2018-03-12,0.019023530088059015,0.006038390710237707,-0.01469711913197802,10605.3950390625,48.03104603125763
2018-03-13,0.0005228873803659884,0.017328059065297552,-0.002687778077613334,10604.11703125,48.31478639622233
2018-03-14,-0.001529629691374823,0.025280198378499597,-0.012225110593230393,10602.77703125,47.497382542845486
2018-03-15,-0.004874698450260895,0.011471640202378452,-0.013403612525042075,10599.36603515625,44.89463311866705
2018-03-16,-0.01592640973139836,-0.0030996074021604203,-0.033222664584419914,10594.4250390625,37.667555773587786
2018-03-19,-0.009896900659531527,-0.031392171719964,-0.03425560033466768,10587.44603515625,34.05704364366953
2018-03-20,0.002981856935879268,-0.029011639309347692,-0.024478799399519136,10579.83703125,36.026974373426604
2018-03-21,0.003052086486265315,-0.024556030797798556,-0.019801395977962266,10571.7650390625,38.07226729275348
2018-03-22,-0.003988084980675044,-0.023686952541448147,-0.027189377203263754,10561.588046875,36.42837210300849
2018-03-23,-0.011537625281148767,-0.019332778662955796,-0.03704724044701391,10548.80904296875,32.124118548397135
2018-03-26,0.013262645068574441,0.0036060520221907755,-0.03435303623298691,10538.778046875,40.69814648158971
2018-03-27,0.005281003483202706,0.005906629418903631,-0.037651355381244755,10529.43705078125,43.783643482462686
2018-03-28,-0.006917631084606968,-0.004091460543807379,-0.04174598197213575,10518.0860546875,40.77504383494793
2018-04-02,0.009699675438319622,0.009594879229590347,-0.026784888295396048,10507.4910546875,46.307706794973534
2018-04-03,0.0032511600254110373,0.024699836481782533,-0.02039993090150194,10498.38205078125,48.07561169517824
2018-04-04,-0.011381123413860439,-0.0002220982773309954,-0.022246603381657182,10485.1790625,42.75158409566041
2018-04-05,0.019425574859986305,0.01384504299247169,0.007405458021318534,10475.3420703125,52.34229744333577
2018-04-06,0.0006246125727966678,0.02154497462397509,0.01747054525716285,10464.08005859375,52.62247725295272
2018-04-09,0.004621743176794313,0.01640747056269065,0.013346078752733748,10452.343046875,54.74392141192504
2018-04-10,0.002206341580816895,0.01534895070766229,0.01715096997849752,10438.71404296875,55.7668868481127
2018-04-11,0.0014324199692374862,0.028508944044833617,-0.0004078146737191979,10425.33705078125,56.4565645386475
2018-04-12,0.003983815001590951,0.012929593754025692,0.0030498935384477566,10413.11705078125,58.401954725742186
2018-04-13,0.002098666456015641,0.014421774520258834,0.006694831007389546,10400.12103515625,59.43423899957383
2018-04-16,0.004556037037927396,0.014355427421523403,0.016235210147355073,10389.69501953125,61.66309702818676
2018-04-17,0.001932932196645476,0.014078703675887372,0.034678233389534796,10380.11501953125,62.606097257082084
2018-04-18,-0.002132964212026689,0.010468295128544858,0.04279170768630647,10370.301015625,60.8246830543294
2018-04-19,0.0037145036812440413,0.010197244393798544,0.043553434277317615,10366.39501953125,62.80531486289348
2018-04-20,-0.00011831183431687542,0.007962349333319851,0.04025502126363212,10364.34501953125,62.69618223713506
2018-04-23,0.0019547797489403163,0.005352271536207542,0.04646186957784426,10366.0740234375,63.81482602186163
2018-04-24,0.0028011576629851653,0.006223460032703576,0.06164200186305857,10368.82701171875,65.41828406173697
2018-04-25,-0.00412647089076601,0.0042132591582999535,0.04342262313874601,10368.701015625,61.110225827630046
2018-04-26,0.0044699661676110836,0.004969097041307657,0.042580814052166405,10371.9580078125,63.87408313467372
2018-04-27,0.007016519558704637,0.012140230533852048,0.057209487942224024,10375.00900390625,67.76416118444195
2018-04-30,0.004400344691688707,0.014610656060999094,0.051660805614828,10379.77798828125,69.96389101289314
2018-05-02,-0.0019833421447520427,0.009769811540869977,0.046173724225231805,10383.228984375,67.71124150481498
2018-05-03,-0.003582686660562606,0.010321183661527122,0.05442616590377347,10387.77599609375,63.72759443656201
2018-05-04,-0.0057492884485150775,4.240005658240342e-05,0.028386957892751585,10392.57298828125,57.86527695729618
2018-05-07,0.00915875968262192,0.0021698040399436014,0.03715788504585915,10399.67498046875,63.57988310198494
2018-05-08,0.00021462411343375898,-0.002006621021880872,0.03260803499737586,10406.08197265625,63.705248020129744
2018-05-09,0.0022299717349214543,0.002206594581661392,0.032632381966641866,10413.26197265625,65.05160626291828
2018-05-10,-0.0023413789407356056,0.003455114419746552,0.02874100908939048,10417.77197265625,62.427292724226966
2018-05-11,0.00839357787271755,0.017728910131142195,0.033259512115139334,10422.24998046875,67.48026336977753
2018-05-14,9.217542682682378e-06,0.008501666686108855,0.0311050905626038,10427.2959765625,67.4854781312248
2018-05-15,-0.0004395462191344457,0.007842076379402041,0.025977480815840392,10433.4759765625,66.93427198889661
2018-05-16,-0.005624036826737067,-5.5911627263816044e-05,0.018239158427120428,10439.1309765625,60.165798107939914
2018-05-17,-0.005437005165795927,-0.00315862940889744,0.01486766326843103,10445.60798828125,54.46415684523573
2018-05-18,-0.008078463600931896,-0.019441966351270046,0.002943653896475551,10452.55099609375,47.32671512657419
2018-05-21,-0.007521440524559053,-0.02682614555377849,-0.004482145602341836,10459.80099609375,41.86958063098895
2018-05-22,0.0019017372016476575,-0.024546667806999878,-0.004534847384837337,10465.6819921875,43.62625190490051
2018-05-23,-0.010093348388598211,-0.028930929914174897,-0.01733502350793914,10469.7519921875,37.19031882605946
2018-05-24,0.008005484296034426,-0.015805983772865795,-0.005363977878175885,10471.6009765625,44.156111441044466
2018-05-25,0.00868385840031305,0.0008257521117964739,-0.0011913404184655807,10475.1669921875,50.60650759246125
2018-05-28,0.007873532851907061,0.016350204162817406,-0.0003413123583478894,10480.7219921875,55.65176930239744
2018-05-29,-0.005178444790938985,0.00916791856884891,-0.009874881491419463,10486.18498046875,51.869548630317844
2018-05-30,-0.0017821556488181178,0.017640827670303283,-0.009675285821787005,10494.56896484375,50.60158111820521
2018-05-31,0.011475105468772284,0.021143614328644977,0.005290435354475376,10507.40697265625,57.75047083978669
2018-06-01,-0.0037210912532843476,0.008585432675050741,0.007341152761754621,10518.843984375,54.941916259613755
2018-06-04,-0.006329368754912523,-0.0056275009871926684,-0.008119079837618393,10528.308984375,50.46315951437594
2018-06-05,-0.003325926459519235,-0.00377581887090217,-0.01163013084159159,10537.8769921875,48.25137532070257
2018-06-06,0.0086376570355291,0.006623183128235066,-0.005311059110772343,10551.60900390625,53.88550602137305
2018-06-07,0.007833594520176401,0.002999140062169392,0.0048336270191029485,10564.36298828125,58.35237616499701
2018-06-08,-6.493276828523076e-05,0.006679960547467445,-0.0035950223823624228,10576.03298828125,58.30156929164218
2018-06-11,0.0017923877528847054,0.01490804867220219,-0.0018182790861848153,10589.49798828125,59.35355779362674
2018-06-12,0.005182133323169635,0.023571761897290378,0.003795646253435647,10602.118984375,62.31876745964696
2018-06-13,0.0012773935299743577,0.0161025207561738,0.010762453579389764,10614.35298828125,63.038267403258125
2018-06-14,-0.0044811397339686865,0.0036867483646645383,0.011733888163406814,10627.9459765625,58.79182284062512
2018-06-15,0.000892889170515776,0.00464816397930945,0.020884432121241137,10637.79697265625,59.37640132684007
2018-06-18,-0.00165012762557748,0.0011958351368031028,0.026923788717368335,10647.16197265625,57.74461539685196
2018-06-19,-0.008277838793689818,-0.0122107581339157,0.016489982326468366,10653.783984375,50.29040981798996
2018-06-20,0.005751355755517995,-0.0077970644028236835,0.03276018619791743,10661.17998046875,54.63582118113062
2018-06-21,-0.0028731945983977436,-0.006194475092394902,0.02161434759323222,10667.65896484375,52.16826404493995
2018-06-22,0.007517852262492797,0.00038357635981611793,0.0204333942252779,10674.92294921875,57.55449826295091
2018-06-25,-0.005488841206131911,-0.0034629569313664454,0.006904501690150777,10680.5599609375,52.84078993164517
2018-06-26,0.0006225529680423669,0.00548064686750438,0.012775957457497045,10685.3759765625,53.30534858784463
2018-06-27,-0.009076853461448153,-0.009343571176091525,0.005374873011494863,10687.82998046875,46.1609915441745
2018-06-28,-0.007712275637441368,-0.014151251317633395,-0.013696788504230284,10689.08796875,41.15914275104517
2018-06-29,0.011823497741172861,-0.009938209138882215,0.0016921531987530436,10692.06796875,50.02973842890939
2018-07-02,-0.005319993003655044,-0.009770116350531155,0.002709677253375453,10693.93296875,46.58634265141208
2018-07-03,0.003997315147197256,-0.006430405137649919,0.01007726654145058,10696.23697265625,49.38997255389248
2018-07-04,0.006542116977213297,0.009230278725792518,0.00797873555832962,10699.34798828125,53.691260146852024
2018-07-05,-0.0018709913642785958,0.015171298462691718,-0.001727247911676888,10702.9319921875,52.312967689542134
2018-07-06,0.0021303184376380013,0.005446047525380138,0.0004643538579551798,10706.02900390625,53.76557215272145
2018-07-09,0.007449420253147654,0.01835367208600691,0.006113887068947443,10709.241015625,58.53253137614868
2018-07-10,0.008693492612951825,0.02311700112570403,0.009628501213807539,10713.3990234375,63.32077119614188
2018-07-11,9.589665783638068e-05,0.016564629902964922,0.008437150121779036,10718.0040234375,63.371451727560846
2018-07-12,0.006841280560560881,0.025437819048117483,0.019906495113640954,10724.87501953125,66.88690257122553
2018-07-13,-0.0003900686380828855,0.02285881292632519,0.01859916541222728,10732.88802734375,66.49237035864905
2018-07-16,-0.0074463674542162295,0.007735187436394231,0.012685361829582797,10737.31501953125,59.30379921832228
2018-07-17,0.006510119262449043,0.005553888390920081,0.0277859103910727,10743.12001953125,63.03809140753463
2018-07-18,-0.002507220612614547,0.0029365646902759224,0.01934640058332393,10747.89501953125,60.71247129880361
2018-07-19,-0.0021265599790679657,-0.005996496912539895,0.020109672925058053,10752.706015625,58.73807222760453
2018-07-20,0.00484622644956767,-0.0007895701934017563,0.017404657497211096,10756.78001953125,61.78184974145347
2018-07-23,0.006770976309698584,0.013523125571574202,0.029946694185667422,10762.34302734375,65.61665564004349
2018-07-24,0.00447008770495505,0.011468879796150633,0.03390698437830131,10768.99203125,67.92064006001112
2018-07-25,-0.0002065513528324292,0.013801784261286087,0.043162058634745204,10776.8100390625,67.69390708146784
2018-07-26,0.0031710209025781477,0.01918392665999402,0.05460333896572234,10786.50203125,69.38332456644133
2018-07-27,0.009944194803553685,0.024354635638383915,0.05264457920439458,10800.141015625,73.99122083635436
2018-07-30,0.0036530340643325943,0.02118223727982138,0.06214050576945551,10816.1980078125,75.46648758089697
2018-07-31,0.0032642813495284972,0.01995636898684494,0.06136502073891248,10832.59400390625,76.74072097076738
2018-08-01,-0.0009069523785937283,0.01924184291344777,0.05351022607313616,10850.911015625,75.56259147375775
2018-08-02,-0.008945726168478219,0.006930985285495073,0.0460429493999861,10865.52802734375,64.97629956289245
2018-08-03,0.010324829240302646,0.007310484083944635,0.05459653778185758,10880.641015625,70.13103717182923
2018-08-06,0.0023149606664707445,0.005967534562154375,0.049221793209440534,10894.61,71.16630169519914
2018-08-07,0.00020642534254866618,0.0029014392913748743,0.04039372402315644,10909.7330078125,71.26217404971814
2018-08-08,0.005316306199962151,0.009148419990895551,0.04582448455582999,10926.446015625,73.68906683725658
2018-08-09,0.001807877319869089,0.020098357099303632,0.04059619639225054,10941.13701171875,74.48244832676797
2018-08-10,-0.003591776841080363,0.006047126654247892,0.037263210921149925,10955.8030078125,69.96066981007141
2018-08-13,-0.006452600726191027,-0.002753081157662818,0.0383017418714362,10970.3480078125,62.6308835016942
2018-08-14,0.006987615029830696,0.004008043696550612,0.03879431981727155,10987.1869921875,66.67625665053049
2018-08-16,-0.004376857779749166,-0.005672506140829703,0.036847269663653925,11001.19498046875,62.1091258331962
2018-08-17,0.0075274326228431665,4.34190473574958e-06,0.046878317158449034,11015.24298828125,66.35838470626524
2018-08-20,0.007061438877143944,0.010696005949516696,0.04918619053975615,11030.92498046875,69.80506182034067
2018-08-21,0.00165779129785526,0.01894638316491637,0.04385758728207678,11046.603984375,70.57269123476996
2018-08-23,0.0010240870610727093,0.01291203362181026,0.040276461311352874,11061.4019921875,71.06290274835976
2018-08-24,-0.0022145337355118366,0.015111906196199731,0.03818717295858787,11075.40998046875,68.40643497607289
2018-08-27,0.011668203138797129,0.019283847639648632,0.046980953301242634,11093.08798828125,73.92503459827509
2018-08-28,0.003981355027167455,0.016166381717055867,0.04079944376280942,11111.503984375,75.51497385693457
2018-08-29,-0.003969809547642367,0.010457267448092278,0.032894469511791646,11129.345,70.85708450692519
2018-08-30,-0.0012915424723947133,0.00811981651054361,0.028204094984149997,11148.6719921875,69.36399314079134
2018-08-31,0.00031688436681198695,0.010677453236182188,0.029463591240493914,11166.84099609375,69.53340451464318
2018-09-03,-0.00840292715423141,-0.009374020938050287,0.030027426983180394,11183.66599609375,60.047902599623185
2018-09-04,-0.00535727264157837,-0.018588422312263098,0.014039504501627498,11197.635,54.944883984014766
2018-09-05,-0.0037628889968090995,-0.018384538708938636,0.007890559406675157,11211.925,51.642939857322574
2018-09-06,0.005223530144531363,-0.011980972218633035,0.012946208358080913,11227.28,55.61544465281381
2018-09-07,0.0045245444601755835,-0.007825040933607252,0.012148437500000053,11245.633984375,58.78988011494202
2018-09-10,-0.013029485041085365,-0.01245429510116336,-0.002842074623380153,11262.613984375,48.07773886766385
2018-09-11,-0.013166488710376734,-0.020207790477186682,-0.012423990550767705,11274.07798828125,40.208644855985966
2018-09-12,0.0073001453488372725,-0.009327373811487183,0.0012460991678224786,11288.33,45.46788663686224
2018-09-14,0.012779338401883056,-0.0018809380836930512,0.007004800016943369,11304.63599609375,53.272905561857485
2018-09-17,-0.011936413868727347,-0.01823693095225698,-0.0006411745941150571,11316.79298828125,46.493673410402245
2018-09-18,-0.008687975159851424,-0.013918327710620404,-0.01672511469389537,11327.37599609375,42.32248714936783
2018-09-19,-0.003949922395540484,-0.004708783222591384,-0.027476390211439772,11336.60998046875,40.55648557236759
2018-09-21,-0.00812241056873042,-0.019947473017178585,-0.03697212548788453,11342.41396484375,37.138238587456364
2018-09-24,-0.015767535507102526,-0.04757188719224292,-0.053126382713517994,11342.81697265625,31.613222640705658
2018-09-25,0.009122472156029238,-0.027272510354639512,-0.0423678457928407,11345.19998046875,37.33062426435467
2018-09-26,-0.0012333817079910325,-0.01995767123935266,-0.054580320644954994,11345.81197265625,36.877619305130054
2018-09-27,-0.006898080420062014,-0.022858448741278403,-0.06482516465583332,11344.9849609375,34.36873463063796
2018-09-28,-0.004290539347394984,-0.01908350652125479,-0.06512629853766627,11344.85697265625,32.880673845719954
2018-10-01,0.007122269255513958,0.0037291803532093493,-0.05725027500528346,11344.86197265625,37.683367869475745
2018-10-03,-0.01363060666494631,-0.01890229380938213,-0.07039510294936002,11342.41796875,32.81021448972706
2018-10-04,-0.023852830796859514,-0.04112158829715218,-0.0848791171507427,11335.2609765625,26.45161375007214
2018-10-05,-0.026681114672028716,-0.060222874970943474,-0.10449811461375036,11321.3859765625,21.542412383167573
2018-10-08,0.003063031253653259,-0.05328237906200439,-0.09836240215506675,11306.65197265625,23.25632454720082
2018-10-09,-0.004541918611438267,-0.06424697842066784,-0.10712154427039733,11289.98697265625,22.47007753366634
2018-10-10,0.015440154906845027,-0.0366680073331338,-0.09741912987672452,11276.54896484375,30.974545852824292
2018-10-11,-0.021553257346415555,-0.034398623428544495,-0.10521408799094722,11257.8959765625,26.53185835237666
2018-10-12,0.02323964183406524,0.015126308151849122,-0.07220376522702099,11241.778984375,36.82655941228099
2018-10-15,0.003819527333492445,0.015891902186053075,-0.07540966597490739,11225.63798828125,38.3900938974132
2018-10-16,0.006872770511296089,0.027540901237406157,-0.08080191221436683,11210.20298828125,41.2199566916842
2018-10-17,-0.012442447418455793,-0.0006739710854360981,-0.08127267652325809,11192.33998046875,37.81067768165006
2018-10-19,-0.014302046081609565,0.006731975341884855,-0.08647568044383203,11173.51697265625,34.33868986981058
2018-10-22,-0.0056582251546914986,-0.021699689663404187,-0.08804244515851656,11151.2059765625,33.06364618075895
2018-10-23,-0.009609350217173795,-0.03478717672413789,-0.08940957539761063,11126.39998046875,30.972196066876876
2018-10-24,0.007682244334463961,-0.0340111953518033,-0.06771435018090721,11103.1059765625,34.50477374990412
2018-10-25,-0.009765481735494741,-0.03139269593026783,-0.08516413338699336,11076.603984375,32.22949304302999
2018-10-26,-0.0093729702973544,-0.026549083555946096,-0.09261971654791012,11047.78998046875,30.19174568794851
2018-10-29,0.022018904224825553,0.0005465566360021157,-0.06619876094774746,11024.21697265625,39.74029098704146
2018-10-30,-0.005116572845048073,0.005085404948431238,-0.0669734358243943,11001.06998046875,38.397045724694124
2018-10-31,0.01845379780568379,0.01582919967480878,-0.05647558717902745,10980.09998046875,45.51368839842654
2018-11-01,-0.0005920526730374132,0.025239735190295987,-0.04400338955978178,10960.00798828125,45.329418510300975
2018-11-02,0.01662257430466929,0.052143569292123715,-0.004363516286529756,10941.65298828125,51.28886602111318
2018-11-05,-0.0027480337344830685,0.026646609894187545,0.020118335353550565,10921.09798828125,50.296530487254884
2018-11-06,0.0005701254275940482,0.03251486475073362,0.01758304209456729,10900.27998046875,50.509880114111276
2018-11-07,0.006495763592117676,0.020391734467055667,0.028866046818081692,10880.59298828125,52.98736921045321
2018-11-09,-0.0012454893970770264,0.019724578043104346,0.011959789161603895,10861.155,52.441765880984114
2018-11-12,-0.009730567027500525,-0.006708974195726358,0.024187421674340515,10836.96,48.26554536135548
2018-11-13,0.009568583199961456,0.005558722919042136,0.010503700167104224,10813.84,52.2530338577721
2018-11-14,-0.0005858913595558901,0.00439694251543199,0.006068946938168951,10791.52798828125,51.98628759751839
2018-11-15,0.0038198983927342223,0.0017266572325091989,0.003018512039727028,10770.32599609375,53.646760514962864
2018-11-16,0.006169525256907837,0.009163737880267586,0.021921869206271483,10750.36,56.28627898411893
2018-11-19,0.0076014485618920435,0.026826447699238587,0.04463030651128563,10733.981015625,59.374734058602506
2018-11-20,-0.009959695953136949,0.006964346356012285,0.040111290140552924,10716.6990234375,53.954995254260886
2018-11-21,-0.00526926949530282,0.002245586872402505,0.044669256191554485,10699.161015625,51.31291934110695
2018-11-22,-0.006915043423200262,-0.00847251911212632,0.02953617447859358,10678.9580078125,48.00799216055943
2018-11-26,0.009675313783931383,-0.005017747744609835,0.049748560412149034,10659.7480078125,52.57837746052581
2018-11-27,0.0053628890065369195,-0.00722827158950301,0.06536386932951155,10644.6980078125,54.96438855970594
2018-11-28,0.004047503329813518,0.006817572186233578,0.04663028121716284,10633.525,56.742871392694056
2018-11-29,0.012102936537020215,0.024400865598822152,0.06474542863550337,10623.30099609375,61.64073189323759
2018-11-30,0.001662243580064171,0.03324862849407473,0.047190650362856745,10610.5319921875,62.28007331178998
2018-12-03,0.000643574597191332,0.02400602148941089,0.0484853542204533,10600.6519921875,62.54082728002944
2018-12-04,-0.0013092913747559942,0.017210114298467083,0.02999147161944471,10592.463984375,61.60715863698617
2018-12-05,-0.007967211865771207,0.005037891593034249,0.024600949318225096,10583.435,56.123623780032396
2018-12-06,-0.01685539079615528,-0.023718290408153986,0.006756922186609726,10572.596015625,46.72396138660525
2018-12-07,0.008730166187373989,-0.01682945775967082,0.00899190454927501,10567.12201171875,51.205462673094516
2018-12-10,-0.019193543511718203,-0.0363201841908809,-0.009140119999132779,10555.54201171875,42.63917366281788
2018-12-11,0.005787336945131116,-0.02947234089654538,0.0063870365061753365,10545.4490234375,45.540786087928915
2018-12-12,0.01786392380162427,-0.004201168480549633,0.01465623523505788,10540.65001953125,53.41890656838536
2018-12-13,0.005024418610784842,0.01796025969321957,0.0203521083909326,10537.87201171875,55.40772108398262
2018-12-14,0.001288081033454791,0.010450077892494525,0.017778593774677498,10533.81501953125,55.929814418326366
2018-12-17,0.007672000015183311,0.03812759813086819,0.019298403914294937,10534.41701171875,59.01197071455323
2018-12-18,0.0018690239262686426,0.034083294992839575,0.013499433210164336,10540.606015625,59.75605219623708
2018-12-19,0.005371823253533137,0.0213921363869769,0.02919423468713056,10553.6230078125,61.90082603895973
2018-12-20,-0.001422374664029169,0.014840351341883773,0.03317440928150117,10565.696015625,60.96929826176236
2018-12-21,-0.018052009440243655,-0.004761504091224222,0.02158785950079567,10574.75501953125,50.5805946872996
2018-12-24,-0.008415473312255894,-0.02065047665087849,0.003283630196607934,10578.82302734375,46.66108988508393
2018-12-26,0.006222123071693231,-0.016395224246272044,0.0041410872218323735,10588.72701171875,49.736309371311584
2018-12-27,0.004655255863871277,-0.017096277419156647,0.004748896402460456,10594.8730078125,51.98086225204393
2018-12-28,0.007430619064249022,-0.00838224230487905,0.00011052845100345543,10601.821015625,55.41889112927253
2018-12-31,0.00024396301689710853,0.010093900380091059,-0.001305554996896996,10607.37701171875,55.5322978202451
2019-01-02,-0.006448744166611009,0.01209734139822749,-0.008384058803261762,10614.166015625,51.7816565594422
2019-01-03,-0.011141996757007222,-0.0053681655821786745,-0.01814710888265325,10621.54001953125,46.03387497703549
2019-01-04,0.0051628859308019415,-0.00486560012827808,-0.005151747603854173,10631.18201171875,48.836302302716376
2019-01-07,0.004143632577580325,-0.008112467220560693,0.016097254333210076,10643.68201171875,51.04492086461567
2019-01-08,0.0028175965472634346,-0.005560334833763947,0.010141503252544704,10655.23001953125,52.55105430142031
2019-01-09,0.004906430486840696,0.005804993340282616,0.034962285989248,10669.83501953125,55.14618115166829
2019-01-10,-0.0030907707440862575,0.013994200789430478,0.025826650361542303,10685.66701171875,53.163921754046044
2019-01-11,-0.0024626132017869784,0.006301704372384975,0.00534109931678084,10696.5490234375,51.578008876642386
2019-01-14,-0.005312723532749919,-0.0031749750211303995,-0.004999300034649878,10707.3330078125,48.24275214903001
2019-01-15,0.013895116296032572,0.007836348412253669,0.007528571961794794,10717.33701171875,56.181289692725954
2019-01-16,0.0003214902508350548,0.003238040266384301,0.00017910843998070192,10727.53400390625,56.35042438193403
2019-01-17,0.001368225934293088,0.007725344584461835,-0.00032084482452854335,10734.5780078125,57.109437245252245
2019-01-18,0.0001604738994844812,0.010375221559487446,-0.005502686208067931,10742.23701171875,57.2035615576897
2019-01-21,0.0050334340103701525,0.020884555967630503,0.0009267432345203552,10750.87400390625,60.15749719352744
2019-01-22,-0.0035668806605010372,0.003302182088167127,0.015691835596057357,10757.36099609375,57.13288996810333
2019-01-23,-0.008354123274816327,-0.005399282457053234,0.015754677169784737,10762.2869921875,50.72327882113334
2019-01-24,0.001689498655541799,-0.005080180980887805,0.011179112446058515,10769.638984375,51.888982840355986
2019-01-25,-0.006382606245884936,-0.01158897660313174,6.957457592804417e-05,10773.59998046875,47.32642678104342
2019-01-28,-0.011038398055380982,-0.027394994037381437,-0.01826449403796826,10775.30498046875,40.703149484142024
2019-01-29,-0.0008769465552643796,-0.024769385428349056,-0.01936466236354817,10776.01498046875,40.2268106254933
2019-01-30,-3.758759858607519e-05,-0.016590517962655205,-0.013036849229789205,10775.40697265625,40.2051113924775
2019-01-31,0.016818790618479573,-0.0017373232423013585,0.014870359606690142,10776.75796875,52.540897855974805
2019-02-01,0.005788983808607595,0.010491170486344181,0.015502504095202152,10781.50697265625,55.96492603057677
2019-02-04,0.0017073807867935553,0.023514423316043143,0.013038693427200654,10787.7509765625,56.956990852968595
2019-02-05,0.0020252110586724825,0.02648743066119419,0.012238231645500308,10795.90296875,58.16304510530846
2019-02-06,0.011715428033110209,0.0385522069654638,0.01909690766389871,10804.57998046875,64.3913630079322
2019-02-07,0.0006282690714798367,0.02201563030136522,0.022898720170290154,10812.25599609375,64.69843151880642
2019-02-08,-0.011364733121095205,0.004585168144645602,0.01377027326416469,10816.55099609375,55.388058391798495
2019-02-11,-0.005007475295473629,-0.0021489789284977467,0.014081377664751704,10817.15298828125,51.88539187285389
2019-02-12,-0.005271417887377283,-0.009415211917289779,-0.0050886775780194515,10816.24599609375,48.430646468688124
2019-02-14,-0.007879921603800577,-0.028601294020656365,-0.013245732678352051,10813.4919921875,43.764322497772994
2019-02-15,-0.002014639281967212,-0.031166999821615526,-0.016579228390985024,10810.59,42.642002916991316
2019-02-18,-0.00778133902809619,-0.02765538075819507,-0.02438811906506355,10807.75099609375,38.539334352900376
2019-02-19,-0.0034395975233135756,-0.026123190839641208,-0.032613109351021574,10807.81498046875,36.86409163385573
2019-02-20,0.012362906803977669,-0.008858521691760934,-0.017147678440639913,10808.64998046875,45.93035491514572
2019-02-21,0.005067269008080633,0.004075898165704972,-0.0038453021857545178,10814.67796875,49.190740973928754
2019-02-22,0.00016689586186968697,0.00627074685301654,-0.005359491890106316,10819.52796875,49.29972860530983
2019-02-25,0.008196078963680797,0.022474441630959685,0.009234204793916456,10822.37796875,54.46611392801655
2019-02-26,-0.004117591409631749,0.021778817543729678,0.016296880208129583,10823.25296875,51.598126486182856
2019-02-27,-0.002644081343287419,0.0066322505360407735,0.014499370316046534,10823.27697265625,49.792455153864566
2019-02-28,-0.0013094150466157473,0.0002456374019057517,0.013209053670965698,10821.35998046875,48.88255027470971
2019-03-01,0.006578642575862936,0.006657888902462661,0.0030052584584487896,10820.4559765625,53.476434512667865
2019-03-05,0.011409784628572783,0.009866691463467747,0.008610502570215006,10820.858984375,60.20089868845491
2019-03-06,0.005965879573721855,0.020091755580064374,0.012898348186670905,10822.88498046875,63.227896049944974
2019-03-07,0.00047047817900125466,0.023277314949109895,0.011326744649842846,10828.968984375,63.46529419882021
2019-03-08,-0.0020618006804727917,0.022506406358582254,-0.0024451910932862253,10836.4069921875,61.58792127678464
2019-03-11,0.012020353532001593,0.02803422512887188,0.00891190223329974,10845.17099609375,67.5940881109817
2019-03-12,0.011922438828049886,0.028555305773659168,0.03267668762581155,10855.59900390625,72.27954298529802
2019-03-13,0.0035836901656514097,0.026119623207500275,0.041593233299232146,10865.235,73.53305524349166
2019-03-14,0.00013664659273393553,0.025777233153034373,0.04725608794020997,10874.84900390625,73.58228527069184
2019-03-15,0.007369987382364052,0.03547213557222184,0.0633534942663796,10887.53599609375,76.15844509043396
2019-03-18,0.0030936423551506387,0.02633856364980902,0.06879636882379603,10903.335,77.17216803189163
2019-03-19,0.006124495656707252,0.020458021388595204,0.08377543160621093,10919.436015625,79.07490407016849
2019-03-20,-0.0009842344657688962,0.01581329133079401,0.08644567833769567,10934.421015625,77.94365229670552
2019-03-22,-0.005568018119008533,0.010019208835651217,0.06720260279606283,10947.516015625,71.7005271046724
2019-03-25,-0.008959700017030503,-0.006353423021813187,0.05230845758356151,10957.4980078125,63.00406764744076
2019-03-26,0.011361384503600025,0.0018364541125452938,0.06408654694520233,10970.731015625,68.22057630769257
2019-03-27,-0.0033266013813597617,-0.007574362923482014,0.05192509403367063,10983.7330078125,65.28495764993917
2019-03-28,0.010917400749215211,0.004248761713761873,0.06780617136174283,11000.381015625,69.85440935976797
2019-04-01,0.008569610252809001,0.018525953160392294,0.07981196474610086,11016.02802734375,72.90243636870635
2019-04-02,0.0037748939051200914,0.03161373012858615,0.08530926062659261,11032.48603515625,74.1528176440993
2019-04-03,-0.005912133221091298,0.01399431304835308,0.07184150552883506,11047.26103515625,68.77962405045027
2019-04-04,-0.003946272059030087,0.013363873283439798,0.05556792466262772,11061.08203125,65.39358290855273
2019-04-05,0.005858785593421345,0.0082930160166379,0.055455550105175,11075.16404296875,67.90950334409789
2019-04-08,-0.005267483083991831,-0.005540282579350464,0.04940223499652974,11088.79904296875,63.41917504115545
2019-04-09,0.005812417192683883,-0.0035216678031770865,0.057682529147585315,11105.608046875,66.07110406068934
2019-04-10,-0.007509489773200095,-0.005122865490185036,0.03727150283886527,11120.298046875,59.98541961835117
2019-04-11,0.0010704480058416621,-0.00011207145089675574,0.026147665282716392,11136.6210546875,60.53919041585375
2019-04-12,0.0040313191867198395,-0.0019286898729466984,0.026605358526820666,11156.2590625,62.63845666417417
2019-04-15,0.0040279653604204935,0.0073979584967038825,0.03059966141758319,11177.02205078125,64.66906934821813
2019-04-16,0.008280400884877803,0.00986983266590391,0.03153106880433576,11199.7290625,68.47728889242107
2019-04-18,-0.0029142400664389223,0.014545548962037191,0.025352864583000567,11218.1660546875,65.76820257061756
2019-04-22,-0.013473352052831178,-0.0001940207095212365,0.005380476100876885,11232.18205078125,54.97170225811095
2019-04-23,-0.0015955909670886115,-0.0057972507175900745,0.0047652246588381075,11245.4560546875,53.85928673160562
2019-04-24,0.012975193636658888,0.003062421779181923,0.023501120793572028,11261.2920703125,60.79583641620253
2019-04-25,-0.007193374050953438,-0.012331274406501613,0.025325301511548437,11272.8790625,55.72893739211102
2019-04-26,0.009693568677590747,0.0001574591559674321,0.02363445806936193,11286.5840625,60.47507049616194
2019-04-30,-0.0005529726349993158,0.013256359096237125,0.026483116378694938,11302.675078125,60.07557478256387
2019-05-02,-0.001991836148409698,0.012854219496189145,0.013375108038029326,11319.39408203125,58.57538795364232
2019-05-03,-0.0010661208128105448,-0.001185418075152156,0.0036934659278731186,11337.01107421875,57.745843371453844
2019-05-06,-0.00973339879186319,-0.003740813741700433,-0.009813730952750399,11354.055078125,50.69459892435931
2019-05-07,-0.008652133673183404,-0.021842419082474196,-0.01254297744645927,11369.525078125,45.435233740387254
2019-05-08,-0.012041345863927244,-0.03308607588328816,-0.020568184573848902,11383.895078125,39.366948852028955
2019-05-09,-0.005075103956069027,-0.03607328048039404,-0.03121480758346795,11397.84408203125,37.14242621726839
2019-05-10,-0.0020261741013145596,-0.03699968916092122,-0.028058047255375085,11408.7130859375,36.26581048615311
2019-05-13,-0.011588026384304118,-0.038803250894531516,-0.04487253554340387,11415.88009765625,31.67127982614555
2019-05-14,0.006624352638199937,-0.023991387693914956,-0.031270772175062134,11424.4880859375,36.56176040289767
2019-05-15,-0.005796606308085428,-0.017822182573241196,-0.03791597505385469,11430.02609375,34.23725947347873
2019-05-16,0.008971910851931497,-0.003955139542815123,-0.033181795726926366,11438.46208984375,40.50556347316494
2019-05-17,0.013329435330307948,0.011370789310862328,-0.024225042724375867,11450.47208984375,48.43932754883296
2019-05-20,0.036915407876193296,0.061000860477320895,0.003486814710338182,11471.18708984375,63.25040722254275
2019-05-21,-0.010073374389702572,0.043401144457945406,-0.003718279562208715,11488.09908203125,58.15961918519621
2019-05-22,0.0024596922232125173,0.05206600256565386,0.012372315452309657,11503.1080859375,59.018248450004236
2019-05-23,-0.006887993870017373,0.03552870714401579,0.007005870620265808,11515.18908203125,55.5706317303553
2019-05-24,0.016046067214389392,0.03830485299020059,0.010058647963810952,11530.9070703125,61.21545255086514
2019-05-27,0.006809330661248669,0.008158434256969604,0.02430467797587199,11548.6940625,63.376074643720315
2019-05-28,0.0003354368016101894,0.018758947993672725,0.014811126115146234,11563.90806640625,63.484725425197524
2019-05-29,-0.005671205333752538,0.010495848035002808,0.009614212875597383,11575.1060546875,60.23027392951642
2019-05-30,0.007149487319284775,0.024779047081136207,0.018861842736518808,11587.19005859375,62.80431430572025
2019-05-31,-0.0019337668306382838,0.0066446752313875646,0.01797688784712581,11598.7810546875,61.6340306198163
2019-06-03,0.013901936014629301,0.013736120647183325,0.04227360202509001,11612.01505859375,66.46287030788808
2019-06-04,-0.005534114111566901,0.007787940113171965,0.04555179486743932,11623.2040625,63.015428336721975
2019-06-06,-0.014798333410505293,-0.001462731951200169,0.04263408847792194,11629.4310546875,54.86545598206521
2019-06-07,0.0022712730870713127,-0.006299232166631419,0.05033274308235103,11636.42306640625,55.79642033435082
2019-06-10,0.004384747505377318,-8.354528854948029e-06,0.05708001510702454,11645.7390625,57.61800993719346
2019-06-11,0.0035981290613484873,-0.01017079776308849,0.07332119981180396,11657.9660546875,59.113521399053404
2019-06-12,-0.004964181988503125,-0.009603522940788034,0.06096483285426402,11666.42505859375,56.158637335780575
2019-06-13,0.0006592875347493088,0.005935603562005287,0.06785424439253385,11675.80505859375,56.46831484251738
2019-06-14,-0.007617057296864349,-0.003988878821239328,0.05029716489680558,11680.8710546875,51.90367034870461
2019-06-17,-0.012784029548381648,-0.02101451857239567,0.02323104289199085,11680.9310546875,45.33099870218159
2019-06-18,0.0016577587443133979,-0.02290730246065098,-0.011561304504047465,11680.49705078125,46.26903347297771
2019-06-19,-4.259905700743083e-06,-0.018036820856124014,-0.0015073246151539044,11681.44705078125,46.2668329278989
2019-06-20,0.012000205478679637,-0.00690779424601029,0.007995434128062362,11686.12205078125,53.04201301764135
2019-06-21,-0.009098433505187353,-0.008390229204301436,0.005751867394487631,11687.2850390625,48.03708039241829
2019-06-24,-0.002085381356743965,0.002356035441600124,-0.012195880101824152,11689.188046875,46.95345334463559
2019-06-25,0.008273734808782462,0.008976623642175996,-0.010759119032893727,11691.678046875,51.60793737400906
2019-06-26,0.004331778503613437,0.013351603673390722,-0.006807100099549435,11696.943046875,53.90713304183604
2019-06-27,-0.0005064338279993086,0.000828263332769863,-0.0016482286913810373,11701.8400390625,53.585200401315056
2019-06-28,-0.004450447465215945,0.00552281216957784,-0.013146834990625855,11704.74802734375,50.720070714409566
2019-07-01,0.006510389269786421,0.014184117747909397,-0.004797547241379596,11708.25302734375,54.53290131319333
2019-07-02,0.003767209141051886,0.009651175352754837,-0.014745358449107071,11710.716015625,56.63721426820297
2019-07-03,0.0005415644793391738,0.005840886635067877,-0.008725955856011769,11713.99501953125,56.946860671095926
2019-07-04,0.0025174649128327786,0.008883988755496786,0.008696569920844333,11721.041015625,58.433565362712216
2019-07-05,-0.011350334557515662,0.001891684260037163,-0.005012362258346892,11725.74501953125,50.02488484605305
2019-07-08,-0.02138240331360608,-0.025873113041623208,-0.03053843340627227,11722.39400390625,38.820229025912155
2019-07-09,-0.00023352472109261502,-0.029755708913642986,-0.03423975664612766,11720.676015625,38.72040699861547
2019-07-10,-0.004932545113165099,-0.03506405768141485,-0.034209050579197764,11715.561015625,36.581223795505565
2019-07-11,0.007305046321514741,-0.03045594905518234,-0.02779486568305356,11712.256015625,41.69349829882591
2019-07-12,-0.0026245922523520093,-0.02189883136449622,-0.022903910850686326,11708.811015625,40.42346698753354
2019-07-15,0.0031031905972733753,0.0025738412096107943,-0.007179549478501301,11706.3330078125,42.64231548668447
2019-07-16,0.006407297199588324,0.009233310702172703,-0.002471914692297794,11707.62,47.041618171397054
2019-07-17,0.0021350634900458854,0.016401534317904476,-0.000337870430657472,11711.4119921875,48.46904805233703
2019-07-18,-0.007751838235294128,0.0012086782695059917,-0.019849101728400265,11716.16099609375,43.83899936012845
2019-07-19,-0.01531878214359883,-0.01153429993507904,-0.026001963437024322,11718.51,36.48025862929355
2019-07-22,-0.006397075524881224,-0.020895936196695386,-0.030210321121708184,11719.85599609375,33.95619951780496
2019-07-23,-0.0013352832106081625,-0.028428464989999624,-0.0394525796251769,11723.51298828125,33.439438149586195
2019-07-24,-0.005273121293252303,-0.03561071189839571,-0.048638748897430695,11724.49798828125,31.40928950378614
2019-07-25,-0.0016989534831232112,-0.02972777107568314,-0.049773840737399544,11726.40099609375,30.764640996882505
2019-07-26,0.0028571795564771296,-0.011817780967445346,-0.04279890077537851,11726.945,33.24189822077429
2019-07-29,-0.008427603929443195,-0.01383723161035555,-0.05700507655155307,11722.58599609375,29.840625670553422
2019-07-30,-0.009276785013729971,-0.02167931641787313,-0.06925933247606808,11707.72900390625,26.63698912834927
2019-07-31,0.00294076968140633,-0.013600898507175385,-0.06702750330417273,11695.90701171875,29.207520913594678
2019-08-01,-0.012412304371289817,-0.024186522680300193,-0.08092158955364426,11680.74900390625,25.18467373937071
2019-08-02,0.0015801101434427256,-0.025429153804766957,-0.06890105995906604,11667.555,26.554295158049143
2019-08-05,-0.012252952282714391,-0.029188912543929857,-0.06021490695425469,11647.925,23.028202215986227
2019-08-06,0.007884888857643269,-0.01237216390857554,-0.05258356078579307,11628.395,29.441664725015073
2019-08-07,-0.00847167355513434,-0.02361036157582297,-0.05595321019995625,11606.93,26.834197842324514
2019-08-08,0.016300510829763803,0.00477688481898908,-0.04752265639425035,11590.35701171875,38.0979542938202
2019-08-09,0.006997556657477588,0.010211622367108042,-0.038333660192598984,11573.63201171875,42.27340257632834
2019-08-13,-0.01654424529912324,0.005822731415545457,-0.05716948679767442,11553.6930078125,36.04035055961545
2019-08-14,0.009477595331455646,0.00741217917247039,-0.054293145607176796,11532.51001953125,41.29228652037264
2019-08-16,0.0016682152620135504,0.01771450460020274,-0.05473370655080212,11513.0330078125,42.200468667974526
2019-08-19,0.0005521991749806165,0.0019442820889972179,-0.04682285625553573,11497.236015625,42.517982054630686
2019-08-20,-0.0033382235519596737,-0.008339631524605262,-0.03522560588479984,11480.1630078125,41.04910478191912
2019-08-21,-0.008922556475220111,-0.0006543577221093111,-0.037677812187433046,11460.0830078125,37.34757188483905
2019-08-22,-0.016242829527789215,-0.02611663109944251,-0.052042856176357954,11435.5980078125,31.779665758672976
2019-08-23,0.008192639025843995,-0.01977318553688967,-0.03921022446130851,11414.06099609375,36.813388885178284
2019-08-26,0.021100066785376237,0.00035726925433032797,-0.017267879872267522,11396.9369921875,47.620818266391225
2019-08-27,0.004295591066795668,0.008019389069165772,-0.015858334004752672,11382.57798828125,49.55247218729279
2019-08-28,-0.005335266523260329,0.011668001848534448,-0.012789170221250368,11370.05697265625,47.21354527150054
2019-08-29,-0.0088537862364102,0.019266684619582142,-0.012367671090477428,11355.19296875,43.55876556376209
2019-08-30,0.006845829640179435,0.017905081802617184,-0.00852221622593996,11341.82896484375,46.94810421825998
2019-09-03,-0.02044311880570615,-0.02350811667122077,-0.01658466387750457,11321.15197265625,39.30551266227583
2019-09-04,0.004329545403159107,-0.023475102353366806,-0.013885092697228374,11303.56298828125,41.43545029793642
2019-09-05,0.000299686931614751,-0.017942914309933,-0.0013531953011794995,11286.52798828125,41.58891177241694
2019-09-06,0.009061643373168504,-0.0001917749250984757,-0.00018722669718906904,11269.52298828125,46.18240247891669
2019-09-09,0.005193547382711383,-0.001832508136212052,0.01359217029961779,11252.63298828125,48.69524171046527
2019-09-11,0.0029673946046386845,0.02202278184506712,0.0002945855129607988,11236.51599609375,50.135297152333
2019-09-12,-0.00479356902496042,0.012738945847616145,-0.011418053807034645,11220.395,47.79454680986598
2019-09-13,0.008476944640087414,0.021017892107217717,0.013733557262333829,11204.601015625,52.03860677330574
2019-09-16,-0.006536749886833726,0.005234675381877052,-0.002348304505022325,11186.46501953125,48.72149986363439
2019-09-17,-0.01689465993774708,-0.01685443568868472,-0.02083674572151717,11164.48201171875,41.420630322445945
2019-09-18,0.002130859163064436,-0.017674438525463798,-0.019291832969732692,11142.36001953125,42.56980036279968
2019-09-19,-0.012531589991591652,-0.025312306965783793,-0.028338040783561724,11120.2330078125,37.85635047195813
2019-09-20,0.05319112930777714,0.017903718676934632,0.03255882052266812,11114.54501953125,58.56480205771536
2019-09-23,0.028915576657539077,0.05422821786817833,0.07995741849682458,11115.431015625,65.6271746555148
2019-09-24,-0.0010344649056013289,0.07123582067778367,0.07007351441314258,11117.21701171875,65.18673262998712
2019-09-25,-0.012771612287114875,0.05530570427822212,0.03457730023867733,11114.3630078125,59.851591644973084
2019-09-26,0.01145084856589107,0.08093569300059333,0.04194830440495401,11114.73701171875,62.75711435483147
2019-09-27,-0.005081564893442914,0.021127901863188248,0.042214066298500885,11113.21802734375,60.63594491045336
2019-09-30,-0.003296462425282254,-0.010840330156613454,0.04805772585801216,11109.4550390625,59.244132964812266
2019-10-01,-0.009983032105041145,-0.019701058045221598,0.030540030447009814,11102.903046875,55.13066021727675
2019-10-03,-0.004040562773145462,-0.011031292561139772,0.04779629286292453,11097.2450390625,53.52689051997387
2019-10-04,-0.012307760296977222,-0.03426180418804803,0.030438935095626896,11092.3550390625,48.88116190743354
2019-10-07,-0.0043266837625002275,-0.03352906317559412,0.025673170841491677,11087.95904296875,47.34465256861635
2019-10-09,0.01679783285706482,-0.014044279933415282,0.03353671619601872,11087.60404296875,53.4376156742307
2019-10-10,-0.006960833829169011,-0.011034479319990131,0.02103962120587477,11086.86904296875,50.771766085679786
2019-10-11,0.006275284833450412,-0.0007910725925843742,0.024407115507669275,11087.92703125,53.030811018418596
2019-10-14,0.003193315072573366,0.014890748394818631,0.032628345441073625,11089.06404296875,54.190068931782264
2019-10-15,0.007684353972992053,0.02713361046371099,0.03181677350229539,11093.84603515625,56.95225134178429
2019-10-16,0.003123841334461419,0.013320622445633479,0.041850320352615045,11101.41802734375,58.067656517917285
2019-10-17,0.010672506051552677,0.03131409898959325,0.07106474890545655,11110.78501953125,61.727678523197866
2019-10-18,0.006516288783389612,0.031561099760883504,0.0757518404486297,11124.42201171875,63.82594574090742
2019-10-22,-0.006302602285396697,0.02179666173498096,0.08253772333982412,11136.24201171875,60.356764334909265
2019-10-23,0.001359123648397631,0.015382848515699044,0.029261447228838833,11151.07201171875,60.84785671452046
2019-10-24,-0.0018527934715960592,0.010345395095516352,-0.0015172657058636352,11163.75900390625,59.75956797581778
2019-10-25,0.00011230477560042473,-0.0002113883002475836,-0.0003710502593180509,11178.32701171875,59.80640682046456
2019-10-29,0.017519938181983052,0.010718711369722245,0.030300991953317036,11193.415,66.38134498676334
2019-10-30,0.004857107869982835,0.02206957924302677,0.023584365446641442,11208.103984375,67.9729125398591
2019-10-31,0.0028157974888274317,0.023556380515439512,0.031709269335765455,11227.13599609375,68.89668308080442
2019-11-01,0.0011070906504571099,0.0265916124520702,0.036267481838258675,11244.35998046875,69.27300059452907
2019-11-04,0.004263888868356602,0.030853115272965193,0.0511799746538546,11262.22998046875,70.74283329798443
2019-11-05,-0.002018173043904281,0.011058984398496285,0.053314494901228526,11279.4959765625,69.05196854022404
2019-11-06,0.004099084396871566,0.010296282481107477,0.07081141007069514,11298.47697265625,70.58661118420204
2019-11-07,0.003844209304726398,0.011332365715001735,0.07959891635831662,11320.34396484375,71.994903240837
2019-11-08,-0.008649599006986697,0.0014760215486662176,0.05257975977009233,11343.67998046875,64.48481446997741
2019-11-11,0.0004450569159482054,-0.0023322092092578073,0.06042969254911634,11365.3619921875,64.68716639304725
2019-11-13,-0.006127528029514329,-0.006440271099094952,0.047359401318427086,11381.01400390625,59.64609398623722
2019-11-14,0.002672990768123773,-0.007851395978286546,0.04681616947685496,11396.34900390625,61.062854409531575
2019-11-15,0.001966845520657623,-0.009706886940270554,0.04087663069824177,11413.336015625,62.1195331102714
2019-11-18,-0.0009205364347466549,-0.001986067512518064,0.03668004187020246,11432.06001953125,61.27967854552652
2019-11-19,0.004678329704657314,0.002236918241617758,0.030531617975152914,11450.39701171875,63.945150683328556
2019-11-20,0.004941332311304558,0.013398934284214015,0.02891908327551085,11474.42099609375,66.5746671137477
2019-11-21,-0.002558460196964596,0.008111520659239924,0.03279593678659287,11496.89599609375,63.96078507259318
2019-11-22,-0.004511881140131235,0.0015930624735807086,0.02674061682470441,11518.22599609375,59.53300628723545
2019-11-25,0.013374538722098483,0.015924102823004826,0.04240415858176272,11540.7769921875,66.83021423726689
2019-11-26,-0.0029858001604721185,0.008174185235512388,0.03917504375769365,11561.47,64.01771417894795
2019-11-27,0.005233557820665036,0.008467350821733222,0.026627181676083245,11582.77,66.65846595947693
2019-11-28,0.004169196368656758,0.015269375525166273,0.025924366678490296,11606.13701171875,68.64309356613843
2019-11-29,-0.007826467690735917,0.01188892511736972,0.015036864515372672,11625.74,61.242730605655076
2019-12-02,-0.0006510929783939412,-0.0021161449166580137,0.01325421687004269,11646.63400390625,60.661406695724274
2019-12-03,-0.004481997238144242,-0.0036136470666496834,0.0044300362180198505,11670.166015625,56.67582351915162
2019-12-04,0.004085307832292884,-0.004751791141993089,0.010572953205028934,11694.21701171875,59.28961881692804
2019-12-05,-0.00205923710353606,-0.010924891531457037,0.0043749262949743795,11720.4890234375,57.40203851870752
2019-12-06,-0.008062669529681155,-0.011160355743983885,-0.0075382475230967305,11733.43501953125,50.620680033038305
2019-12-09,0.001342112989137334,-0.009188110549123274,0.002464665662780474,11740.181015625,51.636659236905196
2019-12-10,-0.006760225785340301,-0.0114555692240903,-0.004755162416953729,11745.5530078125,46.445948403638894
2019-12-11,0.0044995771891509495,-0.011047711781731029,0.005886616991986893,11754.95201171875,50.022715373325006
2019-12-12,0.005176207859728388,-0.0038774366324033638,0.008397857042386159,11762.96400390625,53.8577682220434
2019-12-13,0.009597587037832866,0.013857332996057625,0.016077575615873974,11774.45,60.016075449863905
2019-12-16,-0.0027095898360001147,0.009754990183246104,0.014258083664647314,11786.04,57.65414150772068
2019-12-17,0.009212731336046609,0.02599353960506745,0.018835721474920852,11802.1419921875,62.97505024802597
2019-12-18,0.004656834412248179,0.02615416176820018,0.018547290088009483,11820.295,65.36588086152362
2019-12-19,0.003113311498149862,0.0240482129104993,0.02433907583135997,11841.99400390625,66.9113746425405
2019-12-20,0.000986941701855537,0.015314321227789307,0.02999726401202074,11864.9019921875,67.40940860299212
2019-12-23,-0.0007374472230261553,0.01732210613983609,0.015653794388652997,11883.89099609375,66.60195100742854
2019-12-24,-0.003930618769240168,0.00407314465166464,0.014691312003588974,11903.49099609375,62.32019158583178
2019-12-26,-0.007204522590446127,-0.007781321089862736,0.0021362077365583154,11919.92099609375,55.32677750421193
2019-12-27,0.009833794601157297,-0.0011338279406143403,0.007789337718634881,11938.013984375,61.61319013933052
2019-12-30,0.0008206736062803532,-0.001299743767528505,0.016572576252116722,11954.56498046875,62.097262292803244
2019-12-31,-0.007131240742024536,-0.007689939425292058,0.009980743849756557,11968.653984375,55.53801485950855
2020-01-01,0.001154609211690083,-0.0026239038851191276,0.015699238100185253,11980.5769921875,56.33646337729996
2020-01-02,0.008183886337984836,0.012835504997871228,0.019845223538924817,11992.98400390625,61.605566938217514
2020-01-03,-0.004522789386603554,-0.0015637536435284538,0.017327597120366134,12005.75001953125,57.44599364216919
2020-01-06,-0.019105853072941215,-0.021442805930522613,0.0060017451400831145,12013.5290234375,43.9937225849767
2020-01-07,0.004994592001242859,-0.009491759274693257,0.009671220549738235,12022.93603515625,47.39545054173048
2020-01-08,-0.0022899444111396106,-0.01289968320336543,0.014215455052287052,12031.76501953125,46.00876874715952
2020-01-09,0.015845758122611686,-0.0053980397349981946,0.025671380290938073,12040.34603515625,55.655077770188626
2020-01-10,0.0033480474426501594,0.002465876842738357,0.02380594435670469,12048.6000390625,57.41380237741148
2020-01-13,0.0059354808073293075,0.028057917333794258,0.020092300251575823,12057.64203125,60.42072576876112
2020-01-14,0.0026562202609821117,0.025665882988159083,0.025580793381319022,12067.07603515625,61.73071240753537
2020-01-15,-0.0015369308543056182,0.026439995978547293,0.014656786246403541,12075.11603515625,60.48005545837941
2020-01-16,0.000988406301843714,0.011427697092400546,0.010951844071539929,12083.88203125,61.026075912987984
2020-01-17,-0.000254978804985595,0.007795656795418715,0.0075572332590909674,12091.60802734375,60.79250169270936
2020-01-20,-0.010346193941151438,-0.008516126027576454,-0.0038502909721482848,12095.85802734375,52.08364232253518
2020-01-21,-0.004474618385662321,-0.01556750753120606,-0.0075758203196673035,12101.09201171875,48.857483620486754
2020-01-22,-0.005172555189302153,-0.019152043440824884,-0.008813211766608764,12104.961015625,45.374269466192004
2020-01-23,0.0060667236352978104,-0.014175904708429443,0.004436530221209711,12111.75900390625,49.865518423313695
2020-01-24,0.005574584704263197,-0.008427514818394766,0.00020008454748388083,12119.28201171875,53.658734125584076
2020-01-27,-0.010552527912150667,-0.008634248816837942,-0.011166064674155152,12123.7530078125,46.45372524286651
2020-01-28,-0.005214967844912932,-0.009371504854065127,-0.009257579134308691,12127.17900390625,43.386001308663126
2020-01-29,0.006113256399948197,0.0018666717859923132,-0.004350502770367304,12130.96701171875,47.72163540266118
2020-01-30,-0.0077249841553650445,-0.011867459418097748,-0.02006158397573088,12131.701015625,43.192704156751454
2020-01-31,-0.006123414854723341,-0.023362553068805747,-0.021637224652538478,12131.575,39.978868028542436
2020-02-03,-0.021250384719316173,-0.033921908521742705,-0.023776221954072807,12127.445,31.32212058898112
2020-02-04,0.02321082268667074,-0.006316413286233558,-0.006081482417143569,12125.5630078125,45.02645688211944
2020-02-05,0.009140500467834434,-0.003326568232408622,0.005305524024038499,12126.59201171875,49.40730498042388
2020-02-06,0.004036661230167438,0.008487212506244513,-0.006381043788824758,12127.33701171875,51.271023842240005
2020-02-07,-0.0032625431230384194,0.01139014089911261,-0.012927533927077905,12126.28099609375,49.6719375574164
2020-02-10,-0.005525514763038308,0.027639422832305582,-0.02417361618298397,12125.79,47.006666938162404
2020-02-11,0.006350030388978967,0.010705654657531927,-0.020578647831048236,12126.98400390625,50.289577519090656
2020-02-12,0.0077056964194832656,0.009268625260414831,-0.011512286959200035,12131.12400390625,54.03447459028354
2020-02-13,-0.0021759994314084485,0.0030235908635276587,-0.014637174487070581,12133.7530078125,52.81515851822284
2020-02-14,-0.005026854435148831,0.0012481525517991088,-0.01934040256447922,12135.65400390625,50.013539252286
2020-02-17,-0.00558473346026378,0.0011885304980676636,-0.014622215366283497,12138.14,47.04292005684501
2020-02-18,-0.004424762618648104,-0.009530999339435686,-0.014572867789457211,12139.24,44.78587390536177
2020-02-19,0.011123651500938081,-0.006171508005944237,0.0015693529629361436,12144.62201171875,51.108476761586054
2020-02-20,-0.003715252459506435,-0.007704597523574885,-0.00816889524446951,12148.03599609375,49.06510068866543
2020-02-24,-0.02081386879900149,-0.02344912474213312,-0.03419669008838,12145.1880078125,39.55845452721791
2020-02-25,-0.002662856861702312,-0.020579738836937422,-0.02649555321189867,12139.41201171875,38.55075180041504
2020-02-26,-0.010120477938589723,-0.026183031061079887,-0.03129612392375658,12131.9030078125,34.91961628285023
2020-02-27,-0.003870376787472707,-0.04062383576219619,-0.04090854489570883,12121.26900390625,33.62829673962082
2020-02-28,-0.03709607866493836,-0.07276802855759412,-0.06929741423271829,12100.87099609375,24.364375694020353
2020-03-02,-0.006159751824491688,-0.058891437234393273,-0.06933144150756088,12078.3319921875,23.26100535508391
2020-03-03,0.015319647408546855,-0.04192276333596834,-0.0345579115330944,12058.9619921875,31.51642678642213
2020-03-04,-0.004626950146523701,-0.036605728475403554,-0.06082401129128323,12038.7269921875,30.435161457934512
2020-03-05,0.0015998577904186018,-0.03131525971166926,-0.06784185522756148,12019.81599609375,31.30864456818354
2020-03-06,-0.024806975302821943,-0.018952378395116876,-0.09462058926914485,11997.07400390625,25.874739075878495
2020-03-09,-0.048956043335951605,-0.06119779970694572,-0.13612595661695204,11961.18701171875,19.029565646262668
2020-03-11,0.0006649981756232659,-0.07474803187226076,-0.1307484195133608,11925.23802734375,19.326485250023026
2020-03-12,-0.08301938801064712,-0.1476179547929073,-0.20794274141447866,11873.67203125,12.941799398503932
2020-03-13,0.03806507612689369,-0.11658530523449284,-0.1840802514545148,11829.12603515625,24.269675341241424
2020-03-16,-0.07612100106679087,-0.16307001468116122,-0.24454500987499483,11767.4300390625,18.800759467584115
2020-03-17,-0.02504518409052825,-0.1420281743571583,-0.25974436183693983,11702.23802734375,17.509175937427287
2020-03-18,-0.05556454027271507,-0.1902394736886336,-0.2969499790796828,11631.75302734375,15.093782594855512
2020-03-19,-0.024247781753128472,-0.138339873857394,-0.3109484931988743,11555.96302734375,14.222934085683406
2020-03-20,0.058329146858465686,-0.12151940455899846,-0.27877931422940405,11490.3650390625,25.14057596159624
2020-03-23,-0.12980466070471242,-0.17256510788013513,-0.3700567223273534,11398.25203125,19.00521042615337
2020-03-24,0.02507142402516349,-0.13003161858100498,-0.34053717457480226,11309.13703125,22.431626180258675
2020-03-25,0.06624746894667499,-0.017824272481792414,-0.29497204299295177,11228.90302734375,30.952079103487335
2020-03-26,0.038904356430389475,0.045743604797717996,-0.2600547848343109,11154.48603515625,35.71383527227813
2020-03-27,0.0021755381634551707,-0.009742230921189976,-0.2555637570252891,11080.8250390625,35.990015757787845
2020-03-30,-0.04378053643081892,0.08815079785486679,-0.26073161699064873,10999.33703125,32.91846367439098
2020-03-31,0.03823772271336057,0.10212730533187697,-0.22770654151040848,10924.2450390625,37.70050757930671
2020-04-01,-0.04000467509668226,-0.0077002840512180315,-0.2697884735159698,10844.8300390625,34.798668030243846
2020-04-03,-0.020596574186770744,-0.06453203779702321,-0.2815038836825615,10763.10904296875,33.42908389228283
2020-04-07,0.08763210467115035,0.015236303260587114,-0.2197887838040199,10696.8150390625,43.42192178528463
2020-04-08,-0.004941902407507137,0.05647201611916075,-0.20389556852154989,10628.183046875,42.99561125465259
2020-04-09,0.04150883161880259,0.05980057464162125,-0.12816879759789612,10565.4560546875,47.6239900611244
2020-04-13,-0.01295567073707915,0.08966171002441947,-0.14003583019854893,10502.953046875,46.307731694451256
2020-04-15,-0.007621853562688519,0.10409708557008601,-0.0693263983208684,10440.343046875,45.520959838279815
2020-04-16,0.007562771164790316,0.022815632596940638,-0.09667313280933876,10377.60904296875,46.485126357991
2020-04-17,0.03046328187687486,0.05920845835119293,0.007540131605631606,10322.228046875,50.327430593718454
2020-04-20,-0.0005288143766692954,0.016456415492017262,0.032875896878970634,10268.223046875,50.257917678030196
2020-04-21,-0.030274667144095657,-0.001378654814238267,0.06053400746836024,10213.69404296875,46.315871798248
2020-04-22,0.02291941778872575,0.02935475622481598,0.11179950112110082,10157.84703125,49.45053833393438
2020-04-23,0.01377995587701486,0.03570640878385012,0.0649995349144159,10102.34203125,51.33268382562022
2020-04-24,-0.017124941572334906,-0.012123949537324319,0.20290402951611308,10042.67103515625,48.86416310512285
2020-04-27,0.013971358975458648,0.0022080033875522265,0.18987829036932258,9986.3500390625,50.903035287929825
2020-04-28,0.010622430648890235,0.044475022031628786,0.1278035587529549,9933.338046875,52.47619025346477
2020-04-29,0.018383013524196468,0.039843023790378185,0.105526201442109,9882.24703125,55.18105121836375
2020-04-30,0.03208830345213909,0.0586220570438547,0.13852375977887466,9835.42103515625,59.58463334583552
2020-05-04,-0.05744483901313502,0.01519483564619395,0.12225434282650882,9777.79802734375,49.84069880924161
2020-05-05,-0.009458265521601117,-0.008263059470861589,0.07069868388531875,9719.641015625,48.51475276188723
2020-05-06,0.007093593467121684,-0.011725953311467974,0.12322816278629234,9664.14302734375,49.58772934722986
2020-05-07,-0.007750119504051356,-0.03708644812284634,0.13796111073326034,9608.2740234375,48.39268564549091
2020-05-08,0.0057016970693835045,-0.061704516934418474,0.0522394616233115,9550.786015625,49.352243699568234
2020-05-11,-0.0013294930214019507,-0.005842772334158308,0.056059459387055366,9493.95302734375,49.12158588946843
2020-05-12,-0.004616242718351149,-0.0009830760701653452,0.00928998457331609,9441.296015625,48.27897172455771
2020-05-13,0.02033371253039773,0.012150860144761522,0.04332963216399399,9393.00900390625,52.15425103883805
2020-05-14,-0.025661909373274727,-0.0061201760924058934,0.0243633491390729,9342.29400390625,47.24524903612645
2020-05-15,-0.0006453627874545287,-0.012392627209101281,0.01601834888089182,9292.365,47.12819305692257
2020-05-18,-0.034322509703259896,-0.045020151800967745,-0.04785928184099064,9244.795,41.27489229073824
2020-05-19,0.00632982284022332,-0.034518401145470334,-0.041325438885616794,9199.7219921875,42.64120276566172
2020-05-20,0.021111396826158035,-0.03378252437490603,0.009475041059562317,9154.9869921875,47.09067251059836
2020-05-21,0.004378754451001221,-0.003992234283995533,-0.008821939678745117,9112.0919921875,48.01051853864299
2020-05-22,-0.0073575840768702605,-0.010681976123898984,-0.02948822502991899,9067.4969921875,46.539981574271266
2020-05-26,-0.0011284338094974533,0.02332471648060519,-0.013692932424702708,9028.288984375,46.30743569416868
2020-05-27,0.03166450477176164,0.04908725040963691,0.0035174893412204256,9005.558984375,53.34428480066009
2020-05-28,0.018803043536468778,0.04671565411448131,0.011640590370102455,8986.19296875,57.05734198873356
2020-05-29,0.009504662651105722,0.052057631262868886,0.002821020523110951,8985.99595703125,58.87261261966726
2020-06-01,0.025662097319460564,0.08705372576541204,-0.0034229554724599653,8983.4149609375,63.41239368803375
2020-06-02,0.015565527970742954,0.10522146020218814,0.07377194914456342,8999.0489453125,65.93188351876714
2020-06-03,0.008262288035990828,0.08015068183088148,0.09298147123852729,9020.9389453125,67.24146403684995
2020-06-04,-0.003225168681009971,0.05679603188437943,0.08178269497067547,9052.14494140625,66.16347901831529
2020-06-05,0.011272276241460544,0.05864645130026047,0.10252152189206876,9089.7189453125,68.08319054094798
2020-06-08,0.002494520758722585,0.0347338266889472,0.09900558777630653,9118.1589453125,68.51371709753256
2020-06-09,-0.011881032349997822,0.006769226071913215,0.08739394950248602,9166.886953125,64.0697842922632
2020-06-10,0.006917728526201428,0.005426657622075615,0.09999408533282539,9213.18896484375,65.4579500187699
2020-06-11,-0.021169158460066062,-0.012673082761705756,0.05525096643633853,9244.87197265625,58.019624859698034
2020-06-12,0.00716020911179549,-0.01668778251961711,0.09079876302261347,9271.5009765625,59.65427466485637
2020-06-15,-0.015963279394844432,-0.034792400572868254,0.07407920835678494,9294.56998046875,54.52070428085516
2020-06-16,0.010220386061458031,-0.013203444478249393,0.1236222480378546,9327.22798828125,57.02963226806176
2020-06-17,-0.0033134566648174157,-0.023230180545534718,0.11285499941818244,9352.89599609375,55.941151714652165
2020-06-18,0.021303187551898528,0.01915273587406574,0.11306402192899356,9389.6530078125,61.06886509130843
2020-06-19,0.015136275444292302,0.02722377536781817,0.12498562971859983,9432.86501953125,64.31447618560537
2020-06-22,0.006520616350433883,0.050694436359246975,0.14071412952540308,9463.24501953125,65.66264689261882
2020-06-23,0.015497691991291696,0.05618317530764583,0.1597012118112251,9497.69001953125,68.70821862425097
2020-06-24,-0.015824677233549855,0.04292510459763088,0.10631829356139422,9521.5580078125,62.51628048611825
2020-06-25,-0.001591357298992957,0.019545861416606636,0.08417201232122862,9547.4590234375,61.92150994168561
2020-06-26,0.00914574014738645,0.013529304214020987,0.08378654235014138,9576.61302734375,64.03582910723532
2020-06-29,-0.006799538608783573,0.00011639724666046014,0.049485300007612754,9603.0050390625,61.28632987291298
2020-06-30,-0.0009988732845714887,-0.016130301845573514,0.032367649652134345,9623.71203125,60.875628106166765
2020-07-01,0.012419817334717198,0.012105421711579467,0.03662457644729078,9647.07603515625,64.0943348171824
2020-07-02,0.011663452514898642,0.025542069094862452,0.052108425112159074,9678.48103515625,66.8838640795486
2020-07-03,0.005273976044848361,0.021607397609072487,0.04586790777427363,9706.88203125,68.10461636614052
2020-07-06,0.014735139974255018,0.04375799842006045,0.058638123016069965,9735.87703125,71.30418671915004
2020-07-07,0.003344590235981215,0.04829605615511867,0.07495035367237013,9768.78203125,72.00086846262525
2020-07-08,-0.00869476207364206,0.02643325779600736,0.05828300159726796,9797.25103515625,67.40410833390607
2020-07-09,0.010060032721901813,0.024806428836585015,0.09204708092430813,9825.90203125,69.78668182991093
2020-07-10,-0.004198511095439339,0.015149891464920628,0.07973100932703381,9850.19603515625,67.54534740102
2020-07-13,0.003217889149241815,0.003627933207632994,0.10077748253124685,9869.05203125,68.38004392344493
2020-07-14,-0.01808349601540049,-0.017806204302403428,0.06993641409874929,9895.3290234375,59.14459578163409
2020-07-15,0.0010229309240368245,-0.008177830108820006,0.074591497502841,9923.58103515625,59.47201694375834
2020-07-16,0.011466161662100571,-0.006797090537473571,0.06424120729447402,9952.96203125,63.05025433480586
2020-07-17,0.01506059125586967,0.0124117545005058,0.06416186205383156,9987.0150390625,67.19429100409748
2020-07-20,0.011053321760931656,0.020318993958125864,0.06895414564089464,10022.42904296875,69.90243034092997
2020-07-21,0.012706156865764484,0.052312821869712645,0.06601566230541489,10060.8900390625,72.72100820308526
2020-07-22,-0.0026563094918139463,0.04844506645199487,0.08027906226572767,10099.61103515625,71.20075542787717
2020-07-23,0.007442159858846331,0.044273948328692914,0.09005333607192378,10136.24904296875,72.90523259921966
2020-07-24,-0.0018991484351116306,0.026826108778724933,0.07812293081238564,10177.27705078125,71.7298620386477
2020-07-27,-0.005569925698846956,0.009943532818575518,0.07945768036774603,10217.1760546875,68.26060982487678
2020-07-28,0.0151592736988444,0.012389957641828486,0.09691715603331019,10266.72205078125,72.18207637413265
2020-07-29,-0.008645614328603224,0.006310296109171221,0.0740935871984223,10313.19705078125,67.01926861135269
2020-07-30,-0.008988714680747911,-0.01010211830238017,0.05216696694595546,10353.9090625,62.0898831605892
2020-07-31,-0.002585102372305803,-0.010782434673522467,0.04394128628753324,10393.25306640625,60.71912131546558
2020-08-03,-0.016422215545293994,-0.02157784001930707,0.011887158548129939,10430.30005859375,52.76962346905626
2020-08-04,0.018697932161379383,-0.018167240376423144,0.027371220241685368,10471.6240625,59.210152288112056
2020-08-05,0.0005768586219327965,-0.009033346182324209,0.036980163988977965,10507.35806640625,59.39754741976465
2020-08-06,0.008872554668374333,0.008827118760952324,0.03576103725711244,10541.55908203125,62.27033554269719
2020-08-07,0.0012410024488720417,0.012697001105808736,0.04141882774407768,10574.23408203125,62.6716959541667
2020-08-10,0.005002705259437024,0.03475621532434592,0.0432716068076513,10603.11408203125,64.32143247125646
2020-08-11,0.004644978776729314,0.02048173768053907,0.06742027150617669,10629.98208984375,65.83863071211414
2020-08-12,-0.0012452735151247118,0.018623357133872087,0.065001618223133,10654.9191015625,65.03645391956522
2020-08-13,-0.0007030344733010008,0.008955219455933028,0.05218832395001538,10680.34611328125,64.55881440288866
2020-08-14,-0.010800437378868932,-0.003178995517533645,0.02538138000084378,10701.07111328125,57.568850564328464
2020-08-17,0.0061457110453491115,-0.002045294911873996,0.02040422148729837,10722.6641015625,60.182191827272945
2020-08-18,0.012292057935075373,0.005550859737248892,0.01998697479226852,10749.4380859375,64.87112073929632
2020-08-19,0.002024600213507588,0.00884298367105063,0.024774157961968024,10775.2830859375,65.59852945241121
2020-08-20,-0.008432399987605033,0.0010397815836464819,0.008626492768024407,10803.48708984375,60.01335081425236
2020-08-21,0.005250916093857194,0.017283261647349057,0.01585195951080065,10831.46107421875,62.15590577030102
2020-08-24,0.008341006471886514,0.01950285794167428,0.0300625591994641,10864.51607421875,65.34875453121458
2020-08-25,0.0005058064691958464,0.007632650169428601,0.015193968282966042,10895.68107421875,65.5402025982678
2020-08-26,0.0067423225064831005,0.012376776227632336,0.030951946343172,10929.05005859375,68.07364435020557
2020-08-27,0.0008355606212675504,0.02183923555294509,0.041172168750388094,10958.40205078125,68.38592860295921
2020-08-28,0.007643195654994939,0.024270991723315705,0.05184918918094228,10986.46603515625,71.16654948368809
2020-08-31,-0.022330747801946216,-0.006885321434943692,0.04553053806698437,11007.99203125,55.64857181566873
2020-09-01,0.007266739846322645,-0.00017433371832031863,0.03379824699758904,11027.97703125,58.731681481041235
2020-09-02,0.005645038251127943,-0.0012640792641114285,0.03903470151978028,11052.57103515625,61.015342010201664
2020-09-03,-0.0006545127600779965,-0.0027510266399204397,0.029222804451042306,11077.34203125,60.59429832352545
2020-09-04,-0.016794744948559814,-0.026936880603920077,0.01068300986477011,11096.3590234375,50.89540245156963
2020-09-07,0.0018705202595032944,-0.0028496329582875513,0.007533121663853226,11117.21201171875,51.80512564329858
2020-09-08,-0.0033201259317187093,-0.013330170713367173,-0.0004548810443806284,11137.51701171875,50.030091034922734
2020-09-09,-0.003476927967516641,-0.022280017338534908,-0.0026883015789043174,11154.476015625,48.1747034250002
2020-09-10,0.015184429863450921,-0.006783824175124131,0.013167599707595956,11172.42701171875,55.8487013785331
2020-09-11,0.0013276149365679668,0.01152305619349936,0.025589511440957224,11189.5690234375,56.46490276808074
2020-09-14,-0.0021283524468515003,0.007485656290552756,0.017155551387814327,11203.09701171875,55.13464420971933
2020-09-15,0.007145947910690342,0.01806520098514408,0.011984717201845463,11217.54,58.64954771575366
2020-09-16,0.0071820376506051,0.02895458456175737,0.01719341952827036,11235.51599609375,61.903093532845745
2020-09-17,-0.007622027291120936,0.005838776284472713,0.018024735289514426,11249.568984375,56.762061609019
2020-09-18,-0.0009681588767627147,0.0035326595964069174,0.011726633940537523,11264.3069921875,56.12926342755276
2020-09-21,-0.02211225483867385,-0.016564613199704148,-0.01882887789572929,11273.263984375,44.059537501111244
2020-09-22,-0.00861286032635733,-0.03195242239087703,-0.02777132727886855,11284.19,40.488247597458766
2020-09-23,-0.0019545871070447696,-0.040734039947121325,-0.036170085035753585,11294.46298828125,39.7084116033535
2020-09-24,-0.029312272096516434,-0.06170056084866249,-0.06520320914527322,11295.77498046875,30.301156174801704
2020-09-25,0.022645788482354545,-0.03952213504563973,-0.05128521149492482,11298.7459765625,41.49492096902429
2020-09-28,0.016044868187371275,-0.002044344534203768,-0.014046120334796908,11302.85296875,48.01012473731544
2020-09-29,-0.0004586409458945395,0.006163901287222107,-0.021608039003073176,11304.0559765625,47.84348006419633
2020-09-30,0.002241001317642377,0.010393618255052584,-0.02491982620827915,11306.35498046875,48.77859465030309
2020-10-01,0.015061092732783665,0.05658207140554494,-0.009585814566774986,11310.38498046875,54.67353355632544
2020-10-05,0.0075676439490797165,0.04100356185380427,0.014955201087174741,11316.56896484375,57.36841912828583
2020-10-06,0.013826475474619793,0.038730675303346285,0.027067304082684096,11327.1809765625,61.86351371904305
2020-10-07,0.006555187284725372,0.04601949678978068,0.03724370232857699,11335.94697265625,63.837257113043115
2020-10-08,0.008156676606839941,0.05219357236745403,0.049352687477832946,11348.58197265625,66.19695422344721
2020-10-09,0.0067260903253916204,0.043553662886622435,0.04060966397908161,11364.82296875,68.06271133678887
2020-10-12,0.0014058853909966196,0.03717183259291823,0.04069100498083533,11381.97296875,68.45724325984143
2020-10-13,0.0002975290843887368,0.02333135548953802,0.04322098275393005,11402.8309765625,68.54592523371409
2020-10-14,0.0030625333853533387,0.019780489829860137,0.038991304103134006,11420.34697265625,69.49684898423362
2020-10-15,-0.02428360085835335,-0.013033816528766007,0.0065319039483016095,11431.92095703125,55.20228844602238
2020-10-16,0.007028949362235082,-0.012736901975149317,0.021391842229026237,11443.166953125,57.83979772729494
2020-10-19,0.009402769621849272,-0.004852957197637786,0.03199488942811546,11456.346953125,61.1574996585086
2020-10-20,0.002000328507897331,-0.003158925410574387,0.05744163718387729,11468.87994140625,61.851731006431926
2020-10-21,0.0034337457642519276,-0.0027900154629230123,0.07029088886083223,11481.18294921875,63.07422305656227
2020-10-22,-0.0034512817819539743,0.018501208710743677,0.06868585300447916,11492.9439453125,60.95269024009592
2020-10-23,0.0028495402835257977,0.014274187033702423,0.10409463886784875,11505.54193359375,62.08277745614919
2020-10-26,-0.013629073304543216,-0.008868808471259593,0.064930657677428,11517.32892578125,54.00864102366369
2020-10-27,0.010337608346965288,-0.0006219667628251102,0.05894879982284085,11530.17494140625,58.37080195116168
2020-10-28,-0.013440608945763599,-0.01742811813398293,0.045195252450064505,11537.05994140625,51.46537330679066
2020-10-29,-0.005012942184360991,-0.018967875872242246,0.03763041794432476,11542.3079296875,49.160774326799086
2020-10-30,-0.002433373422367602,-0.02413585755472969,0.019746971954477388,11548.91193359375,48.041806128097505
2020-11-02,0.002297636149117599,-0.008378798782689989,0.014413261083091378,11554.86294921875,49.21437647741627
2020-11-03,0.01237019016319918,-0.00638387034932808,0.012956132898375161,11561.8039453125,55.102579334414415
2020-11-04,0.008041647267956087,0.015252045814250215,0.014452045666341284,11570.5289453125,58.51182996710608
2020-11-05,0.017785598915690537,0.03851492678500579,0.024141095156795744,11581.94294921875,64.90939896342613
2020-11-06,0.011819014571289532,0.053352349448716696,0.02932212012959523,11596.0289453125,68.45268974742915
2020-11-09,0.016104635537461442,0.06786264531295383,0.04443062796316655,11612.29794921875,72.56575955979193
2020-11-10,0.01364650710436388,0.06920892278960511,0.058368562518329226,11637.16994140625,75.5246347510992
2020-11-11,0.009346041508720315,0.07059246677793163,0.06499852549546814,11662.74794921875,77.35089304014515
2020-11-12,-0.004576821525331454,0.04706979276035406,0.08650855745803043,11685.8639453125,74.39598770720472
2020-11-13,0.002296970330761372,0.037216009874281974,0.08140310769448167,11709.7139453125,74.91161370755843
2020-11-17,0.012126619808373373,0.033155343819393446,0.0843212491393528,11740.52095703125,77.49437002679376
2020-11-18,0.004975051165572175,0.024316995362543725,0.08754036483846317,11772.1849609375,78.48482101264273
2020-11-19,-0.01287266861341374,0.0017687299934967537,0.0698671662677024,11801.27197265625,69.87357882788031
2020-11-20,0.00683930941371913,0.013257635656489963,0.08091486061567243,11832.89296875,71.63157101217426
2020-11-23,0.005241475198302092,0.016234340294516203,0.08349299212109873,11862.43697265625,72.94354844482473
2020-11-24,0.0099563448098976,0.01405525722509604,0.10940072576533333,11894.2509765625,75.29322762609576
2020-11-25,-0.015070680468092346,-0.006171592709601326,0.08150116643090533,11922.61798828125,65.87482174892432
2020-11-26,0.010001213639976747,0.0168575680132641,0.10719891833477502,11951.9219921875,68.63639784806404
2020-11-27,-0.001389836350773832,0.008546540552703874,0.11123062792179894,11979.21,67.80697876779325
2020-12-01,0.010802694687318537,0.014126044398578674,0.12597483034886126,12011.06900390625,70.76049063817396
2020-12-02,0.0003585458429504751,0.004488620017512934,0.12379646855315118,12043.245,70.85708984624678
2020-12-03,0.0015365849299400214,0.02142568217123375,0.11177046519871325,12080.91201171875,71.29492876437547
2020-12-04,0.009490662358873525,0.0209093558702933,0.11336858585779064,12123.01,73.90651836392229
2020-12-07,0.007331133249439903,0.02982506670642504,0.10193231316231066,12167.4880078125,75.75862160506092
2020-12-08,0.002785331809333158,0.021656824472776393,0.09209408438927769,12219.236015625,76.44763929307192
2020-12-09,0.010165752285866914,0.031672832666094664,0.0857110613815002,12268.8130078125,78.82036124654324
2020-12-10,-0.0037548548058806697,0.026222173445775043,0.0670725607043503,12313.8280078125,75.75382623662587
2020-12-11,0.002637558535026452,0.01925548483418904,0.05998040616983524,12359.6569921875,76.44448259483276
2020-12-14,0.0032781762806703973,0.01515455070849625,0.06834483242081668,12405.86900390625,77.31179928938644
2020-12-15,0.0007153791977927426,0.013059065516701107,0.06665901996809431,12448.8869921875,77.50707179879299
2020-12-16,0.008464907059269056,0.011353348735126723,0.06280001768920562,12492.47400390625,79.73161729413962
2020-12-17,0.004238929390550483,0.019468359839698968,0.06202154041794672,12534.04,80.76614266838087
2020-12-18,0.0014445849987885229,0.018255360422344546,0.07742505651189102,12574.47400390625,81.1212855572509
2020-12-21,-0.0314049525779333,-0.01694552674079086,0.036499632015299266,12604.35001953125,56.612739380262035
2020-12-22,0.010346283876607965,-0.007484590971389649,0.04176317559872422,12635.39201171875,60.693663070546194
2020-12-23,0.010010159185716239,-0.005963777965803496,0.04181868476536654,12668.795,64.23499072475894
2020-12-24,0.01089253037474136,0.0006222248186753543,0.06928152665276421,12705.09,67.68130999579724
2020-12-28,0.009015051389166695,0.008186474539456645,0.06823748327654577,12743.1330078125,70.263105698386
2020-12-29,0.004281594241144937,0.04533171281191284,0.07430434997050117,12788.1780078125,71.44054276368817
2020-12-30,0.003542094606974411,0.038291913747940276,0.06658761722858597,12832.5680078125,72.41770642127621
2020-12-31,-1.4318125132972703e-05,0.027986736481411034,0.0661900676770566,12874.74201171875,72.40688352524103
2021-01-01,0.0026284263414808606,0.019582886339254868,0.06735239213527366,12917.176015625,73.1987321771854
2021-01-04,0.00816067272711063,0.018719559413569842,0.06594617049508522,12961.081015625,75.55085477841092
2021-01-05,0.004712380865514287,0.019156539203596168,0.06317503696909577,13007.14201171875,76.8259299513916
2021-01-06,-0.0037501320469031096,0.011750850374405042,0.056245994624183115,13051.46001953125,73.52424742749261
2021-01-07,-0.0006291696120880319,0.011128764952527348,0.0449586459972926,13098.85201171875,72.95984931553407
2021-01-08,0.014847223590326086,0.02345115383243579,0.0644703121242558,13148.00900390625,77.37148704227423
2021-01-11,0.009583718134137165,0.024895782157241975,0.07184484204644792,13203.11201171875,79.70713910661425
2021-01-12,0.005433314024232416,0.025631197951512474,0.07414726756406465,13260.96501953125,80.92099110700667
2021-01-13,9.609083312889233e-05,0.029590853362198466,0.07348253619432077,13319.41400390625,80.9428202254787
2021-01-14,0.002111247340323086,0.03241413791564707,0.06671924408423768,13377.94298828125,81.44518658396966
2021-01-15,-0.011092344158201595,0.006025558578298895,0.05043411108237472,13430.3469921875,70.85471045376131
2021-01-18,-0.010558650142566628,-0.014045820280812582,0.037843691377986044,13477.80298828125,62.6025515157873
2021-01-19,0.016794730817062842,-0.0029045180997779863,0.08948935844086447,13525.82,68.7676842330876
2021-01-20,0.008508265623863087,0.005482417469391709,0.08750736339724208,13573.4430078125,71.38458066389174
2021-01-21,-0.0037112802046228577,-0.0003596974526917096,0.07273308985386207,13616.02900390625,68.6591953697381
2021-01-22,-0.014972171647596122,-0.0042816328350487876,0.045286134925541344,13650.84501953125,58.922037709309365
2021-01-25,-0.009254169343308138,-0.0029688764077751006,0.02636019016261759,13680.64001953125,53.90921517085146
2021-01-27,-0.019060488041877988,-0.03812717145209388,0.0025049446337004344,13706.1740234375,45.41789716282567
2021-01-28,-0.010735650281904374,-0.056481210239439084,-0.011758044359227893,13728.126015625,41.526064803446175
2021-01-29,-0.013240422354072856,-0.06550562704720142,-0.024828822616982826,13743.33400390625,37.32379943438641
2021-02-01,0.047423511101338356,-0.0063109396006991725,0.018739536705959958,13770.1930078125,54.7519256941663
2021-02-02,0.02567357148195737,0.028720561808217582,0.0364362023729814,13807.71599609375,61.31994865918894
2021-02-03,0.009701122671723184,0.05888313551548241,0.04158246384115638,13846.33400390625,63.52950834023562
2021-02-04,0.0071467580293813615,0.07802400578804236,0.052975197711407684,13885.7180078125,65.125361801552
2021-02-05,0.0019199973566108586,0.09458659788867219,0.05566109719060619,13923.1,65.56442568797044
2021-02-08,0.01283480273296811,0.05844043903599494,0.05356774327397229,13968.24798828125,68.43113265641932
2021-02-09,-0.0004300136336804483,0.031502930984296906,0.04311774829993609,14010.693984375,68.22358071133417
2021-02-10,-0.00018530340410816137,0.021403033851177256,0.037288540655173286,14053.44498046875,68.12772984115436
2021-02-11,0.004421924647502795,0.018639630145807384,0.041775247368215584,14094.72998046875,69.23819640159336
2021-02-12,-0.0006590524229219685,0.016017542234115556,0.03889529793266289,14135.7209765625,68.85145992932355
2021-02-15,0.00998465984153385,0.013158443032787348,0.061037709532453466,14179.33697265625,71.45141394913
2021-02-16,-8.162092525865194e-05,0.013511571897042218,0.07227286064579497,14220.43498046875,71.39842512228317
2021-02-17,-0.006827318687430917,0.006778564897560679,0.047361950086545423,14257.49798828125,66.9277067042764
2021-02-18,-0.005914312869584326,-0.00358192417434533,0.03238372883535012,14292.01798828125,63.257709642230296
2021-02-19,-0.009074717063029758,-0.011972974684004933,0.026825977519654876,14321.07099609375,58.03068252281024
2021-02-22,-0.020428174591586412,-0.04172461699221408,0.02113845743640641,14345.01900390625,48.41937395773434
2021-02-23,0.0021872625461001327,-0.039550224338757545,0.032930872553278645,14368.8980078125,49.3666013426861
2021-02-24,0.01864318245786234,-0.0149189214734331,0.07263289779846072,14397.375,56.68417240383049
2021-02-25,0.007699213013950157,-0.0014287093785253502,0.09262132742617935,14427.965,59.345921080083386
2021-02-26,-0.03763569324758598,-0.030210062868156307,0.06560887791929848,14444.89400390625,44.75630553826172
2021-03-01,0.015995389118723446,0.005849779447145043,0.033635100888275815,14465.31099609375,50.1539334829705
2021-03-02,0.010672985341787733,0.01436651351619278,0.018518076525471328,14488.4819921875,53.47283485676185
2021-03-03,0.021884698711632122,0.017594420596382276,0.030808042491374588,14526.8259765625,59.49221716006579
2021-03-04,-0.010812930524138231,-0.0010995048670457974,0.012426420097204849,14559.11498046875,55.5822687688978
2021-03-05,-0.009459104528952489,0.028146808846708282,0.0009279936596477967,14585.85498046875,52.37451787359845
2021-03-08,0.0012117060677612201,0.01318631127493064,-0.010558462763280763,14609.993984375,52.74716398684588
2021-03-09,0.00950777560179139,0.012018203909392122,-0.0007213712219223956,14634.49798828125,55.68102262237438
2021-03-10,0.005060099883821945,-0.0046439501562117735,0.004521219652964037,14659.3419921875,57.21792973326435
2021-03-12,-0.009479506235763657,-0.0033022100815609523,-0.009381585496058276,14680.3219921875,53.458855612049554
2021-03-15,-0.006749419963093084,-0.0005756829583331013,-0.01541879456971662,14699.2769921875,50.918172832718575
2021-03-16,-0.001275984104457617,-0.003058932041732021,-0.026396207228642443,14717.11599609375,50.43347397750248
2021-03-17,-0.012685759862868795,-0.024976194575661914,-0.03866864639075651,14728.883984375,45.77416985677097
2021-03-18,-0.011102973071742905,-0.040656232915963986,-0.042807222384816046,14736.0509765625,42.150352738283715
2021-03-19,0.012786942826028547,-0.01909062245459292,-0.02480001524370057,14748.0059765625,47.27028710204247
2021-03-22,-0.000515437423697751,-0.012934097550152401,-0.016376565446292957,14759.9869921875,47.08706523560246
2021-03-23,0.00531673999743143,-0.006418330369567626,0.009474832739627237,14769.3369921875,49.27020923718001
2021-03-24,-0.017911176994211853,-0.011676918230261513,-0.010769755923113467,14770.63,42.82568125412535
2021-03-25,-0.015430189146808937,-0.016001622835833174,-0.04385927175110127,14765.85900390625,38.265363293676295
2021-03-26,0.012733031929623273,-0.016054001309854904,-0.03908300595497216,14764.7080078125,43.527029053099135
2021-03-30,0.02328481586755049,0.007376239506843962,0.021745883981892478,14769.6980078125,51.73195567384935
2021-03-31,-0.010400699094332388,-0.008373398450024494,-0.004799605076189373,14774.8380078125,48.279205786145795
2021-04-01,0.012024574166918489,0.021853080554087523,-0.003468707988750208,14786.55900390625,52.20928235629038
2021-04-05,-0.015439860548026041,0.021843042920373756,-0.03986722859452141,14788.8919921875,47.19111151067945
2021-04-06,0.003122067245233451,0.01214562307836009,-0.026341528107023837,14789.66798828125,48.2573929224715
2021-04-07,0.009231436965811968,-0.0017547746645666384,-0.007969541494607935,14794.2419921875,51.392372791989644
2021-04-08,0.0036945688638336804,0.012463640734661663,-0.005509446888175895,14804.27998046875,52.64051293179068
2021-04-09,-0.0026187118170183377,-0.0021859982346488227,-0.017455543264943807,14816.19896484375,51.624899702552696
2021-04-12,-0.03532558930400764,-0.022339422888901894,-0.05693650071964118,14823.0649609375,40.346211216582596
2021-04-13,0.013556195506029933,-0.012170136228589867,-0.03500446637026866,14836.8099609375,45.12570786766162
2021-04-15,0.005284484560774683,-0.016033390298738515,-0.023312890899728766,14855.74697265625,46.93476203746971
2021-04-16,0.002496282165007191,-0.017208124263702773,-0.01962385991735427,14862.4799609375,47.81458737704417
2021-04-19,-0.017676978554819645,-0.03204612291870268,-0.024580004087667695,14856.71197265625,42.43562212847572
2021-04-20,-0.004390823034999047,-0.0010061921247604966,-0.0179593295552134,14846.8409765625,41.21721106794853
2021-04-22,0.007676757575422188,-0.006801156540652165,-0.022914379366182902,14837.0509765625,44.219491101901745
2021-04-23,-0.004498133053794207,-0.016466166445823438,-0.026807820823145034,14825.39296875,42.828593310355025
2021-04-26,0.010016518287169873,-0.009088177326013747,-0.02225822237972286,14812.77697265625,46.82183911261714
2021-04-27,0.011601643402658013,0.020446438086525243,0.007123964650068038,14803.65197265625,51.1228352763811
2021-04-28,0.014433855260107098,0.039740731830305354,0.03767212332001102,14798.81296875,55.95146850738013
2021-04-29,0.0020418099664161193,0.03392648186694358,0.02671762431022895,14793.24498046875,56.613853799229894
2021-04-30,-0.017710812045177438,0.020203816787967455,-0.014415531429971318,14782.6009765625,49.62827907258444
2021-05-03,0.00020851346320172048,0.010296885787021148,-0.003849360747661512,14768.98998046875,49.70556830664793
2021-05-04,-0.00940610742344028,-0.010683769370484208,-0.02494389512042894,14752.6509765625,46.25683809977795
2021-05-05,0.0083709591539336,-0.016596546720486827,-0.0013629230880799481,14740.8299609375,49.578213927650836
2021-05-06,0.0073164109749706,-0.011420055285805253,0.002812667598835361,14732.946953125,52.37195069837589
2021-05-07,0.006679247748155426,0.013126202840348489,0.0002767104498293538,14729.7749609375,54.84943277999709
2021-05-10,0.008041422748121585,0.021060274120692446,0.0046087620909014415,14735.10794921875,57.719976020713524
2021-05-11,-0.006130201191218876,0.02443693305280581,0.0010718268835669953,14737.966953125,54.83486482619339
2021-05-12,-0.0103866808073666,0.005380435065808653,0.026951686878196934,14732.256953125,50.27737947013723
2021-05-14,-0.0012724250884564858,-0.003191893989963668,0.011927086366548156,14723.86595703125,49.737670546109825
2021-05-17,0.01671576048197254,0.006746204238961662,0.023433896542220944,14731.74595703125,56.35717476082851
2021-05-18,0.012393443335275034,0.011092632974937677,0.03353776465764047,14738.676953125,60.57250953260257
2021-05-19,-0.005159432408138875,0.012080224273184781,0.046707930052324986,14740.89796875,58.028579837135204
2021-05-20,-0.00825677606093067,0.014258483631306884,0.04264356043513473,14734.10697265625,54.130771305358856
2021-05-21,0.01806313567497475,0.033894725818587546,0.05339035017731275,14735.99796875,60.353117456715495
2021-05-24,0.001476108604989923,0.01839757675162068,0.05971199428662555,14741.18998046875,60.829197267734145
2021-05-25,0.0007073438653115716,0.006642171320821122,0.04994478393596835,14746.23498046875,61.07079000092043
2021-05-26,0.006115021504864648,0.01805037192819592,0.04425020042022765,14750.2959765625,63.18618460982044
2021-05-27,0.002378821196545866,0.028968090831932747,0.03184084354429939,14753.55697265625,64.01048948817967
2021-05-28,0.006376433707514062,0.017156207079156438,0.03630437168551692,14761.6509765625,66.20037559774607
2021-05-31,0.009533088035724946,0.025339334532587854,0.06504638890590897,14774.71697265625,69.23371841831984
2021-06-01,-0.0005101904286871628,0.024091831143677744,0.0642810954951396,14788.0049609375,68.8740772832657
2021-06-02,8.67158252806366e-05,0.017955814415823612,0.07448006038095412,14805.10296875,68.90362953058339
2021-06-03,0.0073284506253876724,0.022982361216042912,0.07336920468193653,14827.75296875,71.37715938535877
2021-06-04,-0.001281017305247989,0.015198556810893216,0.06420801694101974,14846.27796875,70.31653037415758
2021-06-07,0.0051945814919991395,0.010835702701301964,0.06263850635875867,14866.58296875,72.12316864083725
2021-06-08,-0.0007333060957773752,0.010610054295518312,0.05338852461994881,14885.0899609375,71.45853820839528
2021-06-09,-0.006654976944212576,0.0037974225626800084,0.05283232223120038,14906.8089453125,65.55841319842135
2021-06-10,0.0065492869160790335,0.003020990086586517,0.07085020242914974,14935.0659375,68.31279000482476
2021-06-11,0.003914130633349666,0.00823851625692007,0.07641130275733299,14960.90693359375,69.87359463294035
2021-06-14,0.0007911718082738162,0.00382177214813173,0.05955171632581657,14980.24193359375,70.1944274241377
2021-06-15,0.003630213545097627,0.008205182548405077,0.050380286753781034,15003.8129296875,71.68560132918921
2021-06-16,-0.006408632752808119,0.008455211978965371,0.04906134635368975,15021.81693359375,65.43879893560066
2021-06-17,-0.0048295020472909345,-0.002945122992486171,0.052686700784438045,15042.8889453125,61.14246304472733
2021-06-18,-0.000513069646403852,-0.007342074380781383,0.03347873262645984,15062.8859375,60.688806014970424
2021-06-21,0.004026588209654625,-0.004132951614734148,0.036110713965575414,15081.43494140625,63.00738776717296
2021-06-22,0.0016670371193598932,-0.0060809427036564445,0.03710435957908631,15099.4139453125,63.95895932214014
2021-06-23,-0.005439749231269109,-0.005111739640805801,0.025193690472429475,15116.45595703125,58.64857906327726
2021-06-24,0.006597840798329813,0.006312362327245191,0.029508738021583936,15146.04896484375,62.674528099783586
2021-06-25,0.0044266891189239654,0.01128585438752161,0.027514177116109373,15173.1599609375,65.14277454201304
2021-06-28,-0.0028782098242977616,0.0043311336050868565,0.014881818000077374,15197.8249609375,62.24774377989372
2021-06-29,-0.0041891404314852165,-0.0015406194029259357,0.0111462126628179,15220.43697265625,58.20494459441718
2021-06-30,-0.0017112919035373597,0.0022024551781789636,0.009328321597408928,15247.67796875,56.59468851841999
2021-07-01,-0.002639697229908089,-0.006994746441446487,-0.0006596162375385184,15275.3499609375,54.112124182353035
2021-07-02,0.002691338986766656,-0.00871036373503653,0.003315211647070049,15301.67095703125,56.21540482284093
2021-07-05,0.007133188273225066,0.0012424778098749645,0.005250193897092803,15331.53095703125,61.29297871890449
2021-07-06,-0.0010167521731027085,0.004432169757775606,0.00496505057556651,15358.19595703125,60.21345674422216
2021-07-07,0.0038816171589777237,0.010059497543173368,0.015624900456560065,15382.72796875,62.8973553517592
2021-07-08,-0.0095562557277451,0.0030548718510841066,-0.0006258588028784651,15399.99498046875,53.32342652079164
2021-07-09,-0.0024224839292732447,-0.002060805117763409,-0.0069338173656525726,15415.89296875,51.21554010522723
2021-07-12,0.00017844744498685117,-0.008952056983513534,-0.007541812181751095,15437.12296875,51.36767713553596
2021-07-13,0.007630985495128417,-0.0003730115926224853,-0.0035855752871118973,15460.686953125,57.47597574564589
2021-07-14,0.0026308921169333477,-0.0016184358395996412,0.005479633278171914,15487.83595703125,59.38449150302434
2021-07-15,0.004431072328003882,0.012480992364658494,0.014836139470801424,15513.96296875,62.44934992159655
2021-07-16,-5.0225736783704455e-05,0.014888691305526391,0.015306091315244741,15537.93498046875,62.39162449970924
2021-07-19,-0.010738912280361723,0.003810763209320278,0.00037471124535604083,15556.51998046875,51.44294245092841
2021-07-20,-0.0076369809214345,-0.011399317903591721,-0.00891730298299287,15570.31498046875,45.40613765907578
2021-07-22,0.012279233123449584,-0.0018859899429884974,0.008739723634487495,15589.7809765625,54.567371850758896
2021-07-23,0.002022238326785386,-0.00427967431890619,0.004154384996222227,15612.97197265625,55.896091468277575
2021-07-26,-0.0019929055322251976,-0.006214137237342654,-0.002263469276949648,15635.90498046875,54.21007461698482
2021-07-27,-0.004929081202650898,-0.00037773260994822255,-0.004315605048284765,15652.3709765625,50.18604632718097
2021-07-28,-0.002352898858342667,0.004945003114209978,-0.0024795966716218976,15664.3969921875,48.350122727182224
2021-07-29,0.004395444954646832,-0.0028816649301427466,0.0036224403086537738,15679.36298828125,51.88302142798702
2021-07-30,-0.000976039499086867,-0.005865269165117426,0.0052965436662946175,15696.50298828125,51.044403790208364
2021-08-02,0.007746000136419795,0.003835848611693393,0.010364337897254439,15710.7,56.98138712741388
2021-08-03,0.015460955882416139,0.024405488216125093,0.01871882318737672,15729.36099609375,65.93121591001137
2021-08-04,0.007938242467802281,0.034972653341394766,0.02785072967537494,15750.36798828125,69.49466130155028
2021-08-05,0.0022018725316477195,0.03271230112421564,0.02613087873741704,15770.2309765625,70.42600481036764
2021-08-06,-0.003461233501561467,0.030143303263794996,0.03244551351505742,15788.23798828125,66.9577309187167
2021-08-09,0.0012347307242392969,0.02348731993089559,0.03623055758446769,15804.68998046875,67.56917751986697
2021-08-10,0.0013439090538649445,0.009258689730793579,0.03743802904708149,15818.6359765625,68.25851847137949
2021-08-11,0.00013208706805212245,0.001442307894444994,0.02971730338838441,15832.783984375,68.32986689287105
2021-08-12,0.005045395484346349,0.004283675752906557,0.03219703537755669,15848.54798828125,71.0107117774807
2021-08-13,0.010064482340847336,0.017914510879504686,0.037986172406985874,15865.32298828125,75.49019786730825
2021-08-16,0.002054024277023725,0.01874745321605964,0.040170464532286676,15883.17900390625,76.30308520852054
2021-08-17,0.0031122785775283823,0.0205465573323258,0.054734465692170664,15900.43798828125,77.52206279399034
2021-08-18,-0.00275360231817956,0.01760196590612484,0.05992477168186716,15917.01298828125,73.88925687325008
2021-08-20,-0.007142898400624986,0.005261397137674928,0.039588487336972955,15933.31599609375,65.35690481661766
2021-08-23,0.0027931806783987323,-0.0019753278397863783,0.04038833265225872,15948.48998046875,66.95249771788028
2021-08-24,0.007768362083601765,0.003716032084781995,0.05056412097650753,15964.99498046875,70.96856026843076
2021-08-25,0.0006045728309951315,0.0012068169995915756,0.05640637631311374,15981.45099609375,71.26351814251518
2021-08-26,0.00013525983096518424,0.004107151845442303,0.05904108221428417,15996.80400390625,71.33373314901627
2021-08-27,0.004105261588480014,0.015482764581623565,0.058735110987821804,16015.5569921875,73.45409189996353
2021-08-30,0.013519836521704187,0.02634515808444582,0.07409739809457228,16040.35,78.98868777135212
2021-08-31,0.011880446175423387,0.030533042677836963,0.07850406180988845,16069.3269921875,82.49014701223274
2021-09-01,-0.00326573477436376,0.02654697267481354,0.058614757528323125,16095.9219921875,78.56817396219641
2021-09-02,0.009246783727399066,0.03589911497796505,0.05998908884137322,16125.15,81.27411723998533
2021-09-03,0.005190230833697296,0.03701843854282827,0.06314975664747058,16157.88298828125,82.61334253077658
2021-09-06,0.0031287476677577253,0.026386430811178307,0.07018022762562492,16189.63,83.38858026284954
2021-09-07,-0.0009035189246697772,0.013419199000055393,0.06789473709501337,16219.665,82.24455910758738
2021-09-08,-0.0004953092983268625,0.016236000292804365,0.06593328151425282,16250.44099609375,81.58437388223662
2021-09-09,0.0009075978909154347,0.007839064085717329,0.0667598151361144,16282.8569921875,81.87139218681139
2021-09-13,-0.000803098507419775,0.00182994138572945,0.060552196656876944,16315.5330078125,80.6721667346897
2021-09-14,0.001423151293159064,0.00012655334110944771,0.05147893174667462,16349.5330078125,81.19734395298786
2021-09-15,0.00802354538262362,0.009062821485601669,0.0577428910972535,16385.47798828125,83.86331053903336
2021-09-16,0.006281634763507293,0.015904572564612307,0.06108485395292518,16421.38099609375,85.59870702474124
2021-09-17,-0.002515647600612625,0.012430035299451525,0.061338041276864264,16456.71900390625,81.78171008117747
2021-09-20,-0.010705054879733056,0.002396939695792799,0.05753019000182369,16487.06400390625,67.93416683231888
2021-09-21,0.00949017386246398,0.010471806674338335,0.06459273551055378,16523.74599609375,72.35521725520086
2021-09-22,-0.0008740239935656202,0.001552627113750038,0.05546303687999998,16560.8830078125,71.3699941996635
2021-09-23,0.015746528367181822,0.010973040571201631,0.07143515494588959,16603.49,77.34888583357895
2021-09-24,0.0016972499684944076,0.01524290791780225,0.07310849975458122,16644.3069921875,77.89320796332237
2021-09-27,0.00010644538279747096,0.026337980241406544,0.06883488042060248,16684.32998046875,77.92909097005312
2021-09-28,-0.0059646824901542495,0.010625191286584679,0.04828695151221085,16720.81796875,70.97617320833706
2021-09-29,-0.0021015082285871234,0.00938357959835856,0.03380193955871191,16756.5759765625,68.66551130855231
2021-09-30,-0.005259376020738893,-0.011490737341581458,0.0317341565405167,16793.8909765625,63.13730736333007
2021-10-01,-0.004886983449795879,-0.017988285100337675,0.01728547006222314,16831.89,58.45292007364243
2021-10-04,0.009080467581137563,-0.009176628131997044,0.02122251719706325,16869.23400390625,63.800891163961296
2021-10-05,0.007407660919946268,0.004152506310191928,0.025578610642124522,16908.5590234375,67.50855949264313
2021-10-06,-0.009892144870289554,-0.003686955693233518,0.016351731473289277,16944.99001953125,58.78543553031125
2021-10-07,0.008180302016037588,0.009773966899591757,0.02517357359466388,16985.8680078125,63.000943477147835
2021-10-08,0.005893622760496431,0.02071340324249893,0.03028047951120505,17029.583984375,65.74187785614161
2021-10-11,0.0028359561343596074,0.014396903483360424,0.03403273990722844,17072.93396484375,67.01558811456495
2021-10-12,0.0025632525445875576,0.009518885332609806,0.03520996655638675,17117.511953125,68.17074259780718
2021-10-13,0.00943759784921161,0.029227586988552545,0.036662156054688255,17163.0439453125,72.06045261346065
2021-10-14,0.009734787740718787,0.03081452494818393,0.04021956273575533,17207.1999609375,75.42763646319301
2021-10-18,0.007552396132719963,0.032514394245488853,0.05071895154792028,17251.56498046875,77.6953735119196
2021-10-19,-0.003155307734996393,0.026345821861348817,0.058737452444440175,17294.04798828125,74.57540184507342
2021-10-20,-0.008260625212080042,0.01526518262617027,0.040120692937877234,17334.6159765625,67.0124025407508
2021-10-21,-0.004844908296702255,0.0009002221358074269,0.03598688095406377,17373.01296875,63.00963556216134
2021-10-22,-0.003476668084567369,-0.012195641481859476,0.016380631975759785,17409.708984375,60.24231241276799
2021-10-25,0.000579633328010587,-0.019031738061890513,0.015246632748550981,17446.5719921875,60.552294733820084
2021-10-26,0.007889480889700096,-0.008162856294536835,0.023147492329473884,17484.6519921875,64.60034804169436
2021-10-27,-0.0031448386638428527,-0.00304656541529702,0.02604992053180255,17518.288984375,61.854095472077645
2021-10-28,-0.0194223384240636,-0.017650338389032072,0.008240457352771458,17544.17296875,48.253587778907225
2021-10-29,-0.010393515763905459,-0.02446880691816533,0.003036641123716821,17565.313984375,42.92049627042316
2021-11-01,0.014599655057507821,-0.010799761427684018,0.022678442718191416,17592.53,51.023795606407454
2021-11-02,-0.002270048271341696,-0.020770902966946503,0.011174971737440753,17621.298984375,49.82215095465212
2021-11-03,-0.0033400508475575075,-0.020962663473189536,0.0003870677296198277,17647.953984375,48.033747715867754
2021-11-04,0.004913376165984751,0.0033348237410575354,0.015346298382069579,17673.7980078125,50.82103045511928
2021-11-08,0.008469704042186388,0.022459724012849458,0.015637757434985744,17702.476015625,55.29429054190579
2021-11-09,-0.001344921435271762,0.006391625429290171,0.008329093151074218,17730.6230078125,54.44032246941564
2021-11-10,-0.0014991358050348014,0.007169230480322364,0.0039702553000404706,17756.8630078125,53.45072359555968
2021-11-11,-0.007970140510272006,0.002490318834864169,-0.006577920376279356,17775.713984375,48.41904542058222
2021-11-12,0.012820606684330382,0.01037848335873659,-0.003248585626385081,17795.125,55.60159542406819
2021-11-15,0.0003700663573213969,0.0022635150984240404,-0.012492893535199223,17815.788984375,55.79539154136975
2021-11-16,-0.006087981951756416,-0.0024966835002839805,-0.02586189582727727,17831.0899609375,51.78899173867563
2021-11-17,-0.005586294529162039,-0.006579758967288907,-0.028237508483203277,17842.5909765625,48.37722003379023
2021-11-18,-0.007478195643460861,-0.006087124614111539,-0.027470839611958286,17850.3309765625,44.20261626919624
2021-11-22,-0.019603372100156835,-0.037905799878471536,-0.041893753719571714,17851.42,35.595971106899825
2021-11-23,0.004983697932798847,-0.03346869372191963,-0.03375954424604488,17854.4169921875,38.79473458321619
2021-11-24,-0.0050446817378146935,-0.03245413478681236,-0.03919083684034996,17855.3330078125,36.79276584998178
2021-11-25,0.006959452503032093,-0.02024735847205661,-0.04007742194005803,17858.9519921875,41.27253202355407
2021-11-26,-0.029071254187753914,-0.041562614272561915,-0.06504328718793184,17851.8809765625,31.242196187554526
2021-11-29,0.0016151341742889347,-0.020819366994891064,-0.04498457384255694,17842.5709765625,32.19940078055636
2021-11-30,-0.004148599194972014,-0.029717191408117793,-0.038957944315163195,17829.6449609375,31.003561547665342
2021-12-01,0.01081664117042136,-0.014249191331223265,-0.04254126451895701,17821.2799609375,37.49458010615234
2021-12-02,0.013674571102433752,-0.0076755069855299896,-0.027240215295275427,17821.3749609375,44.65944558237084
2021-12-03,-0.01177768586739425,0.009999148842643857,-0.035475513635791045,17814.0689453125,40.31452900539832
2021-12-06,-0.01654091957599968,-0.00830888006833097,-0.05606753088984873,17801.3809375,35.19646014535171
2021-12-07,0.015636548581649423,0.011393613035308947,-0.04935933010330229,17788.4559375,42.50449565243549
2021-12-08,0.017060948527881648,0.017641484629361992,-0.03183839727336968,17780.786953125,49.3245081473966
2021-12-09,0.002696066593683266,0.006620016846911492,-0.02777066531263639,17774.021953125,50.34399622876676
2021-12-10,-0.00031677089480919296,0.018294299301169437,-0.02027005393669934,17769.2759765625,50.21582415061628
2021-12-13,-0.008169055116863166,0.026962704548478156,-0.040573945947438905,17762.4149609375,46.90070775881205
2021-12-14,-0.002495911181322197,0.008628035572354031,-0.043322622275706824,17756.5499609375,45.911562893683865
2021-12-15,-0.005974060321640162,-0.014215979586141736,-0.04321296845888323,17750.336953125,43.54995361820298
2021-12-16,0.0015678167505297491,-0.01532519972120594,-0.03632955478814148,17741.4799609375,44.35408562703296
2021-12-17,-0.01525945397337003,-0.03004354554079247,-0.043884621735968854,17724.7379296875,38.58403726986113
2021-12-20,-0.021842546279377872,-0.0434154725576843,-0.04606833882193151,17704.1019140625,32.221108346986526
2021-12-21,0.00942870544420904,-0.03198002694144275,-0.041849132671592404,17683.7119140625,36.94916328011329
2021-12-22,0.011007170994593363,-0.015443063040319172,-0.0263910549715326,17664.9169140625,42.07687948047313
2021-12-23,0.006909306212627531,-0.010192294779146738,-0.026439540416280605,17647.449921875,45.12681688905975
2021-12-24,-0.004032754879180422,0.001092173309896971,-0.0013331739611922577,17627.6859375,43.67142885327608
2021-12-27,0.004851870910828504,0.028412490727646178,0.0018940352662999427,17606.1759375,45.922045401611165
2021-12-28,0.008603409174043453,0.027571673552335474,0.014723420365577278,17584.069921875,49.77291503380786
2021-12-29,-0.0011402602889762914,0.015225216819353182,0.0027203058028753,17558.8008984375,49.26785759335544
2021-12-30,-0.0005606259494814747,0.0076935916251952285,-0.011361058717827666,17534.5048828125,49.004863937164785
2021-12-31,0.008724831757606522,0.020601383885907598,0.009150102615531841,17516.25390625,53.19031543402247
2022-01-03,0.015653315812207858,0.031572124881117825,0.04218535196381312,17505.2058984375,59.645545448399844
2022-01-04,0.01018687423526421,0.033191649862910344,0.03659322278659194,17499.012890625,63.25271106381476
2022-01-05,0.0067395852346920915,0.04134233436203627,0.026073641580446116,17495.0098828125,65.47397330024033
2022-01-06,-0.010005417462796928,0.03150155612435457,0.013076026018252307,17484.5598828125,59.66867189263426
2022-01-07,0.003764183651131514,0.02642889797208281,0.017211653278362826,17476.5948828125,61.05375169471521
2022-01-10,0.010700318921871732,0.021423352220734104,0.03656388992846149,17479.5158984375,64.77141278387374
2022-01-11,0.002913311252602302,0.014068884177419472,0.042184924178293226,17487.197890625,65.74054247644203
2022-01-12,0.008673115731830494,0.016016491227458518,0.05754173274372354,17492.851875,68.5246945929737
2022-01-13,0.0024956237305924223,0.028846121039619588,0.058521391419788626,17500.22890625,69.30439501549513
2022-01-14,-0.00011232356375068253,0.024872748133738076,0.07480340765432025,17508.759921875,69.22107389805919
2022-01-17,0.0028675682661627455,0.01693016363101818,0.10195498250155466,17516.5858984375,70.20577668750678
2022-01-18,-0.010653690567923424,0.003173547554103262,0.08003179344740552,17517.4758984375,62.21871031700397
2022-01-19,-0.00964224043394124,-0.015041948162964225,0.05797258209991951,17515.35890625,56.067806828530244
2022-01-20,-0.010112406160797005,-0.027429414267916785,0.04008764958379141,17510.154921875,50.485219831710005
2022-01-21,-0.007875745304668613,-0.03498073808936908,0.036074418326839774,17505.0259375,46.63044336355527
2022-01-24,-0.02656790518738339,-0.06330531429960717,0.003678373509400812,17485.9529296875,36.56710770597755
2022-01-25,0.007513491221694313,-0.04610496445824952,0.0025937776536637536,17469.3229296875,40.381524084762425
2022-01-27,-0.00971173291462768,-0.04617189838358504,-0.006009737713061458,17451.541953125,37.240844670574006
2022-01-28,-0.0004793161771092791,-0.03688972130709012,-0.005928871255259982,17435.6079296875,37.089014573403695
2022-01-31,0.0139107178709299,-0.015740387923211863,-0.0008183202904040732,17427.10890625,44.19632192525818
2022-02-01,0.013667938611870323,0.024943000492350098,-0.002771499091680507,17430.3148828125,50.22878566270831
2022-02-02,0.011557838585399605,0.029057313162211162,-0.0014181210597997707,17435.847890625,54.744791215382804
2022-02-03,-0.012362248664229525,0.026303031700503965,-0.020365170987852288,17438.750859375,49.51037013041865
2022-02-04,-0.0024998826581151823,0.0242283237542138,-0.01293817751260995,17438.351875,48.51270260377637
2022-02-07,-0.017281112927623465,-0.007280916665606041,-0.03363328611894911,17442.0948828125,42.198273781603916
2022-02-08,0.0030876976246183574,-0.01764250228377684,-0.04091198554084596,17446.3508984375,43.586744755414635
2022-02-09,0.01141215233034587,-0.017783983056805397,-0.03278452674355814,17455.9629296875,48.52370532547436
2022-02-10,0.008133901085124018,0.0025996510663874872,-0.03330157903886255,17464.7419140625,51.79849402216256
2022-02-11,-0.01312629691281364,-0.008081088753712273,-0.04836567075246301,17464.20390625,46.60397646830863
2022-02-14,-0.03061622289529342,-0.021541039442038223,-0.07739748948961289,17457.1259375,37.325282762138
2022-02-15,0.03025912638397754,0.004963251263266022,-0.05219822980074029,17465.929921875,48.006038389270095
2022-02-16,-0.0017432697608654735,-0.008108290072343816,-0.04366197456469689,17468.839921875,47.48874178948528
2022-02-17,-0.001016014719190439,-0.017110790259141306,-0.035332067935178735,17465.5369140625,47.17026746319774
2022-02-18,-0.0016353356196504576,-0.0056662236147282385,-0.027070970251168558,17460.7259375,46.62878059511959
2022-02-21,-0.004031556958107085,0.021602678444077483,-0.02330115772971142,17454.6329296875,45.251900252985244
2022-02-22,-0.006651566067580439,-0.014997882818685304,-0.003317981230565259,17449.1119140625,43.00471151007801
2022-02-23,-0.0016937094155936583,-0.01494898052377247,-0.012426198041895486,17443.87890625,42.43074744968529
2022-02-24,-0.04778103847083648,-0.061061766115064864,-0.050391152364441916,17424.40990234375,30.204253427014464
2022-02-25,0.025261660109649586,-0.03576578102272965,-0.025935571580268046,17412.60990234375,39.634778384217384
2022-02-28,0.008134034290366632,-0.02398781811856221,-0.03148523378512036,17408.78392578125,42.40159807405269
2022-03-02,-0.011191633122935585,-0.028448650391728836,-0.05523745222847831,17408.61892578125,39.68449951681555
2022-03-03,-0.00649757722841704,-0.033123772947709296,-0.07210063097581554,17403.16294921875,38.17224238685023
2022-03-04,-0.015317032007332254,-0.0001600562474797229,-0.07487669091880589,17388.96095703125,34.82510209868303
2022-03-07,-0.02352668473994779,-0.04773867726504821,-0.09437782619002433,17364.77197265625,30.472915807870166
2022-03-08,0.009474776509483585,-0.04647224153765839,-0.06972100207378273,17344.9659765625,33.96773397063882
2022-03-09,0.020726290088294297,-0.015693147434219124,-0.05336269944401817,17330.14796875,41.018251018161074
2022-03-10,0.01526738719047449,0.005870366788121917,-0.0497543691381257,17317.3809765625,45.71185953518096
2022-03-11,0.0021421537513466316,0.02370522141011744,-0.055402063079398656,17305.71796875,46.36660953504987
2022-03-14,0.014482565042708062,0.06355297439661234,-0.028975911523906772,17299.065,50.70457434642905
2022-03-15,-0.012346456503312231,0.040562764224141956,-0.01067523053827013,17285.243984375,47.152503320453135
2022-03-16,0.018745100484606647,0.038543072803940426,-0.021731780028350633,17272.2369921875,52.52342292558986
2022-03-17,0.018361988356508263,0.041708619776712696,-0.0020290978677784954,17261.8730078125,57.19827288484585
2022-03-21,-0.009802202470463706,0.029292677799452438,-0.010806375427414694,17245.72,54.08066748672609
2022-03-22,0.011561223252155806,0.0263286882564302,0.0022689590350581934,17237.1119921875,57.02661212371857
2022-03-23,-0.0040339354552280104,0.034966716115045315,0.0022665654915177136,17225.771015625,55.66909538840648
2022-03-24,-0.0013278937068936791,0.014574096929842684,0.00763803297511223,17210.16,55.20510344380155
2022-03-25,-0.004049875890900112,-0.007754404319526564,0.005259842058224606,17192.105,53.73601567309957
2022-03-28,0.004022619949862971,0.006099008798396088,0.05994908852985725,17172.2980078125,55.01145563228468
2022-03-29,0.005998187274997013,0.0005660120267967361,0.04003387930334035,17153.6480078125,56.92602513188967
2022-03-30,0.009982465582194733,0.014647148913114805,0.041940799516007266,17138.4980078125,59.99558954324387
2022-03-31,-0.001914477162001882,0.014051182302477816,0.05171645233506528,17121.631015625,59.116802545056416
2022-04-01,0.011777965258592316,0.030166689136011282,0.0710628457291711,17112.778984375,62.727001589594266
2022-04-04,0.021671841339984343,0.04827548430060391,0.11129651406249796,17115.078984375,68.33339139883812
2022-04-05,-0.005317557796472028,0.03648419253183066,0.13201980366003996,17119.0869921875,65.66685397201613
2022-04-06,-0.008339180323571727,0.01768179050047869,0.11204332441972453,17122.8969921875,61.626996948797505
2022-04-07,-0.00943974110495216,0.010008776607165926,0.0791785555405129,17132.706015625,57.36099529271451
2022-04-08,0.008208759390795572,0.006445811830530168,0.0716755865206613,17142.8340234375,59.93382434596305
2022-04-11,-0.006151497975913078,-0.02096287478737391,0.06280648142819723,17154.13,57.12904102858249
2022-04-12,-0.008183810641252287,-0.023784044465477105,0.039060414401027366,17162.69703125,53.56003151032042
2022-04-13,-0.0031174816283502382,-0.018643672394578426,0.04876975278311235,17165.413046875,52.232348098365776
2022-04-18,-0.017281188010147552,-0.026412259382491143,0.01168169055796553,17157.3490625,45.5175772117253
2022-04-19,-0.012519178806467801,-0.0464284180690383,-0.018996900904646563,17140.9220703125,41.4337950935432
2022-04-20,0.010490244596548015,-0.03046110236791255,0.0011071162024738346,17132.4491015625,45.769411657246096
2022-04-21,0.014941678252146096,-0.007855037605645765,0.004452635463890742,17129.975078125,51.351581945518035
2022-04-22,-0.012686452605167986,-0.017378533278390784,-0.004273609298902747,17129.1420703125,46.87386985133351
2022-04-25,-0.012695122564301942,-0.012792922114854166,-0.015607309009885162,17122.8860546875,42.89428098055957
2022-04-26,0.014560121616207233,0.014278871552117378,0.002786730090946099,17117.6260546875,48.25183347609464
2022-04-27,-0.009441443610115341,-0.005727546451902765,-0.010660760038032735,17106.2770703125,45.24445514637691
2022-04-28,0.012128508890934642,-0.0084834257925116,-0.0046319542161628036,17103.6830859375,49.55311714301168
2022-04-29,-0.008263240381694681,-0.004041383806575927,-0.022613645293100726,17108.8780859375,46.81731823705313
2022-05-02,-0.0019559171203674675,0.006791950898239696,-0.022654225833464547,17103.21109375,46.17287998302768
2022-05-04,-0.022936183451936376,-0.03041725664570938,-0.05618700447759384,17090.3191015625,39.346559743779466
2022-05-05,0.00030284821366977077,-0.020879307437554062,-0.07592752447410522,17077.8801171875,39.470889608692275
2022-05-06,-0.0162684216398562,-0.04835014937483195,-0.08610101445597862,17060.5791015625,35.285353545704794
2022-05-09,-0.006666182687180999,-0.0468176462164247,-0.08455920619616064,17042.4830859375,33.732550274179005
2022-05-10,-0.003790968888092272,-0.04857021305518394,-0.0793388104900099,17025.44009765625,32.853021217802095
2022-05-11,-0.0044919933245182175,-0.030609920609500185,-0.09093669633819323,17007.51708984375,31.799025453996464
2022-05-12,-0.022211752141785834,-0.05242874304412204,-0.10562685050147114,16998.7180859375,27.17694642775524
2022-05-13,-0.0016352232651188903,-0.03833343647650245,-0.09972164268252492,16981.1930859375,26.87412843254556
2022-05-16,0.0038112305721171857,-0.028190040743795053,-0.09346436609957176,16962.16107421875,28.860470809709042
2022-05-17,0.026321935902047233,0.0011853411923923307,-0.05324148128907058,16955.2280859375,40.85516579430433
2022-05-18,-0.0011685620062508173,0.004527725880407951,-0.04235894775769511,16950.07306640625,40.51993095372746
2022-05-19,-0.026532725334179386,8.85874636260553e-05,-0.07744559611594093,16941.35408203125,33.75520890512685
2022-05-20,0.028891038794289337,0.03066755720991665,-0.06476600646534858,16949.41408203125,44.35904839104953
2022-05-23,-0.0031630222318707046,0.02350671273843785,-0.05574492512429996,16953.43908203125,43.51409162654604
2022-05-24,-0.005522754266735541,-0.008250626759697566,-0.04888529612961212,16949.03509765625,42.01403065149892
2022-05-25,-0.006161219184365629,-0.013207884249654578,-0.06831082991457749,16937.6530859375,40.352016539634675
2022-05-26,0.009007387318995308,0.022818702233256438,-0.05095842215785318,16928.447109375,43.82886950722958
2022-05-27,0.011273847198922216,0.005305484248887771,-0.05175981197503898,16918.07009765625,47.95481469459024
2022-05-30,0.018893205092962884,0.027549087552148244,-0.02579442074270266,16918.03810546875,54.107178427936795
2022-05-31,-0.004612433983534836,0.02848968099498106,-0.02838748611314379,16910.22212890625,52.44638774671701
2022-06-01,-0.0037264067061659745,0.03100938495232808,-0.009284885894967454,16894.93611328125,51.08832858095422
2022-06-02,0.006370004993115463,0.028314492958608994,-0.003275881790084867,16885.14412109375,53.30590158747173
2022-06-03,-0.002628050201467391,0.014178339219401037,0.010544643537207632,16870.52013671875,52.24674322770705
2022-06-06,-0.0008893953501298846,-0.005512718452326593,0.016421521378840787,16856.99814453125,51.87209607728346
2022-06-07,-0.009245946006475991,-0.010142039666528824,0.010855866010744286,16840.87013671875,48.020467964295044
2022-06-08,-0.0036609606157923524,-0.010077015024738567,0.011699710844567113,16824.93513671875,46.55991609568361
2022-06-09,0.00744972774168895,-0.009014938093877767,0.04238990443920798,16810.05712890625,49.887822090015945
2022-06-10,-0.016767698414100085,-0.02306403999829465,0.02659012895427626,16787.587109375,43.302750229051185
2022-06-13,-0.026379749115209128,-0.04798865105774541,-0.004285956893860132,16753.1101171875,35.497279904916354
2022-06-14,-0.00268160945598539,-0.04168100803660035,-0.032424532522643434,16718.457109375,34.82814589941229
2022-06-15,-0.0025393443813560568,-0.04060219239587315,-0.03375241963847775,16678.8911328125,34.172988615528325
2022-06-16,-0.021128447854290244,-0.06781728636742879,-0.028388222839630273,16625.0351171875,29.254474052509764
2022-06-17,-0.00436829362663993,-0.05606166078071839,-0.05979597921248703,16571.757109375,28.364691900673193
2022-06-20,0.0037042135956451006,-0.026894841610089926,-0.05331888929635786,16522.607109375,30.292390730985147
2022-06-21,0.018804337854487096,-0.005930537372894618,-0.03016099534924399,16482.59208984375,39.26112666546808
2022-06-22,-0.014419265085317434,-0.017770068409750595,-0.03821962132715806,16435.17109375,35.426366481226566
2022-06-23,0.009300447519609234,0.012763224498758774,-0.03794027793060539,16392.8051171875,39.47359686651968
2022-06-24,0.009166472588529428,0.026530879131657192,-0.03994509614832786,16356.1841015625,43.28187052551209
2022-06-27,0.008458990377725017,0.031393791057370724,-0.04977676344685633,16323.31208984375,46.64848818388435
2022-06-28,0.0011464333961117568,0.013517686348388125,-0.0442791966827184,16296.8430859375,47.110564861941484
2022-06-29,-0.0032239710103227903,0.02503031859343774,-0.04379721236628287,16273.6520703125,45.90510463000779
2022-06-30,-0.001193081241402827,0.014373248981011333,-0.0509832812124128,16246.5260546875,45.44318702380941
2022-07-01,-0.0017870563085186086,0.003363205547239456,-0.050183060928527756,16213.71505859375,44.71821304334294
2022-07-04,0.005288188249805481,0.00020842561312073293,-0.04431026414462713,16186.98306640625,47.38822462771508
2022-07-05,-0.0015471713984448465,-0.002482655452461624,-0.03688396107586622,16164.12107421875,46.67419749216781
2022-07-06,0.011318189707300252,0.012070320463030804,-0.02240429165074509,16139.9010546875,52.32471647898597
2022-07-07,0.00894949203151052,0.02234757945057897,-0.020948970265576183,16121.7910546875,56.311410298832165
2022-07-08,0.005436047866567373,0.02974532270384711,0.0011603528567276644,16101.30203125,58.596462087117025
2022-07-11,-0.00028356592763323363,0.024038016211504587,0.02799470017493988,16083.571015625,58.42386707902512
2022-07-12,-0.0097249750439381,0.015650657708221827,0.02073468916495491,16063.35501953125,52.69317388761262
2022-07-13,-0.005707292501522909,-0.0014477613444362492,0.017492822409094222,16049.13603515625,49.64543124972406
2022-07-14,-0.0017536552323109689,-0.012040612369545234,0.03763204535955733,16034.25603515625,48.7183254315592
2022-07-15,0.0069359576863876615,-0.010566774237090293,0.04941316214813485,16027.0150390625,52.49068771856739
2022-07-18,0.014287304158276504,0.0038542180562406436,0.06047820938236437,16026.548046875,59.195540072183874
2022-07-19,0.003811764271124396,0.017576580549181875,0.044872369284352676,16028.558046875,60.80743090353746
2022-07-20,0.01103388850696918,0.03470979856084311,0.07185676128551477,16035.633046875,65.11918633297577
2022-07-21,0.005108719746296009,0.041822839013213375,0.06740523075628957,16051.578046875,66.9520445325058
2022-07-22,0.006877295960614926,0.04176214485960861,0.06498394628724302,16070.3240234375,69.30248290682694
2022-07-25,-0.005290199311757782,0.02165432933009792,0.05046410320639283,16086.09802734375,65.42151188149114
2022-07-26,-0.00884795806776506,0.008769582810878918,0.039977376074397775,16090.5890234375,59.45610385776688
2022-07-27,0.0095821774414373,0.0073211229891205765,0.05333855679819566,16098.61904296875,63.32217038233032
2022-07-28,0.017293731123692924,0.019532955503530403,0.07283468952488081,16121.02302734375,69.1032336568945
2022-07-29,0.013505953826479233,0.026244930410620704,0.08927093379898032,16138.86501953125,72.7747359549845
2022-08-01,0.010595531668439406,0.04263428424328053,0.0950216578094476,16161.37203125,75.28909822507714
2022-08-02,0.000311327663805816,0.0522693199581834,0.09705990805611497,16185.7780078125,75.36186290679396
2022-08-03,0.002461808358865669,0.04484788750841773,0.08745266376177918,16213.02501953125,75.96475148473812
2022-08-04,-0.0003537116074355806,0.02672245068185064,0.07742560724548109,16237.26201171875,75.67751233971684
2022-08-05,0.0008917270739845495,0.013943729692713402,0.07255591155488417,16258.1630078125,75.92458177694105
2022-08-08,0.007334364671648164,0.010671758143009358,0.0807288856299333,16275.4369921875,77.91359804851963
2022-08-10,0.0005506610997998429,0.010913570404701423,0.09194312058375664,16294.4409765625,78.06122211302959
2022-08-11,0.007085929368824795,0.01557667740906088,0.10599277669214091,16317.1659765625,79.92197760329584
2022-08-12,0.0022170219505635025,0.018188378243297665,0.1103920317516296,16338.568984375,80.48367109524379
2022-08-16,0.007181519343531395,0.024586865929012713,0.11066282326057797,16363.38796875,82.22244563590854
2022-08-17,0.006675923198833145,0.023917147403874184,0.102328224344995,16390.881953125,83.68780758044639
2022-08-18,0.0006826699360520383,0.024052239125165853,0.09889203329308693,16421.6849609375,83.83551711166223
2022-08-19,-0.011029475746944017,0.005631644982728279,0.0749113779640429,16449.7289453125,72.41808643136615
2022-08-22,-0.0150773300473388,-0.011721630074117306,0.05332345003839145,16469.9809375,60.43505126470984
2022-08-23,0.00496268217550444,-0.013898823298410967,0.0513205172026685,16497.49494140625,62.59586928459447
2022-08-24,0.001561611079505143,-0.018908607562311053,0.05856227639648859,16534.10591796875,63.27885996687172
2022-08-25,-0.004686182219266755,-0.024172348801269727,0.06300710295150402,16569.91291015625,59.74764122404834
2022-08-26,0.002080255529346653,-0.011236838626331735,0.05510819540685041,16607.24791015625,60.788803208395116
2022-08-29,-0.014009988924553851,-0.01016533563932076,0.0226408651175507,16646.29392578125,51.1694473873332
2022-08-30,0.02578426378902554,0.010342812188877781,0.035029841694228736,16695.60994140625,62.703148849615665
2022-09-01,-0.012190795272107646,-0.0035301685183964926,0.01169258398131312,16739.46294921875,55.8172093241231
2022-09-02,-0.0001910505934481499,0.0009701840072566803,0.011184489807867903,16777.4759375,55.71520427115859
2022-09-05,0.007203850071011875,0.006088102799539641,0.015967793260788676,16822.52595703125,58.7739493032975
2022-09-06,-0.0005774531254664206,0.019794442930866296,0.015740398652341447,16864.50494140625,58.423094586240374
2022-09-07,-0.0017671004916441913,-0.007596041774765472,0.013042126203477444,16903.00794921875,57.296547784015516
2022-09-08,0.009892512965589573,0.014589986054197368,0.015614769486309354,16942.341953125,61.73680250100334
2022-09-09,0.0019439347917691308,0.016756534766828146,0.017029020053037636,16982.00494140625,62.568596739381455
2022-09-12,0.005775695663245095,0.015314835227404622,0.01570585023925486,17024.74994140625,65.00732023838489
2022-09-13,0.007454201929980142,0.02347420541044265,0.021013517368572154,17070.54595703125,67.92831577993591
2022-09-14,-0.0036690976717561608,0.021524114350964796,0.010013884798249606,17115.5799609375,65.02942584214517
2022-09-15,-0.007017960667916379,0.0044188715850832505,-0.003725405596500253,17156.4209765625,59.792598575174104
2022-09-16,-0.019384853148544656,-0.01696260134108374,-0.02370452987079885,17190.8209765625,48.30288799015169
2022-09-19,0.0052136885924867205,-0.017511902712401772,-0.00766954462477476,17223.46998046875,50.978447267739384
2022-09-20,0.011008809885230342,-0.014045382844930954,0.018612793987161425,17257.13697265625,56.164240449290766
2022-09-21,-0.005495005437451739,-0.015852274699715285,0.008013062686673234,17287.09197265625,53.11087382484292
2022-09-22,-0.004997577656902563,-0.01384986653343867,0.0014116236401029436,17315.36798828125,50.43986071561275
2022-09-23,-0.017155677232420508,-0.011608108251135452,-0.011134265931627474,17340.748984375,42.5656202120221
2022-09-26,-0.017951321762256445,-0.03438546262537412,-0.030901685031751946,17361.7419921875,36.29094741100884
2022-09-27,-0.0005230508522044985,-0.04539954307865013,-0.0176458012873123,17383.1169921875,36.12684034553584
2022-09-28,-0.00874917846539458,-0.048523142332912106,-0.050717152829910184,17399.30498046875,33.40697761083375
2022-09-29,-0.0024023347691036756,-0.04604142621613039,-0.041310460109059144,17410.09697265625,32.68568888379458
2022-09-30,0.01642575596626905,-0.013446949778974537,-0.025377057387821478,17425.17296875,41.900314357278184
2022-10-03,-0.012109264448790458,-0.007578096645840304,-0.04406543363158644,17432.50296875,37.73223866307198
2022-10-04,0.02291367093271912,0.01569319146341286,-0.021596481374811738,17445.883984375,48.12133178313863
2022-10-06,0.0033286441360573793,0.028068830320393534,-0.016601961081787686,17458.131015625,49.4704686766539
2022-10-07,-0.0009895331040011834,0.029524785367141204,-0.02719851727649414,17471.8040234375,49.06065036868684
2022-10-10,-0.00425364584114718,0.008578880973896474,-0.033215835630991175,17486.94703125,47.250408439816596
2022-10-11,-0.014932383199930399,0.005696641219625986,-0.053121111534701004,17493.78203125,41.48773218550059
2022-10-12,0.008246145339619648,-0.008724009948846922,-0.05237678539658919,17497.66203125,45.38955005852542
2022-10-13,-0.006380083772817624,-0.01831611013083112,-0.05495523935985558,17494.7840234375,42.98169547258476
2022-10-14,0.010070888003887335,-0.0074475180824222775,-0.03869137328477201,17491.6969921875,47.67055144418737
2022-10-17,0.007337586960815656,0.0041065356562843824,-0.012495049185058282,17491.0240234375,50.87239576383443
2022-10-18,0.010117285874136073,0.02964035283220956,-0.007677838031465933,17493.0,54.9916415839771
2022-10-19,0.0014468379208691928,0.022696769341197243,-0.01706307444046873,17495.605,55.57116290368908
2022-10-20,0.0029521745492440132,0.032302122737161154,-0.008714151940161785,17498.933984375,56.79533264918324
2022-10-21,0.0007032337856462956,0.02272829039588009,-0.003034634404768699,17499.9580078125,57.099464574929094
2022-10-24,0.008787356376761757,0.024200210252173893,0.02328113645301766,17503.8780078125,60.81404902169317
2022-10-25,-0.004196122026705051,0.009687246672127614,0.03761386427949476,17503.825,58.199821632712656
2022-10-27,0.004564907874966551,0.012830973675570068,0.04289596360224168,17504.6009765625,60.19604034616178
2022-10-28,0.002810605244745412,0.012688009952915413,0.0550580234053859,17503.8319921875,61.423160675730884
2022-10-31,0.012672230395564199,0.02480035150314497,0.07100086437289077,17505.1909765625,66.45821190981891
2022-11-01,0.007395053222392978,0.023385947612199143,0.061485274682435254,17508.968984375,69.03068411858794
2022-11-02,-0.003447197631545107,0.024155615936237496,0.07079263636114441,17515.4569921875,66.45323566377542
2022-11-03,-0.0016673473084335422,0.017801821277484198,0.045061067730445936,17526.6969921875,65.18974515796592
2022-11-04,0.003570168155688336,0.018572739046093023,0.04531263769340188,17537.49,66.64950268647831
2022-11-07,0.004727586225111935,0.010581804042095522,0.05129473426191078,17549.44703125,68.53769928865299
2022-11-09,-0.002516139235956394,0.0006392589375427971,0.05312916884171459,17562.138046875,66.37364193328179
2022-11-10,-0.007093725904609771,-0.003022222260625762,0.06150942467539244,17571.5240234375,60.580643366343665
2022-11-11,0.017833173247033374,0.016451833401817773,0.07160291278381226,17592.26,68.0715274793287
2022-11-14,-0.0011198455015547504,0.011701619483696746,0.07727599417173936,17603.6569921875,67.19263452734944
2022-11-15,0.004050924260950772,0.011020260661295023,0.07085549190494733,17620.868984375,68.76208152882481
2022-11-16,0.0003396111515991951,0.01391476513878942,0.06341625710966214,17638.2730078125,68.89696115804011
2022-11-17,-0.00357149639481924,0.017511520038377304,0.04900518444670454,17651.835,65.68386728191423
2022-11-18,-0.00197613371355454,-0.002291526832332691,0.04541965713286422,17664.876015625,63.91409682571614
2022-11-21,-0.008067729540576885,-0.009231261038784577,0.033933142972410346,17675.5869921875,57.156608686469355
2022-11-22,0.00463933015368867,-0.0086506389306239,0.03799994354969738,17684.4959765625,59.769462559984404
2022-11-23,0.0012634580983039712,-0.0077350947792858005,0.030258167308207407,17693.173984375,60.47961706865547
2022-11-24,0.011870949889830174,0.007642824904438017,0.046881151444831515,17704.128984375,66.47507672709301
2022-11-25,0.0015500019600884762,0.011202945489937166,0.04373924577908195,17712.98296875,67.18343193102997
2022-11-28,0.0027008413120686026,0.022180721784954782,0.04362500194908403,17724.16296875,68.43682730608525
2022-11-29,0.00297912654375021,0.020491530377271028,0.03363562412019805,17738.9759765625,69.8102384154632
2022-11-30,0.007535634625419174,0.026884156584871866,0.0337798673798726,17763.5259765625,73.01799617475643
2022-12-01,0.002886735334004964,0.017766642550359313,0.04035040971898107,17787.3309765625,74.1592424066651
2022-12-02,-0.006187396179402005,0.009903963991033216,0.035640121337464414,17804.92796875,67.5456133310978
2022-12-05,0.00026482378562620035,0.007450446795329357,0.03222915182771513,17824.5819921875,67.67765640935602
2022-12-06,-0.0031175136590962937,0.0013266275315391152,0.02416931460367211,17844.8409765625,64.35725345981443
2022-12-07,-0.004411902750398933,-0.010547282330004126,0.022222834168640127,17869.503984375,59.892819016726314
2022-12-08,0.002631912360927746,-0.010798691860465115,0.032235631721918345,17901.3649609375,61.59673046472552
2022-12-09,-0.006058782405979346,-0.010670674855624007,0.008005602101362808,17931.1489453125,55.71338234027321
2022-12-12,2.977743269738653e-05,-0.010903151539989109,0.009165727620737307,17963.9199609375,55.73562406759453
2022-12-13,0.0059927938646799905,-0.001863995386946704,0.01111748943305213,17999.71796875,60.0808917307205
2022-12-14,0.002810661073194387,0.005377052409687222,0.013615162988246832,18031.0369921875,61.97743307025278
2022-12-15,-0.013150934355333654,-0.010449006699946195,0.0038704963768929623,18061.5880078125,49.979083139594124
2022-12-16,-0.00792295301794177,-0.012304943296693405,-0.0021111606241286385,18081.4819921875,44.467272158123414
2022-12-19,0.008289956688926514,-0.004146648010921461,0.014344753768971819,18103.2549609375,50.56209836299245
2022-12-20,-0.0019081205394395617,-0.01196792878063202,0.007734050741727616,18124.66796875,49.21217671069444
2022-12-21,-0.01012771964355863,-0.02471563439847757,-0.003730741661990722,18143.8299609375,42.707201342086925
2022-12-22,-0.003942502735851727,-0.015615114670747388,-0.019300372078662642,18166.7059375,40.48641594487699
2022-12-23,-0.01768316025411787,-0.025299645232360835,-0.038133136284452585,18180.3699609375,32.3843222005046
2022-12-26,0.011669632893506865,-0.02203255765130252,-0.029529589668826017,18200.3749609375,40.672809854223615
2022-12-27,0.006533654614990558,-0.013760993252719511,-0.02609027151699428,18219.3069921875,44.80030829048567
2022-12-28,-0.0005405150382313817,-0.004208977972489425,-0.033896884460305476,18235.5209765625,44.522543180029395
2022-12-29,0.00377983170092433,0.003511290508353193,-0.03303654485049834,18249.6019921875,46.99608468284092
2022-12-30,-0.00471107793689185,0.016763258244249624,-0.031600111278223486,18261.4630078125,44.332908739465964
2023-01-02,0.005089583355357918,0.010150079010351254,-0.026929051655478098,18274.1330078125,47.76082561521785
2023-01-03,0.00192892762485819,0.0055288074695774014,-0.022003149682852552,18287.2580078125,49.04793859266263
2023-01-04,-0.010399069487028845,-0.004389614084701288,-0.027884527962608763,18293.5019921875,42.899402156335235
2023-01-05,-0.0028154392892826285,-0.010931208255456015,-0.033166082195536184,18300.2180078125,41.40189909388509
2023-01-06,-0.007375503705446151,-0.013578982501887271,-0.034446893163112,18302.6680078125,37.69969727416043
2023-01-09,0.013536251708490266,-0.0052892028351329,-0.021406063286141697,18308.9559765625,46.99808764444993
2023-01-10,-0.010333504750958511,-0.017463293778533506,-0.037287704717057224,18306.995,41.7997498924426
2023-01-11,-0.0010299775022909463,-0.008161082659756125,-0.04097477160005247,18302.0009765625,41.314306692455816
2023-01-12,-0.00209547554088918,-0.00744497844708969,-0.03023101727763977,18297.50796875,40.29017480839068
2023-01-13,0.005510095918388247,0.005439719301254087,-0.017100026855602413,18295.5859765625,44.19901168715375
2023-01-16,-0.003438847072569362,-0.011399775610516083,-0.028533484885916782,18291.1399609375,42.326440578838394
2023-01-17,0.008854568511824201,0.0077676243411366475,-0.01805790418933939,18288.1499609375,48.370975068385995
2023-01-18,0.006206556323560042,0.015067887950557246,-0.0018544873496166847,18288.316953125,52.18714193129692
2023-01-19,-0.003165367099256078,0.013979594894589553,-0.0010757226191475677,18289.9099609375,50.13902600131105
2023-01-20,-0.004428975305189153,0.003956806009802971,0.012402542831138286,18283.468984375,47.34790438198443
2023-01-23,0.005042276095628795,0.012500869063342357,0.0057703848061603225,18279.2569921875,50.69793136229359
2023-01-24,-1.3798013043020418e-05,0.003600449623456514,-0.0007721027887689358,18273.555,50.68837923743018
2023-01-25,-0.01249297962501228,-0.015050653937532799,-0.012721797834184034,18263.2009765625,42.82154107393849
2023-01-27,-0.016074246906178757,-0.027805620814263965,-0.03224948549420048,18248.4099609375,35.32069105742556
2023-01-30,0.0025334426073457816,-0.021006684935044984,-0.025205411830142133,18235.2359375,37.15900091674362
2023-01-31,0.0007479862801675896,-0.025189674170701726,-0.02941614627908662,18225.2799609375,37.72321721601946
2023-02-01,-0.0025959245256645946,-0.027706792489034182,-0.03379943966116572,18212.7219921875,36.497545829895216
2023-02-02,-0.0003349392530399564,-0.01573606233075764,-0.023973288561689232,18199.585,36.33393668086774
2023-02-03,0.013835596307890219,0.014184061178950103,-0.0076755477459191646,18186.9840234375,46.91616738370332
2023-02-06,-0.005010133160870178,0.006552820181619401,-0.005310892190080629,18172.021015625,44.0231318378106
2023-02-07,-0.0024261514654264627,0.0033602708652340496,-0.020976467589876147,18155.196015625,42.65821587394281
2023-02-08,0.008475536424681795,0.014497847230891647,-0.002369700541155262,18140.268984375,48.63504590163767
2023-02-09,0.0012170079483646568,0.01607282184655401,-0.0001257285324532953,18122.9709765625,49.45660793244901
2023-02-10,-0.0020649578680046465,0.00013718000357498816,-9.515062124609841e-05,18103.8509765625,48.05055224630681
2023-02-13,-0.00479375070002519,0.00035468186103537747,-0.010341558134038253,18085.3469921875,44.868064525609356
2023-02-14,0.0089443537049958,0.011756883411393027,0.00195587002763431,18069.92296875,51.316068469354775
2023-02-15,0.004796470794436125,0.008065846949447675,-0.002074477810390052,18057.3849609375,54.42206815093775
2023-02-16,0.0011101336008929596,0.007958241526501375,-0.007128957206150699,18046.891953125,55.13887500929054
2023-02-17,-0.005081567689351307,0.004911333057990186,-0.009037538645133902,18033.5889453125,51.16758617280768
2023-02-20,-0.005550518480140765,0.004147185405916742,-0.010153890123429155,18020.5489453125,47.18989904097693
2023-02-21,-0.001003126492992057,-0.005752998093808137,-0.016107886663983217,18007.139921875,46.49039776788902
2023-02-22,-0.015280363131582653,-0.02561904312771468,-0.03112874693987111,17986.0659375,37.404125374166
2023-02-23,-0.002452434977984641,-0.029086492776160378,-0.021277682721737357,17963.084921875,36.19994509523007
2023-02-24,-0.002595429723749043,-0.026660339180815562,-0.00787014750327486,17944.1029296875,34.92174736736314
2023-02-27,-0.004185411445805309,-0.025324210154179405,-0.014519277993488955,17926.5769140625,32.908997953162796
2023-02-28,-0.0051027157362857345,-0.029323992825894263,-0.02028072255941904,17904.2469140625,30.602875503976207
2023-03-01,0.008492348770636093,-0.005890316675868035,-0.009389053506684286,17885.55890625,38.31125385948075
2023-03-02,-0.007392168719804415,-0.01081302644728388,-0.016382364602770982,17868.014921875,34.670563165503495
2023-03-03,0.015728598629827895,0.007360030595505274,-0.01454578431846587,17857.354921875,46.28138068550157
2023-03-06,0.006655523618366965,0.018326655109195178,-0.002991927304511255,17855.447890625,50.36457625821174
2023-03-08,0.0024250512391459367,0.02603169751486001,0.0018565240315435716,17850.24390625,51.811426770708294
2023-03-09,-0.009282249899975281,0.007947969196163251,-0.015784711119076866,17839.3898828125,46.2416912834244
2023-03-10,-0.010045664635585094,0.005253465148041814,-0.026856131663058447,17825.197890625,41.135617499525395
2023-03-13,-0.014851035931626178,-0.025010803916873603,-0.0393245719345896,17804.46390625,35.0378753228529
2023-03-14,-0.006470680525861194,-0.03772409751725303,-0.04094331707350318,17783.22390625,32.79096842600228
2023-03-15,-0.004174683738684903,-0.04405949977409873,-0.053413678285915256,17758.7179296875,31.400923831710614
2023-03-16,0.0007924286811309411,-0.03433847349646757,-0.057185757115994273,17733.77890625,31.987825846432898
2023-03-17,0.006738129621978839,-0.017966542181762968,-0.05188548631712775,17714.9209375,36.93274432761257
2023-03-20,-0.0065292432199922645,-0.009671066908558124,-0.053265058890244577,17694.8459375,34.3118960383635
2023-03-21,0.007010642946744028,0.0037668301213475974,-0.04130659277934989,17679.806953125,39.26317253207783
2023-03-22,0.0025953757489405316,0.010590879521035212,-0.03785326828284907,17660.8209765625,41.047178031927636
2023-03-23,-0.004372693304643627,0.005375187414614846,-0.027195636931031664,17644.0759765625,38.9651817580898
2023-03-24,-0.007720933328590696,-0.00906430056745533,-0.03233345527874942,17625.0630078125,35.55125753032546
2023-03-27,0.0023988383407489433,-0.00015900095435061878,-0.027488093361021426,17607.6130078125,37.37300606848302
2023-03-28,-0.002001683861354908,-0.009107162428759308,-0.025355466362839474,17587.515,36.44503987292121
2023-03-29,0.007609856589321451,-0.0041512118338745685,-0.012901679100981944,17571.2319921875,42.29903892680301
2023-03-31,0.016337198944623932,0.016563287417796335,-0.005223248576558759,17557.3609765625,52.49292363456098
2023-04-03,0.002206297973761151,0.026733469604071747,0.004396191463277077,17542.015,53.701930118501075
2023-04-05,0.009138954817361267,0.03363721181812185,-0.002119932191476104,17530.9990234375,58.43137491681804
2023-04-06,0.002397874785437182,0.038193880360905874,-0.006340465240197046,17522.4290234375,59.60792143345433
2023-04-10,0.0014148632219350699,0.031810850102877986,-0.007341819859139287,17512.5390234375,60.323228549301675
2023-04-11,0.005574768321964241,0.020884562349688274,0.007544297472483308,17504.6190234375,63.099962276455926
2023-04-12,0.005083967961446945,0.02381586389100243,0.022942760312066657,17503.028046875,65.48543957848241
2023-04-13,0.0008757724412713497,0.015432501855001668,0.0392729046401219,17507.5010546875,65.89651614824515
2023-04-17,-0.006795512150830185,0.006119569204168673,0.0389331172782561,17508.6590625,59.92700547860638
2023-04-18,-0.0026373533282438855,0.002048315102076703,0.040536996442126494,17508.6190625,57.755123244787164
2023-04-19,-0.002344283016240789,-0.005842964890854119,0.03727571620583481,17508.668046875,55.82355226485184
2023-04-20,0.0003234746363958152,-0.01055170374308012,0.030666484223251356,17508.9490234375,56.04150311223009
2023-04-21,-2.260708945023282e-05,-0.011439826046107271,0.037416730004537824,17504.3490234375,56.020694370415846
2023-04-24,0.006771973756565242,0.0020642170717171116,0.03717085434020162,17503.9250390625,60.725021183246355
2023-04-25,0.0014568576938982503,0.006177728216454792,0.03599307338051205,17504.8800390625,61.68107018897525
2023-04-26,0.0024958627615121465,0.011059218694572603,0.04314010165184534,17503.718046875,63.33033951330277
2023-04-27,0.005695152810193838,0.016488547181993107,0.057243853236091935,17504.150078125,66.84570115918919
2023-04-28,0.008370013603697934,0.025019742862924632,0.0635417339816422,17508.320078125,71.2350365822212
2023-05-02,0.004575166931912511,0.022783118855481233,0.07055051864961004,17515.855078125,73.33085387580212
2023-05-03,-0.00318502836487633,0.01804238273281089,0.059081327860233346,17519.055078125,69.51625028616402
2023-05-04,0.009173717607303677,0.024823796513439023,0.05161657173922429,17523.8541015625,73.73992054312517
2023-05-05,-0.010232406865540389,0.008593289554675643,0.03856462009371109,17524.517109375,63.135680877586935
2023-05-08,0.010814123118324304,0.011037940250484324,0.04028863493009949,17530.9211328125,68.2750441687555
2023-05-09,8.480038171931881e-05,0.006518685646826894,0.03788812603591363,17539.348125,68.31275360885398
2023-05-10,0.0026908205008338015,0.012451734252299396,0.039210555887650766,17549.1161328125,69.54969503691608
2023-05-11,-0.0009882342854272697,0.002256774120383387,0.0324280253361926,17563.9701171875,68.48942841918696
2023-05-12,0.0009728797753729701,0.013603452390835047,0.028205091936369442,17580.0411328125,68.9901247645293
2023-05-15,0.004589120522186851,0.007361271975783623,0.03201983449489565,17598.702109375,71.30832687774925
2023-05-16,-0.006106338807060685,0.001125086958464916,0.0327359413680286,17616.578125,64.38002205151983
2023-05-17,-0.005728269488420423,-0.007280856354542675,0.029535400199756756,17634.134140625,58.65762049448665
2023-05-18,-0.002849053652701161,-0.009129954705689447,0.029014499822632045,17647.7151171875,56.00648171699372
2023-05-19,0.0040513721791914925,-0.00608253357246713,0.03284931998096563,17665.3451171875,58.84674937470606
2023-05-22,0.006097761825706316,-0.004589918421147865,0.039170881765130616,17679.7461328125,62.759604685499056
2023-05-23,0.001834600568861644,0.0033631367402182644,0.03407461907326681,17692.4771484375,63.87915465490702
2023-05-24,-0.0034117947119577385,0.0057007928623482584,0.029047393144055134,17703.0971484375,60.24524557434696
2023-05-25,0.001955111686716471,0.01054615043693885,0.028492320046470843,17717.7281640625,61.589118717395465
2023-05-26,0.009726420827874671,0.016257908544516697,0.032614969126212534,17739.4571484375,67.48866296704605
2023-05-29,0.005367798508963517,0.015520573643541535,0.02954056964433982,17768.344140625,70.23238311230047
2023-05-30,0.0018925684396833287,0.015579333408273444,0.026791304013723316,17800.1551171875,71.16144266864212
2023-05-31,-0.0053370195013254795,0.013617421258528273,0.02457459795683503,17831.4001171875,64.98983959014198
2023-06-01,-0.0025169624936233204,0.00909329413398896,0.012705507774177116,17861.443125,62.26202362331129
2023-06-02,0.002507044360454902,0.0018784444174400061,0.025740196434500984,17890.1241015625,63.88400071090127
2023-06-05,0.003223787573137793,-0.00025812524829327277,0.018037779051268688,17922.2330859375,65.91763274004524
2023-06-06,0.00027699431442118616,-0.001870231331987715,0.018233423144969896,17952.0630859375,66.09485784801419
2023-06-07,0.006849851638528914,0.010359115803774133,0.02245692297733748,17983.5530859375,70.21997118677244
2023-06-08,-0.0049048192636628185,0.007940435220619158,0.018448422214024207,18014.70609375,64.1592942918283
2023-06-09,-0.00381819725413457,0.0015809120414556066,0.013573699891374469,18047.0730859375,59.84997090016226
2023-06-12,0.0020524046550352004,0.00041144737564957623,0.011014296813521396,18079.3891015625,61.347100854009255
2023-06-13,0.0061635024393194016,0.0062987467404160835,0.023495496165203855,18114.678125,65.51436955542235
2023-06-14,0.0021238341844009856,0.001575316098376689,0.031578389903337056,18148.1821484375,66.84885618169159
2023-06-15,-0.0036149041015322014,0.0028736312859700686,0.03078609784785069,18174.749140625,62.41246684454721
2023-06-16,0.0073790483520230765,0.014146094134112497,0.03420237955627492,18203.308125,67.18283804151498
2023-06-19,-0.0037475183921172883,0.008276172284493288,0.024082078512970062,18227.27609375,62.79212981467257
2023-06-20,0.003265717567498605,0.005372302852159505,0.025544975951057314,18251.6270703125,64.93473572042606
2023-06-21,0.0021337637466720683,0.005382264601941467,0.03125166562078596,18276.283046875,66.30450581962575
2023-06-22,-0.004539443817404343,0.004449376467540178,0.02456721329056477,18297.26203125,60.84720503911501
2023-06-23,-0.005633615236065759,-0.00852544353553597,0.008981417948920711,18314.3240234375,54.841830891918235
2023-06-26,0.0013768299134766515,-0.0034256710810087743,0.004976104511951629,18331.5880078125,55.97889411465307
2023-06-27,0.00675190341711196,3.726327698871934e-05,0.00985039511951702,18353.7990234375,61.151934139302185
2023-06-28,0.00822107281232487,0.006111837469536807,0.023615504657566122,18380.0380078125,66.36908078280072
2023-06-30,0.01143527476356887,0.022257483185722737,0.03793326831280175,18411.4440234375,72.04006418344152
2023-07-03,0.00695709243369369,0.035201349079853284,0.04254057054253568,18445.4060546875,74.85037934108092
2023-07-04,0.003438946519135566,0.03733311988617638,0.04276416166257935,18480.7050390625,76.13611952610918
2023-07-05,0.0004899685388621844,0.030880971723623807,0.04298618205279858,18513.80703125,76.32248961998944
2023-07-06,0.00509321758125636,0.027682817542001192,0.041166501545643275,18548.368046875,78.2269659017742
2023-07-07,-0.00848835445771845,0.007439138164118342,0.03741705438381526,18578.7320703125,68.31463906338352
2023-07-10,0.0012466303397029588,0.0017259423847579836,0.042691531902755875,18607.5490625,68.93198601494427
2023-07-11,0.004313930032438185,0.0025994321844859947,0.04504477545493635,18635.0370703125,71.03754393644522
2023-07-12,-0.002834429471475497,-0.0007319750882800458,0.035699135595730125,18659.770078125,67.77346883003979
2023-07-13,0.0015192303855748879,-0.004285248619149806,0.035074275064065796,18686.2480859375,68.60381470150651
2023-07-14,0.007765114931427508,0.012037120668846102,0.046896175049567335,18712.4220703125,72.50870544369303
2023-07-17,0.007511013251041421,0.018369015181397108,0.047033316623287025,18745.2710546875,75.68357814449871
2023-07-18,0.001917706853032497,0.01593925754646386,0.05298730889668524,18774.968046875,76.43740637287132
2023-07-19,0.004248282371482448,0.023155315966266965,0.054018569360037016,18806.3120703125,78.06295074196608
2023-07-20,0.007361412439498949,0.029123708228703915,0.05951687606884404,18839.5930859375,80.57439654289637
2023-07-21,-0.011719737128305097,0.009225893838329613,0.05187454218552312,18868.5530859375,67.27259421859355
2023-07-24,-0.0036794322929856182,-0.0019835989196475,0.05394174328975909,18895.7040625,63.75569316105184
2023-07-25,0.0004193703428323481,-0.0034761011494107708,0.052934024138616476,18921.3390625,63.98594055848088
2023-07-26,0.004964339187534694,-0.002765552032567009,0.05106446005707199,18951.175078125,66.68507363269528
2023-07-27,-0.0059863783008722304,-0.015979157960080426,0.036253276938843726,18980.7380859375,60.74364214001042
2023-07-28,-0.0007044597937843067,-0.005011355722967847,0.023815664735566067,19011.0601171875,60.069447694367
2023-07-31,0.005484562836559181,0.004140388590704092,0.02231848190656449,19042.068125,63.46677071741972
2023-08-01,-0.0010251191770254131,0.0026905263521430633,0.017770425563463865,19070.4511328125,62.39239638648354
2023-08-02,-0.010489749274959825,-0.01272859598933096,0.00660106612624678,19094.0221484375,52.59170956025398
2023-08-03,-0.007420685416911321,-0.014153174455181161,-0.00593161032506706,19115.9471484375,47.02340692666681
2023-08-04,0.006983389270114548,-0.0065687899663359195,0.00958002934365143,19139.864140625,52.122671923274616
2023-08-07,0.004114401867602702,-0.007922525985406659,0.01247166940071276,19161.8231640625,54.896510277043056
2023-08-08,-0.0013497354646058168,-0.008244900964786916,0.006761999655781281,19181.2671484375,53.79098027622814
2023-08-09,0.003152707884763739,0.005428506098567265,0.012806755466781006,19201.241171875,56.016096708570984
2023-08-10,-0.004556268458015711,0.00833000366305714,0.006662783304359099,19221.41515625,52.09926520728827
2023-08-11,-0.005874136161590715,-0.004544715824665646,-0.006961548659562,19240.226171875,47.50807213309839
2023-08-14,0.00032169565781225984,-0.008304715114425987,-0.014047594087430504,19258.2351953125,47.77789303792186
2023-08-16,0.0015667570139761278,-0.005408534196915782,-0.014392951631074569,19275.658203125,49.14928301780554
2023-08-17,-0.005124582584125403,-0.013615183489314342,-0.023591833945159513,19290.983203125,44.98187897889759
2023-08-18,-0.0028452826260957353,-0.011919768276586584,-0.03348490736192267,19302.658203125,42.82197040952098
2023-08-21,0.0043215209131937105,-0.0017861146101099123,-0.017796930393770616,19317.8391796875,46.97475050215024
2023-08-22,0.00014693555773015454,-0.001960506467520662,-0.014024780776238255,19334.50015625,47.115998336633034
2023-08-23,0.0024515199000461063,-0.0010788594913948568,-0.012021971589843972,19351.35015625,49.53186702696235
2023-08-24,-0.002946964680621278,0.001107613831476506,-0.0197995554234488,19364.7611328125,46.75976684047573
2023-08-25,-0.006236153774081932,-0.0022966993253730195,-0.020045859925258314,19374.959140625,41.48438706953529
2023-08-28,0.002089194238900971,-0.004514315541642833,-0.01730627716408495,19387.3181640625,43.75928595872794
2023-08-29,0.0018957584743610756,-0.002773643130155712,-0.020813735805985112,19397.651171875,45.821860606561295
2023-08-30,0.0002480956863764039,-0.004965582249022882,-0.019565741957947913,19409.491171875,46.10097561016112
2023-08-31,-0.004840350603388277,-0.006855134853047451,-0.013968160739473934,19418.233203125,41.597233001374285
2023-09-01,0.009426710188917609,0.008797973254502045,0.002768102279409046,19429.8022265625,51.48882164276649
2023-09-04,0.004810833701642592,0.01153783352814619,0.0006046411461801959,19444.9532421875,55.655518190467355
2023-09-05,0.0023605960187407238,0.012007144590307384,-0.0011430344859753028,19463.14125,57.5896762191296
2023-09-06,0.0018467726478093027,0.013624615809537222,0.0020541352407992264,19481.53828125,59.096335397566456
2023-09-07,0.005915032360780392,0.024579562517384357,0.0048134346398966965,19499.7312890625,63.56879703086478
2023-09-08,0.004709190366575022,0.019791226378708116,0.014166105423839337,19516.68828125,66.70826421521946
2023-09-11,0.008900143420050854,0.02394150226438385,0.029238214629311088,19532.8342578125,71.69602566324248
2023-09-12,-0.0001575482868895195,0.02136914210431118,0.02874511707463645,19546.2472265625,71.49002707518565
2023-09-13,0.003841345269944396,0.02340258173156129,0.031081428204469574,19559.8672265625,73.48974603691428
2023-09-14,0.001649208239910216,0.019062597460458797,0.03810173425982111,19573.95921875,74.32557012328697
2023-09-15,0.004439613877174287,0.01878916976602052,0.04568577669795393,19587.8601953125,76.47898219996289
2023-09-18,-0.002924316846098174,0.006848808635091741,0.038141509919459304,19603.8901953125,72.16629006205332
2023-09-20,-0.011518249945432046,-0.00459150269652242,0.026033175772546935,19614.8001953125,58.26929245929211
2023-09-21,-0.007991939166498319,-0.01632538069880418,0.015344044917455335,19620.8591796875,51.01341396295523
2023-09-22,-0.003449417659114995,-0.02133251178713791,0.014832374402956372,19626.6581640625,48.243401787203176
2023-09-25,1.5288066889551644e-05,-0.02564331730293501,0.021216351432316705,19631.8741796875,48.256765947656596
2023-09-26,-0.0005007261720755274,-0.023274949676230228,0.01857699648486988,19633.8781640625,47.82121833840284
2023-09-27,0.002631619198663282,-0.009293374749755112,0.019325109050524647,19633.9781640625,50.355964194849136
2023-09-28,-0.009783629666773708,-0.011082714694764628,0.009102055806371467,19629.4641796875,42.13874101727506
2023-09-29,0.005877516917168757,-0.0018272218127756146,0.01997008301729397,19625.5671875,47.61506625758731
2023-10-03,-0.005578424654468894,-0.007410628220744453,0.004808220865825552,19616.5591796875,43.39261499660817
2023-10-04,-0.004744307271330683,-0.011624871900254297,-0.00474689526066574,19610.381171875,40.149814337220455
2023-10-05,0.005641584105285702,-0.008657705901104595,-0.001489171849832771,19607.8491796875,45.35463065052795
2023-10-06,0.0055127073660514725,0.006656023804583855,0.002164556056862832,19607.3071875,49.95984967282794
2023-10-09,-0.00718194675884698,-0.0064135473469911775,-0.010883591990297314,19601.9881640625,44.65124936124086
2023-10-10,0.00909680297624016,0.008249355917557377,-0.006564073799539494,19602.5871484375,51.61398235434384
2023-10-11,0.006170692128707245,0.019306857216300655,-0.009251688613869047,19605.893125,55.720184499398016
2023-10-12,-0.0008757409120068171,0.012700970799278677,-0.009963348865307475,19606.697109375,55.00239001982593
2023-10-13,-0.0021698099802970328,0.004963532258885239,-0.015891839499252658,19607.047109375,53.176162789786844
2023-10-16,-0.0009772027556287366,0.011244180993947861,-0.018472256348062044,19611.15109375,52.33521016803732
2023-10-17,0.004041709427698992,0.006178330106039853,-0.01886108435831446,19619.7480859375,55.46891641357315
2023-10-18,-0.007086812741337156,-0.007079275403510721,-0.02295704896563433,19622.830078125,49.32116579909469
2023-10-19,-0.0023588102112444,-0.008553136367080882,-0.01390360308540628,19623.378046875,47.44946724662902
2023-10-20,-0.004180896084593599,-0.01055135713705102,-0.010115271115205493,19622.8140625,44.251555037647606
2023-10-23,-0.013350307425555652,-0.02280588391805083,-0.019949934559131854,19615.798046875,35.953700412657795
2023-10-25,-0.008277236732921023,-0.03479542737172858,-0.02807689978626815,19607.3790625,32.000605359237966
2023-10-26,-0.013853064912347501,-0.0413728579253968,-0.041060847652330645,19595.958046875,26.744504644798695
2023-10-27,0.010075700327460302,-0.029424614987132558,-0.033941163103222594,19588.21203125,34.99209935107994
2023-10-30,0.004916740769664862,-0.020557600528571474,-0.019599426093766192,19581.7300390625,38.65803997099934
2023-10-31,-0.0032026069828995363,-0.010484027156508091,-0.02844956791824016,19576.01703125,37.18005370913438
2023-11-01,-0.004740624572936891,-0.006955284697750641,-0.02763103677270695,19569.59703125,35.050686375531896
2023-11-02,0.007588523257266999,0.01463628047567922,-0.015581809903305932,19564.3900390625,40.86170223898416
2023-11-03,0.005087980838331285,0.009626040996731922,-0.016123729743038773,19561.073046875,44.47592502953858
2023-11-06,0.00941990339899168,0.01415030661293537,-0.012300608034192417,19560.428046875,50.53409935873308
2023-11-07,-0.000260191958478706,0.01714394515984896,-0.005414539650019368,19560.828046875,50.36908245193535
2023-11-08,0.0018962926582819506,0.023926800305890117,-0.012511502843460254,19564.38203125,51.6089968403276
2023-11-09,-0.002478937369815082,0.013696093515215724,-0.021000529309124882,19566.16703125,49.85231789919655
2023-11-10,0.001549283945833313,0.010127089324092564,-0.018624350339749407,19567.821015625,50.97272778531299
2023-11-13,0.0009369804014345284,0.0016382233054721418,-0.015568791929385095,19569.743046875,51.67699344098081
2023-11-15,0.011926753508604282,0.013848310677188502,-0.0028533090704068176,19578.176015625,59.633203177904065
2023-11-16,0.004561522280999375,0.01654533488055132,-0.0023370659086894285,19584.773984375,62.225430689027576
2023-11-17,-0.0016897597201204206,0.017349563370798737,0.0030858047125170707,19588.833984375,60.66423295256923
2023-11-20,-0.0019157289123818977,0.013829887030467836,0.003531304122296408,19591.2159765625,58.864119153825065
2023-11-21,0.0045394734754240496,0.01747878323247054,0.012319209277544596,19594.66296875,61.754598056702285
2023-11-22,0.0014380348265852216,0.006932517225325396,0.027492297606545035,19596.3589453125,62.653908771704565
2023-11-23,-0.0004971574875239915,0.0018618978155853227,0.03555298935983209,19595.9999609375,62.10937969373457
2023-11-24,-0.00036868908443588033,0.003187668383504594,0.04971293368598295,19591.966953125,61.68145971734371
2023-11-28,0.004799264638990497,0.009936996991469549,0.044229440929792974,19589.896953125,65.05530792641562
2023-11-29,0.010402389113554511,0.015831414851130488,0.04992968978711643,19590.4289453125,71.03652584568044
2023-11-30,0.0018187545137213768,0.01621760651251658,0.05521870494244152,19591.0299609375,71.9499288016151
2023-12-01,0.0066929416105065975,0.0235279461986162,0.06734108549855522,19592.5409765625,75.07118990910325
2023-12-04,0.020668169003769332,0.04506769982415193,0.08119638750604308,19603.6109765625,81.83734719171679
2023-12-05,0.008135565760247543,0.04853770688070114,0.08447474509365005,19622.6849609375,83.7461135470121
2023-12-06,0.003960643244200535,0.04185283210711077,0.07860956476103387,19646.591953125,84.60144612143958
2023-12-07,-0.0017455990623970186,0.03814604198047511,0.07700697346981711,19671.1299609375,82.5318782864475
2023-12-08,0.003265370504707432,0.03461137989036511,0.07847868905418265,19697.026953125,83.35091996609452
2023-12-11,0.001320935183362959,0.014999846105070436,0.0825869547572835,19723.6749609375,83.68526084198322
2023-12-12,-0.004319607014175553,0.0024598674765829998,0.07624319824520542,19747.473984375,78.15106117539767
2023-12-13,0.0009542158562574343,-0.0005420657378073512,0.07626173042194062,19775.5299609375,78.48803255149446
2023-12-14,0.012250087289956912,0.01347049434423897,0.07660562070235444,19806.4179296875,82.2717592140087
2023-12-15,0.012932779200891975,0.023236239039903017,0.085577238719174,19844.9759375,85.25626443063625
2023-12-18,-0.0017710126840955187,0.02007661958520135,0.08548888305105518,19884.626953125,83.1648428300714
2023-12-19,0.0016083748565725031,0.026149849258371383,0.0893216009634914,19922.7739453125,83.55860537814253
2023-12-20,-0.01412146609423337,0.010694688057287127,0.06908569674643394,19952.706953125,68.40602120758297
2023-12-21,0.004959794076523361,0.0034155969337448244,0.0728453526717705,19987.5609765625,70.40714666086036
2023-12-22,0.004438926556610712,-0.0049984502728748215,0.07814364158292086,20020.7519921875,72.11773582189667
2023-12-26,0.004306875934107168,0.0010597875373108412,0.0831864315000681,20053.3519921875,73.71251491582858
2023-12-27,0.0099527499207277,0.009399592333821927,0.08874195440754007,20090.5669921875,77.00045298349558
2023-12-28,0.005723881307796219,0.0297184093973919,0.08370070768540883,20131.1199609375,78.66928730337013
2023-12-29,-0.0021717930740454694,0.02241112544389723,0.07938399947303942,20171.11296875,76.3914130091147
2024-01-01,0.00048317180721269004,0.01838459126806935,0.07272583600626947,20209.7209765625,76.55371438096844
2024-01-02,-0.003500136051024061,0.010468145707435372,0.0473248623773348,20249.615,72.65522070364781
2024-01-03,-0.00685186637566948,-0.006345046265830767,0.03175482315616929,20287.4680078125,65.6335224026871
2024-01-04,0.006564470186349425,-0.0055145446552474775,0.034430735826953995,20329.7869921875,68.73016081255125
2024-01-05,0.002410182228605562,-0.0009479190942469629,0.038737120947570425,20378.3680078125,69.81273031755941
2024-01-08,-0.00911070868564301,-0.010528076502627215,0.025923469400585875,20426.185,61.17087017969547
2024-01-09,0.0014804820050666745,-0.0055825848809463174,0.026086936300260932,20479.9369921875,61.98682763699149
2024-01-10,0.0034277152411805734,0.0047101344363917885,0.03407084982665953,20531.3659765625,63.88205644262719
2024-01-11,0.0013183031833516878,-0.0005263678552913653,0.03444698300615512,20581.491953125,64.61526052944083
2024-01-12,0.011426492637705898,0.008463529367313427,0.03360532834596919,20637.7909765625,70.25839877590579
2024-01-15,0.009267074694848665,0.02716725787895702,0.029864811909550593,20699.956953125,73.93102974353947
2024-01-16,-0.0029482333845447517,0.022624951239524682,0.028650282787826553,20757.93796875,70.90348538660356
2024-01-17,-0.020894393512082443,-0.0021624797832171527,0.005539973781833574,20804.7649609375,54.05768934014116
2024-01-18,-0.0050852715087356115,-0.00854379436716246,0.014756377785064778,20845.7749609375,50.95115213307862
2024-01-19,0.00746195718645537,-0.012430051355886373,0.017282932567681986,20890.088984375,55.015502214745304
2024-01-23,-0.01774084294273448,-0.038857355389753545,-0.005180455064375811,20925.995,45.327046526603205
2024-01-24,0.010129971071150878,-0.02625016643709721,0.0005876313573791592,20967.16796875,50.583427326260356
2024-01-25,-0.004724053755400193,-0.010168279516639345,-0.01395307683649083,21005.71296875,48.23103666009108
2024-01-29,0.018030591452244726,0.012829484763946075,-0.0018871471138925955,21051.5939453125,56.505804717356106
2024-01-30,-0.009913698102483215,-0.0046387440542211555,-0.009631260640722172,21088.526953125,51.539871021843354
2024-01-31,0.009460025419002926,0.022924949601196065,-0.0007451589596089159,21127.736953125,55.517391703027194
2024-02-01,-0.0013003033741542103,0.011349891692070901,0.001460755492932897,21167.049921875,54.84474181810526
2024-02-02,0.007205988175093214,0.023472606663543782,0.015636273889810814,21210.2459375,57.88601095645737
2024-02-05,-0.0037568550808078083,0.0015686924953890458,0.005221926228602625,21250.0119140625,55.76217904609525
2024-02-06,0.007243402101531293,0.018924769824621546,0.01006870320342057,21292.3629296875,58.882781386206126
2024-02-07,5.014315737827957e-05,0.009426660066859993,0.01940687026449117,21334.9329296875,58.90454979289313
2024-02-08,-0.009692017110872975,0.0009448115210834995,0.008034384667956918,21373.3979296875,53.05723491121083
2024-02-09,0.0029722318898448563,-0.0032626261199916184,0.007576810223065333,21411.2539453125,54.53336270027387
2024-02-12,-0.0076414194307357075,-0.007149117573972075,-0.0014389130522262095,21441.64296875,50.15386189914159
2024-02-13,0.005884480011507653,-0.008488622001018409,-0.00691043094519983,21473.8449609375,53.244061129265496
2024-02-14,0.004451992284961959,-0.004124357344793772,-0.011648332572322118,21505.28796875,55.50478428204203
2024-02-15,0.0032371361888359207,0.008877485590745637,-0.005516935451128302,21529.766953125,57.134959454262784
2024-02-16,0.005930843022260657,0.011853516297486433,0.021729607985196298,21553.4789453125,60.033384487123605
2024-02-19,0.0037000088082788096,0.023417747481842666,0.030751668627473805,21577.1699609375,61.77996669058466
2024-02-20,0.0033766555730090353,0.02086620991572108,0.026571926231377718,21603.0859375,63.35948911455442
2024-02-21,-0.006392700010330099,0.009844299454861094,0.0384320192277805,21624.7989453125,58.420414306214475
2024-02-22,0.0073633218581414805,0.013997659539267238,0.03558785341641091,21649.2059375,62.06511313363646
2024-02-23,-0.0002137959201901074,0.00780374516674498,0.04028079133733997,21675.3319140625,61.89421865917849
2024-02-26,-0.004080928508836235,-9.005356597979741e-06,0.017685999318397316,21699.2459375,58.57927711882275
2024-02-27,0.003448994348646428,6.308932868193118e-05,0.0314211908816473,21719.5589453125,60.497051573061114
2024-02-28,-0.011135927809948543,-0.004710956762490448,0.010377165291896695,21729.4489453125,52.08325707723414
2024-02-29,0.0014418556686905948,-0.010561448129786766,0.013151387502887246,21740.731953125,52.98485343670356
2024-03-01,0.016192168700068565,0.005674716971974192,0.022190612223667472,21758.4449609375,61.71050965680675
2024-03-04,0.0029925402887358565,0.012817474786981586,0.029115797726944503,21783.5539453125,63.095771733713875
2024-03-05,-0.00220029050703785,0.00711544662799124,0.0194670343475285,21805.5789453125,61.33350142835504
2024-03-06,0.005266971542034149,0.023821092804699795,0.024785152242311037,21828.071953125,63.92520396783477
2024-03-07,0.0008676673462120199,0.023234073086612295,0.035712467815809834,21849.1159765625,64.3513435281924
2024-03-11,-0.007153178801771132,-0.0002730506127245347,0.02525653118902782,21862.673984375,58.23821922699758
2024-03-12,0.0001365188668460693,-0.0031197732639902664,0.03329231804563637,21873.813984375,58.31901787219582
2024-03-13,-0.015132725270416536,-0.016040290654917078,0.011702446448897952,21879.1399609375,47.37569720387036
2024-03-14,0.006771215952804832,-0.01456792964524889,0.014038411011306762,21887.2349609375,51.6788620602434
2024-03-15,-0.005567468627318717,-0.020903821564132397,0.005139012100224827,21894.3859375,48.167600146749756
2024-03-18,0.0014688778023679294,-0.012401177962793941,0.0006805591715184356,21905.1529296875,49.14389560596052
2024-03-19,-0.010802196640288697,-0.023202765891696342,-0.013778019019313081,21908.329921875,42.756412528143564
2024-03-20,0.0009923428906801757,-0.007209827164097904,-0.016121567240993673,21910.8958984375,43.47538997598659
2024-03-21,0.0079146856998078,-0.0060822367942386935,-0.0019542717415388378,21920.8748828125,48.98445965121393
2024-03-22,0.0038524885010076115,0.003332844091697762,-0.005432631692396939,21931.912890625,51.48280520721193
2024-03-26,-0.00416580634029895,-0.0023123275074700134,-0.009364012808692146,21939.632890625,48.69509550276993
2024-03-27,0.005405716783151604,0.014034691627096807,7.230836737592838e-05,21949.1619140625,52.29025659048708
2024-03-28,0.009187001078543977,0.022336121450748703,0.005791006246505415,21957.80890625,57.73954898182682
2024-04-01,0.006050979178091831,0.020445748660306906,0.023272111041304555,21965.099921875,60.93361901342306
2024-04-02,-0.0003872860275131451,0.01613589243893343,0.021403096206071615,21973.519921875,60.6159258340227
2024-04-03,-0.0008306302403686683,0.01953906152503282,0.004293006127245258,21990.7739453125,59.89492903455381
2024-04-04,0.003565912488363576,0.017673394448761037,0.004867121753098225,22011.821953125,61.983756333266186
2024-04-05,-4.224679746289706e-05,0.008366536548146897,0.007040450879602034,22029.6479296875,61.9424472742824
2024-04-08,0.006778164752814453,0.009095395835188258,0.008554310118423114,22058.1979296875,65.87216058795826
2024-04-09,-0.0010390218270411866,0.008437477437981178,0.006632977612159419,22081.9739453125,64.76077925521358
2024-04-10,0.0049044741142307835,0.014225779544947414,0.01885805684764552,22109.99796875,67.54169605220517
2024-04-12,-0.010301592814249916,0.00021097374010214942,0.008224554336798695,22125.633984375,57.268633834740704
2024-04-15,-0.010963897188301042,-0.010713442353761371,0.01249225105395424,22140.6419921875,48.84174512244169
2024-04-16,-0.005594325260972033,-0.022870974652106968,5.644194394882618e-05,22149.086015625,45.225071761201704
2024-04-18,-0.0068652458503182245,-0.028569868528557696,-0.001248674724225185,22155.0540234375,41.21434416427064
2024-04-19,0.0068717686886063944,-0.02666810644444184,0.004139555057605326,22160.9180078125,46.31152746070829
2024-04-22,0.008551965982977361,-0.008126326492963964,0.02378606072010525,22172.21203125,51.93545827377399
2024-04-23,0.0014147135985376202,0.004287798855090452,0.02421804928248772,22180.9840234375,52.82337315231891
2024-04-24,0.0015379287654238016,0.011490931217467804,0.01773814613121183,22190.42203125,53.82345220886676
2024-04-25,0.0074969296067168845,0.026118563738276368,0.0214329984895969,22207.4700390625,58.45403444127809
2024-04-26,-0.006663626980883297,0.012324433049623051,0.01887096914490738,22220.2190234375,53.299462248591304
2024-04-29,0.00996662256880243,0.013744381128163008,0.02349295847760491,22240.766015625,59.07375025231201
2024-04-30,-0.00170251731563964,0.010588770090083965,0.012449073265302424,22257.9980078125,57.74714322152285
2024-05-02,0.0019177127972140884,0.010971986208578866,0.008289520913097759,22274.1609765625,58.86577652130274
2024-05-03,-0.007609859296553445,-0.0041869090038706425,0.0010042544900048522,22285.46296875,52.872413306118816
2024-05-06,-0.0014749338156797576,0.001014721299233523,0.00035876770909526456,22293.50296875,51.78037975396022
2024-05-07,-0.006246985595782073,-0.015055176552287719,-0.009422770815634696,22297.10796875,47.32823961520972
2024-05-08,0.0,-0.01337543113976769,-0.009380920332013098,22299.218984375,47.32823961520972
2024-05-09,-0.01546911781190452,-0.030496871388263957,-0.031271127480860694,22297.26796875,38.00292508925258
2024-05-10,0.0044494691449390444,-0.018715661384811066,-0.02594873773062023,22294.02296875,41.51714078284537
2024-05-13,0.0022149680905385605,-0.015089470040977604,-0.028555668841726778,22291.85,43.249349074322886
2024-05-14,0.005148324587705533,-0.0037955561315995423,-0.013390710943420037,22293.7659765625,47.174523439659
2024-05-15,-0.0007786004689536163,-0.004571201378769207,-0.0032304060500617515,22293.81,46.64635866727365
2024-05-16,0.009157377676264788,0.02032788839234878,0.011556364903029026,22302.863984375,53.268180282182456
2024-05-17,0.0027785403439750667,0.018630545412424926,0.021379033242688195,22312.5299609375,55.105544623330054
2024-05-21,0.002802051667603722,0.019227245006173677,0.017250678703661926,22316.3359765625,56.948928167090585
2024-05-22,0.0030516154749500313,0.01710116768972436,0.011702887934204265,22320.18,58.932181528738425
2024-05-23,0.01636661960848307,0.034553179195124795,0.026808404444966127,22332.4069921875,67.58373898718483
2024-05-24,-0.0004593757337192361,0.02469441679203599,0.024760704615480966,22342.06796875,67.14915138848768
2024-05-27,-0.0010737589261899938,0.020757924939511785,0.016043154653864855,22350.8459375,66.08002467507272
2024-05-28,-0.0019317094176221072,0.01593940254570625,0.02088323962319416,22361.9559375,64.1047302202709
2024-05-29,-0.008015115627261094,0.004730479684053934,0.0027071388160577747,22369.3359375,56.56398017225062
2024-05-30,-0.009515599658179275,-0.020855420204215602,-0.00514045528981566,22379.1549609375,49.22072554075455
2024-05-31,0.0018697799732139142,-0.018573791893592317,-0.0051880504434420605,22386.8359375,50.565849677089325
2024-06-03,0.03254231769535276,0.014453369926313853,0.035062113110122084,22411.646953125,66.98728347795905
2024-06-04,-0.05929359941641077,-0.0438502182787166,-0.024872196223333365,22408.22296875,40.03944533485666
2024-06-05,0.033624236760035675,-0.0037150727504613457,0.01425174798228901,22424.2809765625,51.295454988576076
2024-06-06,0.008888049244237806,0.014796352569859783,0.023266467464409857,22443.9269921875,53.84486799650947
2024-06-07,0.020539931466807104,0.03370739471960049,0.06069226417511109,22469.491015625,59.206334928593975
2024-06-10,-0.0013289382574128705,-0.00020208012397160413,0.05459030263378595,22492.74,58.72129248851891
2024-06-11,0.0002429314342191624,0.06307430415933646,0.052515208167620564,22517.9430078125,58.787670583472746
2024-06-12,0.002497312914139238,0.031060510624637105,0.04973926949747165,22541.928984375,59.508678556076994
2024-06-13,0.0032564994745150067,0.025305195567106198,0.053978372932400154,22563.368984375,60.48199457472679
2024-06-14,0.0028505279152657437,0.007533193895588708,0.04739140899944738,22583.4409765625,61.36040095805479
2024-06-18,0.003933450786960613,0.012842280985933874,0.04859770054586576,22605.53296875,62.5993375348306
2024-06-19,-0.0017786131162043084,0.010795272475081719,0.043807847402581146,22627.1599609375,61.633222770605016
2024-06-20,0.0021687361796223215,0.010463976016112042,0.042889094745634404,22648.206953125,62.393992111763296
2024-06-21,-0.00279629951309035,0.0043676932267699975,0.023226111930358506,22667.9549609375,60.71857949810122
2024-06-24,0.00156375661610908,0.0030789752319448915,0.025297185179387283,22685.3859375,61.34198777505205
2024-06-25,0.007793879853915442,0.006936118580840311,0.03439892333240269,22706.956953125,64.38088707652278
2024-06-26,0.006218040121837909,0.015002584676390596,0.04284533148762759,22729.256953125,66.65084515052425
2024-06-27,0.007361040898544724,0.020261382441549625,0.05900984498149908,22759.7589453125,69.17115793722184
2024-06-28,-0.0014099020825968367,0.02167983662333617,0.06767632527136724,22794.5209375,68.10174021803549
2024-07-01,0.005470484349075377,0.025665029703239695,0.07151353734548649,22834.4019140625,70.03481250892587
2024-07-02,-0.0007497161563467802,0.016969930605289063,0.03696496306769559,22876.9619140625,69.41060066114032
2024-07-03,0.006742306607722792,0.01749979911341515,0.109758047933469,22919.7519140625,71.83960026721084
2024-07-04,0.0006444070008029268,0.010715564500197505,0.07434901804315963,22959.0669140625,72.06942204099292
2024-07-05,0.0008928929498506211,0.013046321420381757,0.06583510183569641,22998.18390625,72.4056823562378
2024-07-08,-0.00013562113637344275,0.007397976065714129,0.0442418951077177,23036.5469140625,72.2632484294293
2024-07-09,0.004631820986013446,0.012823393213941214,0.050474652586216306,23073.80390625,74.13441829147227
2024-07-10,-0.004450911197766749,0.001562564336153871,0.04554508742442143,23111.89390625,69.27564148170597
2024-07-11,-0.0003494426502141934,0.0005678027624387294,0.042576090643017706,23145.3448828125,68.89556353943235
2024-07-12,0.007657573644356042,0.007330286287466459,0.04714965154696027,23183.2908984375,72.46009691439224
2024-07-15,0.003450669707641296,0.010943355678654676,0.04777630352676332,23222.0608984375,73.92150892767994
2024-07-16,0.0010697158254551198,0.007358871821911084,0.044787506181785286,23264.80390625,74.37700629930045
2024-07-18,0.007632129743428306,0.01958524883094892,0.05463725163186761,23311.9669140625,77.41169033248136
2024-07-19,-0.010884676251089243,0.00883992518413601,0.040900428167564895,23356.534921875,65.42069519875946
2024-07-22,-0.0008825762723847497,0.00028975454243052035,0.04289800934347898,23400.669921875,64.55700028282124
2024-07-23,-0.0012321559717249908,-0.004378320023450177,0.039986710234571454,23451.1009375,63.301621744900075
2024-07-24,-0.002677831825905974,-0.008105472717669482,0.02918049162367753,23498.266953125,60.54925071421652
2024-07-25,-0.0003031269840456652,-0.01591679342512442,0.022510507882200326,23544.3079296875,60.23085105299231
2024-07-26,0.01756732976027453,0.012390463208034497,0.03287028673397252,23596.6479296875,70.05546628315034
2024-07-29,5.03324972633834e-05,0.013335765450799286,0.034380649106225736,23649.35890625,70.0786744397539
2024-07-30,0.0008536433743000504,0.015451988043985843,0.029631060691007294,23698.4279296875,70.49634460629471
2024-07-31,0.00377553501085659,0.022022667402257,0.034293895652893314,23748.1289453125,72.33714584882676
2024-08-01,0.0023946791656728195,0.02478072248044416,0.02982728637823473,23797.7659375,73.47196405084908
2024-08-02,-0.011722935491954689,-0.004717177372428161,0.017099261647451014,23840.16390625,60.381731938054735
2024-08-05,-0.02678645789462286,-0.031426029540700506,-0.011028270783939198,23861.922890625,42.128375810519046
2024-08-06,-0.0026209626510589334,-0.034788572082302904,-0.013486536672223437,23882.6319140625,40.8616250712441
2024-08-07,0.012710162480444431,-0.026197204553365938,-0.005553886641494921,23909.9329296875,48.869729540209306
2024-08-08,-0.007428747813561065,-0.03574043223809997,-0.00852842409233634,23934.509921875,44.9866329163498
2024-08-09,0.010386864037815746,-0.014167953726225035,0.0021200398465319736,23967.7659375,50.82627917779868
2024-08-12,-0.0008412844977941925,0.012113619920387952,-0.006332113228901037,24004.9329296875,50.35520048921879
2024-08-13,-0.008543146999630324,0.006103945348922668,-0.018209000515554408,24037.0989453125,45.72448479764929
2024-08-14,0.00019677699987563635,-0.006327811503241021,-0.019065128184292846,24054.6959375,45.84695814925859
2024-08-16,0.016459762490292462,0.0175871953653024,-0.010471383958226554,24107.8289453125,54.996569238506474
2024-08-19,0.0012835584110202358,0.008419016748743235,0.001701935083310513,24146.8749609375,55.636412185354466
2024-08-20,0.005135759339910173,0.014451456416601616,0.0077358388924588795,24184.4239453125,58.20048193335386
2024-08-21,0.0028887826964991703,0.02614852391358391,0.011893779709914565,24214.024921875,59.621415836912824
2024-08-22,0.001667357653657442,0.02765726119596179,0.016302455608577127,24245.0709375,60.459327062691656
2024-08-23,0.00046955607782672715,0.011490903870086111,0.01708797341340862,24276.236953125,60.70702859760844
2024-08-26,0.007551387144671073,0.01782262848280647,0.007076749115229486,24309.9899609375,64.55448544764045
2024-08-27,0.0002858944102370753,0.01291154833802266,0.007313966101039071,24342.366953125,64.69649173312496
2024-08-28,0.0013830024432652799,0.011390719474368316,0.007846742083602587,24374.101953125,65.41845774278644
2024-08-29,0.00397565940632294,0.013721428319529272,0.008047678162384386,24405.9829296875,67.48012635178691
2024-08-30,0.003337760073577778,0.016627623549180237,0.008996077569615846,24440.3809375,69.1496347999601
2024-09-02,0.001695950113232314,0.010719439500143091,0.022696287184142294,24474.614921875,69.9953386339583
2024-09-03,4.550829989491412e-05,0.010476546027320621,0.05089251649844062,24510.189921875,70.01912895900108
2024-09-04,-0.0032100820170585243,0.005841751837928788,0.05027178846038316,24543.4069140625,66.04120394411297
2024-09-05,-0.0021270784221717465,-0.0002723291668342842,0.03488423127379359,24571.882890625,63.476095180304995
2024-09-06,-0.011650350298901935,-0.015206511123437516,0.03048266329249083,24591.5498828125,51.66472396988102
2024-09-09,0.003390048695012693,-0.013540998496912593,0.023346686801066996,24609.387890625,54.29852281377261
2024-09-10,0.0041986500501236534,-0.009444280867535682,0.028508629784983697,24629.997890625,57.40478046240823
2024-09-11,-0.004897963449619458,-0.011121605824457426,0.03229003764654714,24645.527890625,52.87124561853473
2024-09-12,0.01887963282727112,0.009695757226553248,0.051572369272586016,24670.82890625,64.46402227463878
2024-09-13,-0.0012761636040355961,0.020294002790408605,0.03322377298524981,24692.22890625,63.30900789754007
2024-09-16,0.0010746751326089488,0.017939622494318908,0.033008226482742486,24713.8608984375,63.894928996611974
2024-09-17,0.0013709866056039743,0.015073266660130535,0.029139056403737262,24735.754921875,64.67085442900222
2024-09-18,-0.0016129951842196455,0.01842416269446434,0.02451944601399325,24756.894921875,62.95430326833908
2024-09-19,0.0015072376499098983,0.0010595335052372423,0.024355673024605506,24776.546953125,63.91655437862427
2024-09-20,0.014760441377741573,0.01713364300080844,0.03898775187256298,24805.876953125,71.68485227383721
2024-09-23,0.005742385099666292,0.021876231102575527,0.03712230759661517,24838.338984375,74.0591904561488
2024-09-24,5.2030021699067674e-05,0.02053026601972685,0.03687983094502911,24867.103984375,74.08052007806047
2024-09-25,0.0024575565157058943,0.024691098631864694,0.037992475599726516,24895.4530078125,75.12112794501051
2024-09-26,0.008148714241454025,0.031486318565668414,0.04230692234805988,24927.5140234375,78.24728342892666
2024-09-27,-0.0014152231703233875,0.015044037220542705,0.03736933549140731,24955.076015625,76.43625847605487
2024-09-30,-0.014060900852023384,-0.004942400281187975,0.021051335989246134,24980.675,61.28168539418512
2024-10-01,-0.0005404401234794243,-0.005531911529471301,0.020453079794361395,25006.4280078125,60.78982214936107
2024-10-03,-0.021196375260987388,-0.028997324270276903,0.0020398033318622666,25021.848984375,45.40529649321509
2024-10-04,-0.009326695880144675,-0.045828839053603354,-0.0051898780290114965,25033.8709765625,40.63544629347809
2024-10-07,-0.008748875168602677,-0.052836315437722714,-0.0022694370401957764,25041.663984375,36.769744217927204
2024-10-08,0.00876764730346924,-0.030905577724968047,0.003077829951305011,25045.23,42.610328716582735
2024-10-09,-0.0012473907279866303,-0.031591050069378346,-0.002362132316380161,25048.1469921875,42.01055822574789
2024-10-10,0.0006604768849507447,-0.00996631278759652,0.0032104726621511315,25050.9699609375,42.47171580701558
2024-10-11,-0.0013680536120755926,-0.0020128089260372795,-0.01672582837741976,25051.231953125,41.730958894470035
2024-10-14,0.006557345754428789,0.013397425718117084,-0.009013498757714955,25053.5729296875,46.537577318166356
2024-10-15,-0.0028096049048969007,0.0017670392597393114,-0.012858635569015564,25060.3659375,44.82038958499787
2024-10-16,-0.0034340754096676696,-0.00042624526239964933,-0.017595416979079515,25078.6799609375,42.74988451668984
2024-10-17,-0.008868227322834543,-0.009944601251046348,-0.024734505598498213,25093.8259375,37.89776019205523
2024-10-18,0.004210173941240125,-0.0044142811720760955,-0.022102392320230146,25104.956953125,41.275275058454966
2024-10-21,-0.00293518237799828,-0.013803339315736407,-0.039155193583989556,25118.2389453125,39.64945822556655
2024-10-22,-0.012469180337869368,-0.02335642073577615,-0.05655377231210723,25120.3309375,33.6104354343133
2024-10-23,-0.001495564743491773,-0.021456662828406303,-0.05801376879166753,25122.1009375,32.96989054462341
2024-10-24,-0.0014773427748562273,-0.014159650433481996,-0.061711302845662064,25127.3089453125,32.315706684603285
2024-10-25,-0.008959220549493163,-0.027088139713140946,-0.07763373732307666,25128.0499609375,28.6133172933186
2024-10-28,0.0065485676346082045,-0.0178341246238648,-0.0702777950616632,25124.0099609375,34.4701139536828
2024-10-29,0.0052466588480091225,-0.0002145300192382127,-0.052071125915662764,25121.8939453125,38.82870897917901
2024-10-30,-0.005149825253829232,-0.0038734787757566114,-0.05644285783183289,25114.7339453125,36.26558958565254
2024-10-31,-0.005566773640794054,-0.007953096311520857,-0.04137607439822133,25103.436953125,33.690034874467074
2024-11-01,0.004090004961616156,0.00510937703191372,-0.028393418687133853,25093.2939453125,37.1993376846059
2024-11-04,-0.0127137736646451,-0.014125422446234048,-0.03227974110986764,25076.7379296875,31.58135087012677
2024-11-05,0.00908305881860727,-0.010362953636166017,-0.031977163887152216,25060.791953125,38.62245015274729
2024-11-06,0.011181870759630508,0.005883162427487543,-0.01993032781950843,25050.11796875,46.05008699728606
2024-11-07,-0.011628025706147627,-0.00024787908858281416,-0.03196596726390688,25033.05796875,40.49997954974209
2024-11-08,-0.002113709312467793,-0.006424791987223899,-0.03268877619996591,25012.98296875,39.5770703770787
2024-11-11,-0.00028567088740283353,0.006082477407121312,-0.03926498055654226,24991.0909765625,39.44651365227022
2024-11-12,-0.010680930776533315,-0.01362274253642548,-0.046848545792959495,24963.1859765625,34.82249849811599
2024-11-13,-0.013582562322921432,-0.03777969618934007,-0.05655492328458933,24928.77,30.04997184746506
2024-11-14,-0.0011185324376894457,-0.027548277180422076,-0.04917809238582016,24895.45,29.693956432992778
2024-11-18,-0.0033527151631265184,-0.02875570270104577,-0.0563389047654298,24861.6240234375,28.601363990806945
2024-11-19,0.002758581406631766,-0.025798145132830408,-0.050950104284207876,24834.951015625,30.848388190509212
2024-11-21,-0.007168807933116472,-0.02233968901385197,-0.04585627047382956,24803.221015625,28.344955998670798
2024-11-22,0.023869464111237804,0.014779849238540699,-0.02161813754578379,24780.5440234375,44.40638237375874
2024-11-25,0.013161295867362366,0.029286957924736123,-0.007274768935231712,24766.613046875,51.07388686618139
2024-11-26,-0.0011312238174179257,0.031581201940716896,0.0005665328817654469,24742.7250390625,50.50582839263795
2024-11-27,0.003323085437806128,0.032161931697387125,-0.002639779900647121,24721.093046875,52.186305208321805
2024-11-28,-0.014861029054492936,0.024164985313022802,-0.02258971741659055,24691.7010546875,44.831159200808955
2024-11-29,0.009072001940535257,0.009363252125401234,-0.008617201263147911,24665.95203125,49.44570772896233
2024-12-02,0.006006820004948565,0.0022355962889666348,0.0029208903410185005,24643.92203125,52.315565158801675
2024-12-03,0.007460011144599932,0.010855789151460016,0.006286972649169664,24624.7490234375,55.69927842085148
2024-12-04,0.00042109681465385407,0.00793201310928393,0.019674629336950744,24598.2790234375,55.890968403048255
2024-12-05,0.009847825562885104,0.03321255353112473,0.020447423250876673,24573.666015625,60.22709403050948
2024-12-06,-0.0012384293961259507,0.02265546041103761,0.007913314742361788,24548.4140234375,59.42811058882326
2024-12-09,-0.0023827399277279726,0.014127059703421097,0.017341391293525632,24520.711015625,57.84019463156993
2024-12-10,-0.0003635086213900074,0.006251766382546764,0.019125714440080932,24488.591015625,57.587989327079995
2024-12-11,0.0012901233029631864,0.00712585774435337,0.020732105719370564,24457.848046875,58.28298324482638
2024-12-12,-0.003778196379659149,-0.006463436294953162,0.027854016976649243,24432.6050390625,55.4153717267009
2024-12-13,0.008945547808588916,0.003667263578396307,0.0513284686733817,24412.033046875,60.36852653391502
2024-12-16,-0.004039468921733236,0.00200048742840897,0.04825416628557577,24400.3960546875,57.248007273484134
2024-12-17,-0.013468730047733413,-0.011135725955461862,0.037614339227067584,24386.8240625,48.31621896637755
2024-12-18,-0.005635699812006956,-0.017975600720384177,0.02892827388545194,24374.8860546875,45.18246625478438
2024-12-19,-0.010213311567061067,-0.024319007483053046,0.02577307903063364,24353.65703125,40.131173110993316
2024-12-20,-0.01520556915080562,-0.047673871198458895,-0.013374603938135943,24325.768046875,34.08408056579313
2024-12-23,0.0070354729729729115,-0.03708413775804931,-0.019339984242372377,24300.868046875,38.62240474205816
2024-12-24,-0.0010861087115143775,-0.024997929379314554,-0.019295691556965422,24276.1360546875,38.18227927328702
2024-12-26,0.0009503186263191132,-0.018540153679503235,-0.021614967041332922,24248.5810546875,38.838311743422295
2024-12-27,0.002661079652128029,-0.005774071679087278,-0.004212986802972329,24223.7020703125,40.73669566867471
2024-12-30,-0.007075847935867907,0.0024335088765234936,-0.02014824134085913,24197.1740625,37.40339094958178
2024-12-31,-4.212721278373799e-06,-0.004574006768424899,-0.026002993884308268,24175.0730859375,37.40144261936684
2025-01-01,0.004148887118253564,0.0006427100765959981,-0.02920413820057255,24152.850078125,40.67872463539656
2025-01-02,0.018774033191665485,0.01846094712034496,-0.011394683018749241,24141.00109375,52.776741779587205
2025-01-03,-0.007602755327609123,0.008035375302820391,-0.0284781847266804,24131.6541015625,48.39191438339516
2025-01-06,-0.016192595996625703,-0.0012201197255387042,-0.04302449839074429,24115.2651171875,40.69574481122941
2025-01-07,0.0038892874268343647,0.002668646268529251,-0.037007986082903455,24101.4351171875,43.00252274397806
2025-01-08,-0.0007993610384197103,-0.0022723075524632153,-0.03742786110794105,24091.5980859375,42.634037723689744
2025-01-09,-0.006857594959147506,-0.027374424779054052,-0.04526052260347124,24075.345078125,39.508780497282835
2025-01-10,-0.004037999702463213,-0.02388069028004869,-0.04550950780710594,24054.6380859375,37.76531607919731
2025-01-13,-0.014747275302477436,-0.022446664237395497,-0.06792357608050237,24029.540078125,32.19936124944938
2025-01-14,0.003902874499386977,-0.02243343360702299,-0.0604906800745898,24008.9541015625,34.893834032486
2025-01-15,0.0016028803979861728,-0.020083204012419476,-0.046137441701594395,23987.13109375,36.02274203299743
2025-01-16,0.004247650725383689,-0.009125846120332404,-0.0366566527931701,23973.4601171875,39.04395367256445
2025-01-17,-0.004658651792672774,-0.009743327625205356,-0.03125039243203487,23953.2580859375,36.97296932224003
2025-01-20,0.006100485537167577,0.01121031579848597,-0.010291467938526755,23930.4720703125,41.34037178592105
2025-01-21,-0.013711845677293555,-0.006532622492676166,-0.030681810519952446,23906.9780859375,35.371321822943074
2025-01-22,0.0056764909144164655,-0.002492099810536774,-0.024119572390366995,23887.12109375,39.22961608322069
2025-01-23,0.0021593282262408753,-0.004566407068844702,-0.02294084375279093,23868.4020703125,40.68840145121706
2025-01-24,-0.004876047658393667,-0.004783823082047389,-0.03028551823950887,23852.5770703125,38.439610262588396
2025-01-27,-0.011391241935562957,-0.022086319595412296,-0.034500039607840205,23837.9790625,33.76722285951797
2025-01-28,0.005611229817278129,-0.0029273143991990214,-0.02907830721903215,23826.470078125,37.736311781805085
2025-01-29,0.008966649288351114,0.0003346958750674034,-0.02441996435612126,23820.6560546875,43.586719627282086
2025-01-30,0.003730087599762788,0.001902595365646409,-0.03882607650524372,23815.2760546875,45.885082730260116
2025-01-31,0.011135740150325812,0.018023453198734662,-0.020677141373061536,23818.4460546875,52.17306770466727
2025-02-01,-0.0011166221250199504,0.02860378020323351,-0.005669889172634668,23809.9440625,51.5194155316323
2025-02-03,-0.005157091976693451,0.017589248766729515,-0.014630127664622572,23792.7270703125,48.50054117517337
2025-02-04,0.016189306820631133,0.024873630919059364,0.0021233859208151795,23783.6220703125,56.97900432335311
2025-02-05,-0.001809207062143936,0.019217651186046902,0.007217426359636958,23772.050078125,55.85442173344421
2025-02-06,-0.003922602634608197,0.0040389485108422996,0.007334127536649415,23765.8340625,53.398092766518026
2025-02-07,-0.0018387386257991967,0.003313104925691146,0.020531969273112072,23754.4110546875,52.242834319174975
2025-02-10,-0.007570033692307909,0.0008796191711331058,0.008869018715272015,23736.52203125,47.677907674858766
2025-02-11,-0.013249684936046169,-0.02811585112208681,-0.006091294705547923,23708.8150390625,40.979573662485436
2025-02-12,-0.0011507892904301098,-0.027474785505978705,-0.01143415662098446,23680.3710546875,40.45500291853248
2025-02-13,-0.0006009745771905495,-0.02423169711992179,-0.007404100895973542,23646.8310546875,40.16617312560998
2025-02-14,-0.004435266153706374,-0.02676997360622757,-0.017798434337484847,23611.8600390625,38.010605132317295
2025-02-17,0.0013192755977626813,-0.0180526403850384,-0.002829593045700629,23578.6700390625,39.05368780989357
2025-02-18,-0.0006184463402948426,-0.005482883681225403,-0.009071287269182826,23545.3750390625,38.72429913969447
2025-02-19,-0.0005404326900405598,-0.004875174249574177,-0.011740793538397298,23511.19703125,38.41954165138871
2025-02-20,-0.0008612081186238907,-0.005134294832029984,-0.007753649898344039,23478.4860546875,37.907840631392396
2025-02-21,-0.005117148798882476,-0.005815698698169336,-0.0014564711971783995,23439.038046875,34.933210082534615
2025-02-24,-0.010640105330068539,-0.01768986217578783,-0.01759358767382857,23396.7400390625,29.73507526032391
2025-02-25,-0.00025711604818956513,-0.01733470412055027,-0.026574544793472432,23360.9710546875,29.621589949443177
2025-02-27,-0.00011087678764998277,-0.01691236619741099,-0.03029954273210178,23327.895078125,29.569194380891545
2025-02-28,-0.018644959666695105,-0.034410421894564,-0.058859860683111886,23291.355078125,22.39598259118584
2025-03-03,-0.00024400049223838316,-0.02968075828464567,-0.058037683376693794,23261.99109375,22.321091581515375
2025-03-04,-0.0016569416451024388,-0.020870479414478615,-0.054723582538978355,23228.5751171875,21.788394870595127
2025-03-05,0.011531695069225467,-0.009324737841364117,-0.059056171477616215,23200.768125,33.63870834413679
2025-03-06,0.009284847776867,-1.559377725124378e-05,-0.04859836871294354,23176.658125,41.42319750114419
2025-03-07,0.00034601398645017767,0.01933589139541625,-0.04452120681030858,23151.4401171875,41.70021013694144
2025-03-10,-0.004088203913091726,0.015416400517011652,-0.04667448249951467,23127.748125,39.332650351402414
2025-03-11,0.0016740474556060647,0.018804355122892913,-0.037794643374000625,23104.8101171875,40.80856868752832
2025-03-12,-0.0012179087892316698,0.00596308479947627,-0.026062152102954372,23079.362109375,40.04402357092675
2025-03-13,-0.003262089461738671,-0.0065425579010309765,-0.028120796313773955,23043.5330859375,37.993352944622536
2025-03-17,0.004980568336268254,-0.0019399179691830248,-0.022692948833356485,23013.6130859375,42.79449669625264
2025-03-18,0.01446329899483545,0.016651602471513538,-0.004140964870198549,22997.9780859375,53.99095131343237
2025-03-19,0.0032100316461272094,0.01821055350217149,-0.002260519202290978,22981.9720703125,56.075502151883626
2025-03-20,0.012356195589090069,0.032048703438953385,0.010692804235344244,22972.00609375,63.03950616692797
2025-03-21,0.0068885519512889015,0.04255894509689506,0.018205285545594307,22968.4841015625,66.28810828496115
2025-03-24,0.013188177230298859,0.0510734540734159,0.03252277430409145,22973.02109375,71.49017819078647
2025-03-25,0.00043539728764163677,0.036539310634819744,0.03828539276996157,22984.6751171875,71.64777807768957
2025-03-26,-0.007681079328545448,0.025286368274174853,0.041390747546074635,22990.89109375,64.83561129118522
2025-03-27,0.004474827877002596,0.01730433693602773,0.04631981751066716,22998.46609375,66.80078267379496
2025-03-28,-0.0030773044101545244,0.007235388512559782,0.043215641320945464,23002.6170703125,64.13449559532964
2025-04-01,-0.015036571865236992,-0.0208235315970553,0.04705148710531559,23001.8670703125,53.03057738437465
2025-04-02,0.0071938424586863725,-0.014208701201789076,0.054841192319843746,23001.6190625,56.824101362189715
2025-04-03,-0.0035251486188494496,-0.010080108824194967,0.052867259957420254,23006.128046875,54.48515606278791
2025-04-04,-0.014866619775066536,-0.02914129704270474,0.025390195666616266,23001.1100390625,45.92930540883512
2025-04-07,-0.03243254628305536,-0.05772906234867947,-0.016992890686090112,22980.2350390625,33.68632486681098
2025-04-08,0.016887318902814252,-0.027188888339930162,-0.0007382946735394746,22969.108046875,42.065143844970315
2025-04-09,-0.006065856008070525,-0.03999593844483784,-0.0027225989188910393,22960.508046875,40.07343790123171
2025-04-11,0.019170387409190415,-0.01813105471406329,0.014696944376319854,22957.9340625,48.346785658237444
2025-04-15,0.02190239778210845,0.01851612140722514,0.0381856559155338,22961.2430859375,55.969472182238704
2025-04-16,0.004657316201027051,0.05755900439765127,0.04643437734524225,22964.9970703125,57.43927111816953
2025-04-17,0.017683476937954135,0.05838700577335332,0.05966126020436491,22971.8620703125,62.57186388467556
2025-04-21,0.011483498464016417,0.07707436936302603,0.05654869892316938,22984.730078125,65.53034405201471
2025-04-22,0.0017284255654137493,0.05864144559932072,0.054988318815799575,23000.8540625,65.97134066227866
2025-04-23,0.006690840652122221,0.04288300833089287,0.04908438568782736,23012.648046875,67.69719155420327
2025-04-24,-0.0033807460922566923,0.03453910991857723,0.03838473058838243,23023.656015625,65.8672360069573
2025-04-25,-0.00855166336268387,0.007869443651739028,0.016104250984989354,23032.376015625,61.36389528963377
2025-04-28,0.012028211882747275,0.008412210796353348,0.02787863264211987,23047.74703125,64.96152009314287
2025-04-29,0.0003061930965739812,0.006980488833028264,0.036152128680386086,23066.8340234375,65.05180577924877
2025-04-30,-7.191007773188485e-05,0.0002157923037611198,0.031462003970832875,23092.0819921875,65.0094256790006
2025-05-02,0.0005136803511647248,0.00412427271431115,0.03517740171884731,23118.1109765625,65.18390314793311
2025-05-05,0.004700890697612925,0.01754626427519912,0.055921090904369475,23146.7059765625,66.81552010810762
2025-05-06,-0.0033338898599493128,0.0021004011498859665,0.04488403515003103,23175.71296875,64.49617871491148
2025-05-07,0.0014274549954715887,0.003223674210108829,0.05007723841236911,23204.8109765625,65.05366541032495
2025-05-08,-0.005758880297096702,-0.002482039246784029,0.0597853958164174,23231.3809765625,60.89350403072259
2025-05-09,-0.0109501096942064,-0.01391150462355728,0.08331530318975355,23252.88296875,53.8787458150248
2025-05-12,0.038183073090219954,0.018950409965291737,0.10600219875363526,23293.1139453125,67.69893245502726
2025-05-13,-0.01389583907654357,0.008152307797687275,0.09728936949600042,23328.7629296875,60.34187534711952
2025-05-14,0.0036027960647213586,0.010342256863165034,0.0805285288142299,23371.0339453125,61.49403508815213
2025-05-15,0.01602143814146184,0.03247529446372943,0.0743101808758011,23421.324921875,66.21196820845032
2025-05-16,-0.0016877607536591732,0.04214431777949024,0.06752519990673211,23470.819921875,65.28989232498522
2025-05-19,-0.0029717088137536374,0.0008325075387225489,0.04585841273922586,23527.234921875,63.612934865248775
2025-05-20,-0.010484831354666824,0.004294461708272745,0.02314349688583861,23578.5269140625,57.972110625960745
2025-05-21,0.00524831270888626,0.005941112413973881,0.026738632601971624,23633.142890625,59.870253692862256
2025-05-22,-0.008211272774042211,-0.018051176783918432,0.01153975033922272,23678.590859375,55.61584948411546
2025-05-23,0.009892488718005854,-0.006660740110684182,0.025011700207260734,23724.7598828125,59.33424377417408
2025-05-26,0.005954979456279652,0.0022329191744172583,0.04000943440145788,23773.732890625,61.44871101091153
2025-05-27,-0.0069977248703164685,0.005764843718906176,0.020457456018661224,23821.050859375,57.63376066380722
2025-05-28,-0.0029706520659956714,-0.002458344241553778,0.017114598500193257,23866.1418359375,56.05392471943381
2025-05-29,0.003278479228775888,0.009098054739913763,0.020522573442244285,23913.403828125,57.43649028891688
2025-05-30,-0.00333823496911434,-0.004122260971536451,0.01659362513045992,23960.473828125,55.51504944363494
2025-06-02,-0.0013777230725331435,-0.011381507522817857,0.01044305826466374,24004.6308203125,54.70438932267897
2025-06-03,-0.007043833380258491,-0.011427412478658305,0.006681832074155958,24038.7948046875,50.6386175612061
2025-06-04,0.003165904807986175,-0.00534290561839923,0.008429403337057773,24073.046796875,52.341046002107596
2025-06-05,0.005308696762106768,-0.0033301341751028612,0.01965491987326229,24104.251796875,55.14359691077222
2025-06-06,0.01018752395450262,0.01019573468489443,0.04144663367419188,24137.3048046875,60.02718057973716
2025-06-09,0.004005448710087123,0.015641294331942168,0.007161570875275469,24166.201796875,61.80579135541008
2025-06-10,4.18584595869298e-05,0.02288886625241937,0.021396896007387145,24194.9137890625,61.82498459031922
2025-06-11,0.0014798446727146697,0.021169656965166483,0.019236304216817546,24228.0048046875,62.54168014306887
2025-06-12,-0.010071084662786611,0.005547225594144667,-0.0069387798043843985,24253.9298046875,54.96730297548737
2025-06-13,-0.006814458847919758,-0.011376658567134212,-0.012038511997294665,24277.9148046875,50.551073937068594
2025-06-16,0.00921979376770854,-0.006242201138767944,4.212316406038141e-05,24313.5308203125,55.70147800480522
2025-06-17,-0.0037319707924959866,-0.009992316415547209,0.0068668240155584925,24343.9518359375,53.260965990923815
2025-06-18,-0.0016637405234334324,-0.013099891185767487,-5.6358045496640585e-05,24375.190859375,52.167704147410134
2025-06-19,-0.0007577278241026608,-0.0038150296819573493,0.007458473166147117,24412.966875,51.64859008825798
2025-06-20,0.01287247095983779,0.015931354828881306,0.010431273135408814,24471.982890625,59.09057245226435
2025-06-23,-0.0055948454872697395,0.0010181945613612076,-0.0011699461641960784,24520.70390625,55.071964062988286
2025-06-24,0.0029012296868362597,0.007683021870199536,0.008787103845531163,24573.607890625,56.7069634822824
2025-06-25,0.008001820520425307,0.017439075172173357,0.019888972476997724,24621.931875,60.941142761338696
2025-06-26,0.012052010814129765,0.030482086858318214,0.02880776052920364,24666.340859375,66.32587616044496
2025-06-27,0.003475704773181043,0.02092195020995069,0.03584147480681965,24710.352890625,67.72446175241916
2025-06-30,-0.004709842354665206,0.02183055282527313,0.03238516561846927,24743.6608984375,63.84160323498923
2025-07-01,0.0009699396772837598,0.01986281055942407,0.04071715518997654,24771.9858984375,64.29348643788433
2025-07-02,-0.0034610085397696055,0.008265100293130212,0.0338421783053835,24797.70890625,61.34460656020463
2025-07-03,-0.00188971251922454,-0.0056244557027672615,0.026439457971107583,24819.2359375,59.73906851786323
2025-07-04,0.0021924250859925998,-0.006896097787736255,0.018315733658126998,24843.521953125,61.0116094494705
2025-07-07,1.1813410706551508e-05,-0.002184813616507908,0.014265176298028592,24871.9609765625,61.01877467340441
2025-07-08,0.0024036171315751087,-0.0007556546781998241,0.01666052560821374,24895.8409765625,62.52775632585916
2025-07-09,-0.00181801902732881,0.000891795139417173,0.013312672068768627,24918.643984375,60.61196895138957
2025-07-10,-0.004743646446198069,-0.001970092056022388,0.01876595317905272,24939.065,55.81533787047571
2025-07-11,-0.008100901810276007,-0.012220666534111024,0.017446376688606602,24955.1280078125,48.75340513349062
2025-07-14,-0.002685854157148504,-0.014885335327372573,0.005443680726755273,24967.551015625,46.66247728261689
2025-07-15,0.004525103218794291,-0.012800439563130595,0.013776802580067082,24983.8750390625,50.503700541232284
2025-07-16,0.0006449487413033861,-0.010364570408094687,0.016121198667796932,24999.828046875,51.04727094755348
2025-07-17,-0.003990217351728331,-0.00961539646621512,0.012834106813346402,25016.581015625,47.564670806663734
2025-07-18,-0.0056965580472427835,-0.007214723808223522,-0.005734218862397444,25035.7890234375,43.06557167403083
2025-07-21,0.004898144302865282,0.00033483521201849165,0.0047573002561551725,25039.1090234375,47.62671342785274
2025-07-22,-0.0011876443882732346,-0.0053540822852270464,0.000660858896643246,25048.7600390625,46.64614935509851
2025-07-23,0.006344544590244583,0.0003113435492854144,-0.00098434761187971,25059.8200390625,52.290486816458596
2025-07-24,-0.006256994627491075,-0.0019652234701831306,-0.019057512647266073,25059.8200390625,46.97865309389378
2025-07-25,-0.008981674037030651,-0.00526266755455973,-0.03123515890004336,25056.1640234375,40.63711089796766
2025-07-28,-0.006284962329387578,-0.01633269860485842,-0.032768300607819656,25050.873046875,36.915625531516795
2025-07-29,0.005680474234370125,-0.009568721694441118,-0.028216537199055258,25053.61703125,42.04878219312465
2025-07-30,0.001367835124523431,-0.014466734750095411,-0.023507649280344656,25054.4490625,43.252984900841085
2025-07-31,-0.0034882717656889994,-0.011720885503547995,-0.025071585546631026,25057.6220703125,40.91483312731572
2025-08-01,-0.008195943742782208,-0.010937326997020547,-0.035177345376261715,25051.8660546875,36.00690532484156
2025-08-04,0.006407415043054421,0.0016956273358201823,-0.029006796926647094,25046.298046875,41.83313364666909
2025-08-05,-0.0029608040671041946,-0.006911411292197744,-0.03420312346948773,25042.765078125,40.00883628523377
2025-08-06,-0.003056914228121266,-0.011299577094884383,-0.03540182384485213,25039.200078125,38.16383067098533
2025-08-07,0.0008932609229541644,-0.006952389701606165,-0.029938557473304317,25034.45109375,39.045684014607296
2025-08-08,-0.009466912735407229,-0.0082249522737462,-0.03127449429486062,25026.703125,33.575750972947816
2025-08-11,0.009101804471857822,-0.005569737134825226,-0.01982473634841797,25024.0721484375,41.92035488205784
2025-08-12,-0.003971941790719136,-0.006578229034029381,-0.0281158117090754,25022.97015625,39.56331573504213
2025-08-13,0.005388453516712133,0.0018373087246135178,-0.02350864580662304,25022.9531640625,44.134250238544794
2025-08-14,0.00048543816407109475,0.0014291013051537238,-0.019120698025723137,25020.561171875,44.54336601487869
2025-08-18,0.009973019276634965,0.021082875514770283,-0.003662676440791879,25018.039140625,52.27903702577672
2025-08-19,0.004168564680625764,0.016091063341496348,-0.004386040706381045,25015.5881640625,55.124840049693425
2025-08-20,0.0027981813736617234,0.02299755717804164,-0.00041297835327858134,25014.5141796875,56.986831551326105
2025-08-21,0.0013252889742787488,0.018863227420441664,-0.005398530070150898,25013.361171875,57.88072452069734
2025-08-22,-0.008517482060098724,0.00969493370430441,-0.007660970269553036,25012.9991796875,50.59383482021025
2025-08-25,0.003926417350905487,0.003649996647561604,0.005264323388493031,25017.9821875,53.476758720416846
2025-08-26,-0.010241179872034878,-0.010752306492220143,0.001262125373547196,25013.293203125,45.92062070464328
2025-08-28,-0.008544430103923584,-0.021941648925196677,-0.012900283379430166,25006.243203125,40.79455491107537
2025-08-29,-0.0030223697933294824,-0.026188284870683254,-0.01722793389736399,24998.5391796875,39.14424033865326
2025-09-01,0.008114070174605414,-0.009853150247642217,-0.005785562235069541,24995.1751953125,45.49940798875656
2025-09-02,-0.0018457290617897026,-0.015546070055371453,0.000580085373365069,24984.5191796875,44.35548649233296
2025-09-03,0.0055107151470170646,0.00012139826138080068,-0.0003114224246898445,24979.3821875,48.51013770913215
2025-09-04,0.0007788776228048189,0.009526196462326997,0.0034381965315353202,24973.1812109375,49.09188171325081
2025-09-05,0.00027084730671167456,0.012860863993874538,0.0067876385214102886,24963.1062109375,49.30653634290071
2025-09-08,0.0012994782193525012,0.006014184932676914,0.007196248079027301,24947.58921875,50.38769492255239
2025-09-09,0.003852930178235292,0.011757717969082426,0.020740162946798923,24932.2051953125,53.554708558654085
2025-09-10,0.0042020862308871365,0.010440958847665716,0.015783934374500097,24921.326171875,56.80569817314366
2025-09-11,0.0012974116602184615,0.010964499103834902,0.021157803650458273,24910.60015625,57.79217192425278
2025-09-12,0.004339045410009845,0.015076189321369338,0.02009193575270718,24903.8121484375,61.00393865631343
2025-09-15,-0.0017838966811339896,0.01195039078425153,0.017778128787795833,24897.0901171875,59.007309823263896
2025-09-16,0.006777256391098607,0.014898305727690797,0.014557668926382883,24892.652109375,63.84071075378266
2025-09-17,0.003611475529465391,0.014301404159334785,0.013994816144026423,24890.03109375,66.14689374967335
2025-09-18,0.0036853015416349333,0.01672030590770035,0.014891841356407198,24888.0530859375,68.37168175556903
2025-09-19,-0.0037976065391384095,0.008483347186827972,0.009699537798375513,24885.072109375,63.708256549619215
2025-09-22,-0.004923635718664832,0.0053113140736227304,0.013359415732888902,24882.0141015625,58.18787074992008
2025-09-23,-0.0013034343973540308,-0.0027576106300221115,0.008080423746633203,24882.407109375,56.79181169085924
2025-09-24,-0.00447365300760838,-0.010791429590114587,0.013954714338668017,24881.8991015625,52.17125828213856
2025-09-25,-0.006626948212322681,-0.02095493982699237,0.01591570973037415,24875.800078125,46.20154475689294
2025-09-26,-0.009487437927231501,-0.02654677673713801,0.009327834453426664,24864.653046875,39.31214549350087
2025-09-29,-0.0008030448049409777,-0.022515726809016035,0.0003999833122172447,24855.1220703125,38.789894877388086
2025-09-30,-0.0009661407544825362,-0.022185597275472313,0.0012815505744847577,24847.9760546875,38.13404936736562
2025-10-01,0.009150390492475902,-0.008803946455306022,0.004905917494290035,24842.8880859375,47.226178718824734
2025-10-03,0.0023332467769816567,0.00013661207545601073,0.006466696599373822,24839.555078125,49.29135689589164
2025-10-06,0.007367178791287232,0.01715499216284666,0.013606983979022713,24836.710078125,55.25874763461642
2025-10-07,0.0012222193924698033,0.01921665535961159,0.013528775522705816,24837.6341015625,56.1867067151653
2025-10-08,-0.0024752925801897474,0.017677015174254018,0.0071395568724772485,24841.817109375,53.75220810365313
2025-10-09,0.005416017571936882,0.013911089378529029,0.00835703917973607,24851.8351171875,58.02693619124629
2025-10-10,0.0041120501676790155,0.015710439534229792,0.01119152224010711,24861.1201171875,60.99102273468494
2025-10-13,-0.0022938183927065925,0.005969427614556988,0.004513403256152015,24868.56609375,58.49908729206813
2025-10-14,-0.003244479132464395,0.0014815506263881062,0.0030436066419279317,24876.1091015625,55.079051695103004
2025-10-15,0.007080820872521931,0.011075569949816844,0.003346045349558846,24891.273125,60.4902973842534
2025-10-16,0.010336228211479837,0.016023476776150236,0.0100690195023736,24908.524140625,66.81839556675563
2025-10-17,0.004867983737610659,0.01678837771903341,0.01125922388639422,24929.7301171875,69.33518796509603
2025-10-20,0.005184813729964155,0.024410046667017182,0.02037740650629072,24955.109140625,71.80048567853984
2025-10-21,0.0009847568259027106,0.028756620841701386,0.026436027208834645,24980.558125,72.25902567129566
2025-10-23,0.0008814076368377499,0.022423775175930194,0.02868155468424094,25011.1201171875,72.68753127418799
2025-10-24,-0.0037174505259611745,0.008201959835030914,0.02946294188391385,25035.322109375,67.91820855540553
2025-10-27,0.006625291500029773,0.009965098037040931,0.04319664409807977,25064.8951171875,71.494643054077
2025-10-28,-0.001149638146805021,0.003600521868214468,0.051977920664528554,25091.232109375,70.02618737966469
2025-10-29,0.0045381040946781415,0.007163154714523001,0.057601207128891385,25119.6841015625,72.43062066172783
2025-10-30,-0.0067571756478100875,-0.0005233699624415111,0.05147067868180355,25139.702109375,64.14245920648966
2025-10-31,-0.006018660837397216,-0.0028319579511562054,0.03566548963659377,25154.53109375,57.837002412913726
2025-11-03,0.0016036793506921665,-0.00780639203021849,0.03491166069975993,25168.7870703125,58.98693853744321
2025-11-04,-0.006431586779760301,-0.01305313956257148,0.020735594918190436,25179.065078125,52.7618767800577
2025-11-06,-0.0034359080045569534,-0.020887512568782962,0.015986682690998677,25191.8570703125,49.76012274075014
2025-11-07,-0.0006820322478444663,-0.014898796999937902,0.01781313230443593,25202.3480859375,49.16424448426641
2025-11-10,0.0032185728871263475,-0.005744087856115354,0.015588592393967593,25219.5940625,52.07866251233541
2025-11-11,0.0047156471705849246,-0.0026549494402742235,0.016199088234996495,25243.4750390625,56.065650816614166
2025-11-12,0.0070384090258497345,0.010866246955496761,0.025704292441169674,25272.4540625,61.269557892682926
2025-11-13,0.00012944949620363744,0.014482772560620694,0.029176210082320964,25297.5360546875,61.36084501925217
2025-11-14,0.001194026471448284,0.016387300761305124,0.023160259201653988,25324.145078125,62.244915756743175
2025-11-17,0.0039906690408659795,0.0171695318192584,0.016734156895812813,25350.113046875,65.12073392769265
2025-11-18,-0.003974806902018679,0.008371355812722747,0.007786944494688752,25373.628046875,60.183874026005356
2025-11-19,0.005503640675154298,0.006834555995776093,0.008106596789995146,25399.8610546875,64.21329191694599
2025-11-20,0.005354541588221684,0.012094678352090993,0.012507471843691942,25428.2410546875,67.66114321397333
2025-11-21,-0.0047342428227803435,0.0061018641263879125,0.0068265909658560275,25452.2320703125,61.94786611713221
2025-11-24,-0.004167936312968079,-0.002073897171279926,0.006371337514462949,25471.960078125,57.37622414405274
2025-11-25,-0.002877529180069005,-0.0009745252995904119,-0.0031290857698957897,25489.54609375,54.4035808585839
2025-11-26,0.012381783530362567,0.005859303692185236,0.010375520338595345,25511.372109375,63.21062053612769
2025-11-27,0.0003911422381892571,0.0008934123497310598,0.006204460299662706,25534.299140625,63.45374163541803
2025-11-28,-0.0004806903583736144,0.005171016205794077,0.012562852566282201,25553.5761328125,62.90336588751481
2025-12-01,-0.0010380212747401751,0.008330283711165398,0.017636600336453645,25570.4861328125,61.66021511635801
2025-12-02,-0.005484113396941881,0.00569440107905983,0.010435351514896496,25582.658125,55.43353819450387
2025-12-03,-0.0017746951904364927,-0.008368565699002017,0.015171299062558985,25595.837109375,53.55898658277614
2025-12-04,0.0018375278996383138,-0.006934844999710199,0.020543197187711915,25612.4651171875,55.24361167031109
2025-12-05,0.005865433091659877,-0.0006297001097950172,0.0272297288289709,25632.8041015625,60.21389476078801
2025-12-08,-0.00862653945989178,-0.008221320067237858,0.015101114115270597,25650.877109375,51.162084924763676
2025-12-09,-0.004657081109092687,-0.007396564020849761,0.00563150254328626,25669.853125,47.08266078945259
2025-12-10,-0.0031598875909956137,-0.008773955206649697,-0.004552546305556682,25691.919140625,44.50191867731431
2025-12-11,0.0054565875164998,-0.005193228741537381,0.0007496533051574161,25717.1921484375,49.62100861097864
2025-12-12,0.005729990019651465,-0.005327182728543267,0.0052836035967582795,25745.909140625,54.40322939801253
2025-12-15,-0.0007543469807149705,0.0025712089301359597,0.0005324769654158068,25769.729140625,53.67670636273644
2025-12-16,-0.006424068837574293,0.0007913891419142338,-0.0019278685440148324,25789.0461328125,47.823881718165346
2025-12-17,-0.001606677033445636,0.0023507563184252955,-0.0089856350837626,25803.864140625,46.46795154093237
2025-12-18,-0.00011619552256891819,-0.0032048125279693362,-0.01437833869149574,25818.009140625,46.36573132921675
2025-12-19,0.005843362036054733,-0.0030924476969846904,-0.0039032305121499133,25836.414140625,52.07467706330196
2025-12-22,0.00793332910611566,0.005574900393802151,0.008201251589013747,25856.2261328125,58.56141280256768
2025-12-23,0.00018148889399149937,0.012260230472393774,0.011294257655124262,25874.0621484375,58.70022254291742
2025-12-24,-0.0013389838361685946,0.01253164172018395,-0.0024117705193531513,25892.3571484375,57.17815503262558
2025-12-26,-0.0038175521330050532,0.00878346551353415,-0.006608672899747425,25910.2931640625,52.96690356380303
2025-12-29,-0.003847631310177624,-0.0009358548310289816,-0.009954971373540844,25922.664140625,49.05993390282125
2025-12-30,-0.00012527898855285713,-0.008923552206302698,-0.009050376421879003,25929.7351171875,48.93385566382872
2025-12-31,0.0073538342244390265,-0.0018164995249838611,0.003741535235134652,25938.1301171875,56.06966955158195
