Date,VIX_Return_1D,VIX_Return_5D,VIX_Return_20D,VIX_RSI
2015-01-30,0.03808542251649083,0.08616049584080909,0.34198273018243475,69.04235140849399
2015-02-02,0.011898848299968012,0.14086084649180042,0.47898547574768235,69.9672923695044
2015-02-03,-0.029397373148231765,0.09508011602246635,0.40000000000000013,64.75815405162865
2015-02-04,0.012115082159935175,0.014162810966801054,0.15097584094420546,65.85327934045633
2015-02-05,0.02842900867144449,0.06124552317894838,0.1367145277303683,68.36742072438349
2015-02-06,0.0033947474284787837,0.02578088526508404,0.25622352135020376,68.67247111657552
2015-02-09,0.06428225661554499,0.07888293103322597,0.3796992735045315,73.8353512707817
2015-02-10,-0.037693002109517204,0.06966184277227017,0.31533207518576223,66.47291194588061
2015-02-11,-0.03256255387764684,0.022443929180190114,0.2439320733875554,61.0251019205171
2015-02-12,-0.016585373296970296,-0.022308485601322148,0.16869564332823828,58.481719011046664
2015-02-13,-0.002976164007763349,-0.02851619803569827,0.24381191653838874,58.02215076373999
2015-02-16,0.03631838449661484,-0.054041803329666016,0.2061377748453963,61.940906641420725
2015-02-18,0.0038406108496915614,-0.01321381215613826,0.1847025665348596,62.35565005375544
2015-02-19,-0.024390255026470076,-0.004878067388766949,0.1812390896237368,58.015259785454084
2015-02-20,0.042647100759900525,0.05505955450163613,0.20101646286431873,62.77537325766358
2015-02-23,0.016925185484494287,0.07611934080893779,0.16478188024931728,64.56563463394261
2015-02-24,-0.003698563421637213,0.034565497647222054,0.20458356468865335,63.83096712200684
2015-02-25,-0.035730792467539185,-0.006217080904603156,0.14870096801368993,57.09676799023812
2015-02-26,-0.009624675473085542,0.008823544536357364,0.04097114047482453,55.46009627474042
2015-02-27,-0.04907678487007261,-0.07992481082993785,0.00720532102159277,47.980333602162915
2015-03-02,-0.19008683553216088,-0.26722140561987984,-0.21417945852670406,31.258562555229403
2015-03-03,-0.02271297171528408,-0.28120648169308127,-0.24105831029282332,30.162996533348164
2015-03-04,-0.018721753785545303,-0.2685274635706061,-0.23271074108824785,29.272944596715064
2015-03-05,-0.050000015685433,-0.29834792838119006,-0.2798004922767122,27.022507027375866
2015-03-09,0.0948754071360598,-0.19213077842826676,-0.23326868204897333,36.499479844175625
2015-03-10,-0.017710352891457837,-0.020189314876777553,-0.24939587568364707,35.48521565825776
2015-03-11,-0.025756576008243437,-0.023240778695715836,-0.31289737511760685,34.030372158227365
2015-03-12,-0.025115671617095714,-0.029605250981045383,-0.30391695949733133,32.660438082474315
2015-03-13,0.014915272340936259,0.036703649726244514,-0.2697560845351801,34.30921383956259
2015-03-16,0.014028058410225475,-0.03984820352434837,-0.24702378868696273,35.92201563262972
2015-03-17,-0.0032938201402943346,-0.025756576008243437,-0.24726369018433814,35.69729198241406
2015-03-18,0.025115671617095714,0.025115671617095714,-0.2554008504229359,38.829337169905656
2015-03-19,-0.019987131853127504,0.03050846164509391,-0.27307508750908294,37.235939035177694
2015-03-20,-0.061842078432811864,-0.04742819141498189,-0.3009803678658499,32.835839391448886
2015-03-23,0.0007012783114535015,-0.05994728782066183,-0.3291020145439141,32.92664594414944
2015-03-24,-0.04204627625945834,-0.09649702756799516,-0.36800736908537834,30.28131171798175
2015-03-25,-0.03877101170542763,-0.15280463253287413,-0.39025518289925143,28.13134212649595
2015-03-26,0.15372902978011282,-0.0026315764707210976,-0.27045238948645234,44.349080017657975
2015-03-27,-0.04353561042579923,0.01683027820939831,-0.2954324560857998,41.08673680859651
2015-03-30,-0.016551708352976813,-0.000700786864824221,-0.2713336509323885,39.93629545214518
2015-03-31,0.016128999897944807,0.059985346762816416,-0.08580445284667271,41.62325073383304
2015-04-01,-0.05659073207569432,0.040334834027650146,-0.11749514020120877,37.571679599703096
2015-04-06,0.06583757231216314,-0.03891821626163172,-0.04144737647015628,44.01317406294714
2015-04-07,-0.02196291705743103,-0.017241379310344862,-0.01315786605987268,42.34034597567669
2015-04-08,0.007017570629454628,0.006311371047919678,-0.09234661602762739,43.06855756401212
2015-04-09,0.004878027384208838,-0.0048308968895738325,-0.0714745444792666,43.6054678510551
2015-04-10,-0.011095689775698636,0.0431602157494535,-0.057501644347557224,42.61615888347521
2015-04-13,0.016128999897944807,-0.005490729264357896,-0.01762713416148043,44.56322647362018
2015-04-15,0.008971712663518261,0.025964904249760057,-0.023380118585608622,45.6850188694456
2015-04-16,0.022571814383665734,0.04181180570351706,-0.015151547515596664,48.53213689640683
2015-04-17,0.00602007717298525,0.04299583094859649,-0.005948456834576565,49.31250720598765
2015-04-20,0.0837765477661796,0.14305743165746576,0.05093481602325323,58.74369976971977
2015-04-21,0.044785367101440654,0.17529337168038728,0.12039479607525361,63.035050673207834
2015-04-22,0.010569488583068498,0.17715452935617648,0.2068722866929531,64.0286027985045
2015-04-23,0.07495647787054316,0.23745820976765364,0.29642602708782495,70.20870887497152
2015-04-24,0.03297300596494912,0.2706117459322839,0.3979517559397445,72.60548349232752
2015-04-27,-0.019361634087702306,0.14969329130457276,0.42617954957977733,68.98037867586436
2015-04-28,-0.07097118142743164,0.022313514118915245,0.14841688803737596,57.80741717300213
2015-04-29,-0.009764507626874863,0.0017432125648730867,0.1889655014564251,56.54665880174078
2015-04-30,-0.00058005968762187,-0.06864867339263092,0.2082748433158601,56.468639667315244
2015-05-04,0.004643060117903497,-0.09419157963993718,0.19461695923868216,56.980002170625426
2015-05-05,0.002888569956778886,-0.07363923039601306,0.269934199960737,57.31748501205131
2015-05-06,0.13306448068699717,0.1298104680464871,0.35003435060341315,69.29976832741906
2015-05-07,-0.0010168000857190274,0.1397911762997548,0.37894734165124744,69.11884324318805
2015-05-08,-0.027480866089660938,0.109112078819662,0.3317073242052633,64.24215689434556
2015-05-11,-0.02511781445600525,0.07625648385612793,0.29195555216353797,60.1777377314278
2015-05-12,0.10305959005823917,0.18375567480146437,0.44109389251194475,68.70634393776734
2015-05-13,0.00681271543526818,0.0518556407629589,0.4278813568580899,69.22392791185479
2015-05-14,0.00048333632787378455,0.05343517378081808,0.41586873631824695,69.2630343329284
2015-05-15,-0.042512127327587246,0.03715327377268984,0.3257525048623038,61.81890159741134
2015-05-18,-0.09687185196048886,-0.03918408884170288,0.190159552123089,49.355172543841746
2015-05-19,0.020670438386510837,-0.11094884982696496,0.1208589762522212,51.38914973832326
2015-05-20,-0.030104057505672466,-0.14354766283423892,0.04051665290008266,48.284824552453
2015-05-21,-0.0174943271983512,-0.15893723643806068,0.011621195443287435,46.576976967874835
2015-05-22,-0.026421544428734345,-0.14480317740036264,-0.08378374254381338,44.08518476528147
2015-05-25,-0.0011799679565444032,-0.05418990692884362,-0.11407641211664377,43.97502720888576
2015-05-26,0.008269308158584954,-0.06568148510524663,-0.08911419939650833,45.01081269056809
2015-05-27,0.01230234303313793,-0.02483062323695373,-0.007466924865362712,46.605460916036776
2015-05-28,-0.008680643513795272,-0.016082750666257417,-0.006380545928767578,45.58850538846575
2015-05-29,-0.027437205859936475,-0.017109197786080332,-0.033081817177473716,42.462049295661046
2015-06-01,0.015006002538399343,-0.0011813619257619035,-0.023108008715845285,44.636974200208975
2015-06-02,-0.005322303571851594,-0.014645577297567436,-0.031106042427518577,43.99227926181556
2015-06-03,0.041022624647843564,0.013310158165333874,-0.10981188810544618,49.95949895081564
2015-06-04,0.03483727026715844,0.05779344582422574,-0.07786253480911343,54.56792118261319
2015-06-05,-0.0016556669567338034,0.08583435283751895,-0.05337521848173843,54.30304651955388
2015-06-08,0.044223285257745326,0.11709045299248477,0.01395599788481916,59.89365585625831
2015-06-09,-0.046585452048708786,0.07074914123950893,-0.1236009295610091,52.312205479416406
2015-06-10,-0.05163799518916057,-0.024557412881498264,-0.17448045032232717,45.724874136290666
2015-06-11,0.04274002022816936,-0.017108242766733284,-0.13961358408117674,50.94644466860233
2015-06-12,-0.01852891261098044,-0.03372032090692367,-0.11806257258414377,48.66709142115463
2015-06-15,0.0022883819550847395,-0.07252509137906682,-0.021229003847196837,48.96515255583566
2015-06-16,-0.019977190201192596,-0.046640763015694975,-0.06020801061350223,46.42508395878213
2015-06-17,-0.025626123011211366,-0.020491825704515687,-0.055869063740429215,43.37857156337773
2015-06-18,-0.04243867925281186,-0.10050528140675585,-0.07983913853135682,38.93823598692952
2015-06-19,-0.05805245184778263,-0.13672765745065174,-0.10973454434399699,34.02518741288816
2015-06-22,0.026507595393342243,-0.11586761607337459,-0.08505614341999657,37.66808073799989
2015-06-23,-0.029050988761418983,-0.12405358794271293,-0.11892207201308302,35.30620643608714
2015-06-24,0.058510646055380366,-0.048415988529914245,-0.0787037358975693,42.8525293305323
2015-06-25,0.0006281550775069089,-0.005617986892395899,-0.07005247602925857,42.93399265856108
2015-06-26,-0.01067169322267425,0.04440026968316779,-0.05402158624089515,41.84204481535206
2015-06-29,0.09771567168866557,0.11684954762344235,0.02306324028194018,53.403445014907675
2015-06-30,-0.021387222439417375,0.12566491676306457,0.006539869937418175,50.79096782539631
2015-07-01,-0.06379207939977882,-0.004396965734218217,-0.09480295977803721,44.02148001409278
2015-07-02,-0.018296527121353767,-0.023226608818008865,-0.1412803698150935,42.38779238639827
2015-07-03,0.04820045154884123,0.03489842824066813,-0.09839694149426903,47.784752125264546
2015-07-06,-0.01778044253062483,-0.07398837200841168,-0.1519321876451465,45.99073932611392
2015-07-07,0.018102309606250477,-0.03662143107249993,-0.09439204560437697,48.089561205648415
2015-07-08,0.09074196799793999,0.12239750708937991,0.04156914490589947,57.22531665040707
2015-07-09,-0.019673994573223497,0.12082262620448114,-0.020774786242543475,54.77045417157243
2015-07-10,-0.02121564380177876,0.04659719520339811,-0.02345536945933213,52.220127761037496
2015-07-13,-0.046865802657460764,0.015605492687663647,-0.07134703009931054,47.112098011071886
2015-07-14,-0.01598034551730876,-0.018393577368717162,-0.06755968795909806,45.55255599584593
2015-07-15,-0.027482856200330308,-0.12478926961524084,-0.06933651399592622,42.96076038012691
2015-07-16,-0.050738598416006475,-0.15252297704302564,-0.0774032889737869,38.702911996350714
2015-07-17,0.0013532109692164784,-0.1329818128103213,-0.019218022459946305,38.86810196171539
2015-07-20,0.010810800361494177,-0.08051631117143554,-0.03421560624935582,40.2552033993185
2015-07-21,0.009358311695572441,-0.056839464984546284,0.003989389612292893,41.50588491865775
2015-07-22,0.0019867372326694,-0.02825944694973681,-0.049623112943912195,41.787100157656965
2015-07-23,0.025776625272495357,0.05006770894194856,-0.02573759193707581,45.45813846391811
2015-07-24,-0.003866006304573566,0.04459458370988978,-0.01903554482093739,44.98809151939006
2015-07-27,0.05886162993797117,0.0942513902066191,-0.05375713519309755,52.93659082328423
2015-07-28,-0.027489354909558394,0.05430461417938082,-0.05965742532048646,49.154371290415476
2015-07-29,-0.002512560405862563,0.049570389578791785,0.0018927275866984505,48.820465698201225
2015-07-30,-0.03463477246670188,-0.012242302091078239,-0.014781522474811681,44.358498899040036
2015-07-31,-0.04957600995852485,-0.057567939270809165,-0.10668300601428782,39.04774753147703
2015-08-03,0.05628007314165062,-0.059865635043946486,-0.0393258487165401,46.49142684934606
2015-08-04,-0.03638729091124837,-0.06846734593996506,-0.09074185105442689,42.65986198955248
2015-08-05,-0.010788931101499921,-0.07619647540472163,-0.17537946479306943,41.604836326716594
2015-08-06,0.004089943124086393,-0.03913896832718822,-0.1553899603689276,42.18228975692739
2015-08-07,0.012219980364537975,0.023335632100848214,-0.12653777891203133,43.972291628109986
2015-08-10,0.03755871397368904,0.005198175563444041,-0.049170262337216,49.23771782649761
2015-08-11,0.027149325730077223,0.07147676500808786,-0.007495308172613457,52.819038102430284
2015-08-12,0.09817497708690981,0.18950243164196467,0.12074509344660944,63.20321218932151
2015-08-13,-0.024641850222094086,0.15546510432407468,0.15155620874576137,59.32717805686663
2015-08-14,-0.05875440500025664,0.07444672177808398,0.0824324494125721,51.428282330595806
2015-08-17,0.02746558140675659,0.06399475115419562,0.10026731567518654,54.310739249526534
2015-08-18,-0.0060752417790488344,0.0295783673300114,0.08344372165897873,53.533187678455015
2015-08-19,0.019559882816981178,-0.0441260988021851,0.10244548440257151,55.71798779673375
2015-08-20,0.01798556544195362,-0.002350229991274655,0.09407210318362536,57.72481339911244
2015-08-21,0.007656129070667372,0.0680399576430506,0.10672707426476546,58.60038179163241
2015-08-24,0.6440676889133441,0.7089915386023746,0.7183871544678504,85.67836778065879
2015-08-25,-0.04550297964751138,0.6411980060979192,0.686557804823843,79.19872706099932
2015-08-26,-0.04953444710652377,0.5299760186362137,0.6070529139704699,73.01935325519102
2015-08-27,-0.1363636159801731,0.297997733198089,0.437703915539168,59.85898930091125
2015-08-28,0.058529898121278734,0.3635300462579403,0.6012354435390752,62.553245984051536
2015-08-31,0.05443636784898587,-0.1254887623395391,0.5984405349375386,65.04100756808877
2015-09-01,0.1674796287803395,0.06964614172502293,0.9366149333180362,71.62646486213461
2015-09-02,-0.07207520001094447,0.04427896318563107,0.8166325480526391,65.00115817305459
2015-09-03,-0.09493428951262428,0.09437385831688783,0.6374746496137005,57.9462332909982
2015-09-04,0.09535651563159919,0.1324474994724747,0.7719651473289315,61.98558504377236
2015-09-07,-0.0026494963899348356,0.07113821027898082,0.7032966985546503,61.79105551952382
2015-09-08,-0.06755220724388555,-0.14449859741467908,0.5462554539936777,56.900900090353375
2015-09-09,-0.010989029756502178,-0.08818012814663334,0.39255003866069815,56.17468262315107
2015-09-10,0.018518550496624986,0.026119367282187334,0.4541715237563515,57.1561358796942
2015-09-11,0.009292910797427334,-0.05450418356923836,0.5593008007768456,57.67782399656897
2015-09-14,-0.026421131285297994,-0.07703987314068794,0.47752132731077723,55.58616645134033
2015-09-15,-0.02384868137270124,-0.033781031095450054,0.45110017637144884,53.74173638522992
2015-09-16,-0.07329400959957166,-0.09465017733633341,0.3189448199934044,48.53834631812933
2015-09-18,-0.16863632202148438,-0.2610100640190972,0.07714967070714551,39.70992500048661
2015-09-21,-0.006014248487990925,-0.2722177486658104,0.06253650827907431,39.480633391387435
2015-09-22,0.11936193838655518,-0.1632401053935616,-0.27657301853559146,46.09336173591205
2015-09-23,0.016707623892601386,-0.12847511653185206,-0.22942270986570912,47.06924626363412
2015-09-24,0.009183113668664644,-0.050909129056063596,-0.18181822937959602,47.63969209197959
2015-09-28,0.03783529440996114,0.18480038226226347,-0.016787696182568257,50.050164732013535
2015-09-29,-0.004614692252775887,0.18646861016186644,-0.07543935853567929,49.738026254773885
2015-09-30,-0.08993975713977986,-0.03538089470301642,-0.20203256681438275,44.00447713713067
2015-10-01,-0.019867519425467273,-0.0700822003630508,-0.3300835574124902,42.93302388017793
2015-10-05,-0.005717287508323565,-0.08381226390507912,-0.282176381441104,42.61782584216668
2015-10-06,0.009409321122446412,-0.10890634988660208,-0.19941961881971026,43.35073331485399
2015-10-07,0.0015536347734457223,-0.103384310328545,-0.2679788002748257,43.480306336488006
2015-10-08,0.011375352203658373,-0.003565955059444126,-0.2576850405020228,44.4831198108907
2015-10-09,-0.03220854693087016,-0.0161122385462672,-0.22954820755803784,42.17540089523525
2015-10-12,0.010037006391683256,-0.0005226514360601175,-0.21316866503958576,43.13357218390667
2015-10-13,-0.05753139817926023,-0.06680471485532247,-0.27191917342369,39.09460731745345
2015-10-14,-0.016648231786249967,-0.08376426196752773,-0.29063252049330845,38.04819353788107
2015-10-15,-0.031038332865286566,-0.12218811119140738,-0.2939966985300553,36.1384294256091
2015-10-16,-0.05241698395638761,-0.14051768645163842,-0.3146587778169406,33.20165654991605
2015-10-19,0.037492236376173604,-0.1171548943591264,-0.23272731087424536,36.94200866351762
2015-10-20,0.0071090548104002504,-0.05660379755008382,-0.07053039097620784,37.68128253632927
2015-10-21,-0.022352891809800046,-0.062076665730573244,-0.08580855004156718,36.23268166805777
2015-10-23,-0.025872459895472266,-0.05707626895059725,-0.20442259309243627,34.61120539062311
2015-10-26,0.06423712006623772,0.05900424446605146,-0.16723058977817873,41.43740914766989
2015-10-27,-0.040046352004686536,-0.020142077141182546,-0.20785433044432733,38.561163158679996
2015-10-28,0.03022974439684667,0.0023529950310201553,-0.21365939752956542,41.71815310956986
2015-10-29,0.03169008093694692,0.057761674849406086,-0.18497912969723296,45.00486851430768
2015-10-30,0.017064803092291747,0.10438533483392232,-0.08914926514605404,46.799824210011934
2015-11-02,0.08948548414815072,0.13058619035273433,0.012474000726259593,55.198432353392626
2015-11-03,0.0041067723606769135,0.1825875685157876,0.022477800524824953,55.57606147711286
2015-11-04,-0.010224890646804985,0.13615020951731083,0.002589391289076204,54.34285070910216
2015-11-05,-0.0036156866021371803,0.09726968141310444,-0.0025852759393001357,53.892108697681635
2015-11-06,0.009331176220020554,0.08892618720457013,-0.004601234920512232,54.927383322602324
2015-11-09,-0.1248073181060878,-0.12525660595723354,-0.09984148754248456,41.40964940739397
2015-11-10,-0.012324001205300972,-0.13957053255496088,-0.11976991710316054,40.48243190833275
2015-11-13,0.048722501398779094,-0.08832649472681153,-0.020532787449180634,45.604227507934816
2015-11-16,0.013031135819111084,-0.0730949553053557,0.00902933711129017,46.982373760808684
2015-11-17,-0.050894848440982465,-0.12840267530390947,-0.011648268028582431,42.404715717999494
2015-11-18,0.026517429649235646,0.022300419034621877,0.07068221181158729,45.24578959011086
2015-11-19,-0.09070033965477431,-0.05882351607879044,-0.06161131871356562,38.13320551260961
2015-11-20,0.003787845035631454,-0.09915014378599318,-0.06470590479233695,38.52838904453241
2015-11-23,0.07421385745195752,-0.04474268873658305,0.02767744050811216,45.853749955724496
2015-11-24,-0.04859484352538335,-0.04242777504344919,0.003705958243557017,42.05730996466472
2015-11-26,0.027076955942007208,-0.04190582887710492,-0.031340628121028,44.67249603102939
2015-11-27,0.002396585194655243,0.05618682961332122,0.011487219842329033,44.91589065083766
2015-11-30,-0.017931813823615084,0.03333337731831354,-0.035798155961113354,43.37468072264891
2015-12-01,-0.04808277219594215,-0.0843091092983358,-0.11035265010253359,39.52822531495829
2015-12-02,-0.00959082921431198,-0.04676924485426681,-0.1336688759411534,38.8242172277929
2015-12-03,0.03679791499332419,-0.037747216773879266,-0.17556468976699602,42.98009897525368
2015-12-04,0.0018680378358124639,-0.03825459696114775,-0.1774028327248377,43.19881584977797
2015-12-07,-0.01367310534135846,-0.03408401760286561,-0.1802686267957252,41.928698324553665
2015-12-08,0.006301221310072158,0.02109973890422223,-0.17210992695319804,42.752629137100776
2015-12-09,0.04758918362553777,0.08005163263011816,-0.14072932037746877,48.70881352228879
2015-12-10,-0.026299978406943203,0.01432138588003773,-0.04401408214224789,45.7416130493723
2015-12-11,0.054634704704043635,0.06774394917656834,0.020796220027115453,52.09807402553285
2015-12-14,0.03608841215782643,0.12161306650403114,0.008498562140069055,55.9680014497027
2015-12-15,-0.02584264630275457,0.08578583986548471,-0.030201288228447476,52.57429692030728
2015-12-16,-0.03517881228279707,0.0,-0.01414259168114973,48.384451177592396
2015-12-17,-0.1500298472137318,-0.12707185587236192,-0.18369688836108933,35.75704412114972
2015-12-18,0.018987306541434323,-0.15657744390418937,-0.08522729598895662,37.64230926865248
2015-12-21,-0.017943425327036633,-0.20056178920453482,-0.10503145385913604,36.53058025066395
2015-12-22,0.017568517782307058,-0.16493659660808735,-0.1522248473702319,38.414035863077
2015-12-23,-0.05732043853213198,-0.18410041888706152,-0.16000002347506026,34.72927501431295
2015-12-24,0.007326035477244641,-0.03305205753888585,-0.1761534116226211,35.53164421606141
2015-12-28,0.04727269952947433,-0.006211190752899998,-0.13927077032033208,40.63961767088152
2015-12-29,-0.011111100809073293,0.0007027567957507141,-0.13329278718076,39.80359984211379
2015-12-30,0.007724762087052195,-0.008977842878199582,-0.08248081416467301,40.706691477558884
2015-12-31,-0.033449511020952616,0.016117236130186674,-0.1045835964813665,38.02584786464183
2016-01-01,0.028118265792403285,0.03709092573686079,-0.11207965734231273,41.4025472493288
2016-01-04,0.18092565794498294,0.1694444860205251,0.046612802541171616,57.78796399885653
2016-01-05,-0.008313502872915546,0.17275288141582057,0.05229999265063823,56.8588522000341
2016-01-06,-0.008982126887789654,0.1533100207043685,0.036318031329604095,55.82323372303099
2016-01-07,0.1456193328405344,0.366979036835688,0.1332934610432297,66.40915485869859
2016-01-08,-0.06118142950555805,0.24824677078257595,0.09269479660335067,59.07178477316492
2016-01-11,0.05000007500809556,0.10985750384244675,0.08789291048073622,62.495612751791604
2016-01-12,0.001070013367768352,0.12035917543152341,0.05112358912451187,62.57138069494984
2016-01-13,-0.0192409791885928,0.1087614034675255,0.058246840830108004,60.21317306757553
2016-01-14,0.014168949508272854,-0.01845983602434509,0.11237304958490912,61.34623989775133
2016-01-15,0.04352495644152943,0.0910112870039046,0.36568211755397173,64.71735117880726
2016-01-18,0.04170955009063837,0.0823969483239162,0.39613525616192735,67.74664195854066
2016-01-19,-0.08897673147755125,-0.014965194708600693,0.2951511523576198,56.19927944443767
2016-01-20,0.1378187176407908,0.14277923037704676,0.44820441825206214,65.21059070758085
2016-01-21,-0.007629940517461575,0.11821594752485409,0.5245421280226414,64.31300435888045
2016-01-22,-0.09562709381011736,-0.0308960030439005,0.3687272505326704,54.30171932351701
2016-01-25,-0.029224189478164853,-0.09688577008519239,0.2687500653995427,51.89719773505243
2016-01-27,0.04324022924931059,0.03418335053362287,0.3384831300770266,54.980824318677115
2016-01-28,-0.06086043441317357,-0.1463996087433882,0.24738669983902484,49.920414857663985
2016-01-29,-0.036871500641199484,-0.17155212813276977,0.24297043355189918,47.2554185438113
2016-02-01,0.037702994614837726,-0.04941553242594077,0.25455814183049563,50.08180319364343
2016-02-02,0.008384657965147868,-0.012588918252522063,0.07125895202293342,50.737848822997755
2016-02-03,0.030487761039255323,-0.02465893633388172,0.11317361097627687,53.168189729034104
2016-02-04,-0.020441154652832805,0.01731840628764414,0.10030211020764623,51.285595845612335
2016-02-05,-0.005491404675926903,0.05046408647237288,-0.04483114531462218,50.776080599917634
2016-02-08,0.11871891474710128,0.13247629514200754,0.1382023088349038,59.981649874966664
2016-02-09,0.07255672738142005,0.2045453680400282,0.16265376786047225,64.8252561728645
2016-02-10,0.03405429299157747,0.20871431570302956,0.20096207444511527,66.99115946831918
2016-02-11,0.15576324463525282,0.4261395177937515,0.4152587887452919,74.87220230486896
2016-02-12,-0.0500577308984389,0.36223077000851855,0.32563134160090224,68.3450983753868
2016-02-15,-0.09282533070309418,0.10463963020407951,0.15242013763356965,58.64630289959837
2016-02-16,0.029490696135403116,0.06028538430223085,0.13890269089844898,60.39091682948054
2016-02-17,-0.05251740207205624,-0.02848239471320635,0.18448179936141584,55.74751936489351
2016-02-18,-0.015574903975087429,-0.17250672547891,0.024797352159783737,54.479929258130014
2016-02-19,-0.026523950716382916,-0.1520064851399605,0.005285949696038683,52.33161587749783
2016-02-22,0.004780132940011006,-0.06076848766764409,0.11689696060645982,52.68413251762534
2016-02-23,0.13415792737448107,0.03472218772879487,0.304871349494537,61.361721052795424
2016-02-24,-0.03691279624508337,0.051763589771683716,0.20461698466986,57.7993896425242
2016-02-25,-0.009146301953238067,0.05863193309919135,0.27094974775580183,56.94972546501949
2016-02-26,-0.03868128179193853,0.045411126169926375,0.2685615504399128,53.40673774715075
2016-02-29,-0.07818934276187384,-0.040913443940193805,0.1268865587036938,47.254664673210875
2016-03-01,-0.07390871936486809,-0.21686241791960426,0.034922346385489966,42.645012049224704
2016-03-02,0.017139780049092446,-0.17290938465408368,0.021516923897098028,43.9104860745904
2016-03-03,-0.050026269986357286,-0.20703292679000684,-0.009335429845807486,41.017107415008226
2016-03-04,-0.008869276421323513,-0.18244177070670187,-0.012700245269648969,40.53268001849133
2016-03-08,0.03299777294634909,-0.08382939220481012,-0.08835147558269019,43.196769240732316
2016-03-09,-0.05197612994920564,-0.06213175375853419,-0.19420153714923616,40.0526095589971
2016-03-10,0.022272951716194367,-0.05739863958532898,-0.20338228012798154,41.90267568360416
2016-03-11,-0.04469269576030488,-0.052106457114896365,-0.3415479078323874,39.22827480476341
2016-03-14,0.0,-0.04362409484942242,-0.3068504122988809,39.228274804763416
2016-03-15,0.02923976542958573,-0.047103354858043844,-0.21358351021194322,41.91544524569904
2016-03-16,-0.0278408954828242,-0.022844067007520397,-0.25737847524039714,40.04661433065445
2016-03-17,-0.015780271661727574,-0.05921784852135192,-0.22858450703425448,39.01439008796588
2016-03-18,-0.027315973138551164,-0.04210533360474944,-0.23778504722085814,37.25264017831906
2016-03-21,-0.0030524566313961943,-0.04502926553136666,-0.2194072722680901,37.05676642345361
2016-03-22,0.006123722102690188,-0.06647727562129979,-0.2183634658719804,37.76162244874286
2016-03-23,-0.0048691370797390165,-0.04441848052431019,-0.3141778407373502,37.40079069452842
2016-03-28,0.06972473168504978,0.038598551819513105,-0.23824039771211192,45.40641889210462
2016-03-29,0.008576307632546243,0.07692309483750104,-0.22461541144402475,46.37813346364079
2016-03-30,-0.047052151497982364,0.02939372593257139,-0.23136722355372263,41.93077067364879
2016-03-31,-0.013682305148332352,0.009129617513337518,-0.17757936263901364,40.76422411909051
2016-04-01,0.04221958782633006,0.056880751283027386,-0.07445095789867595,45.714289989514
2016-04-04,0.00983796698719619,-0.0022869644769671904,-0.08109526207161366,46.87535941254394
2016-04-05,0.021776455252291438,0.010771005704745873,-0.011640852614399733,49.47661661823215
2016-04-06,-0.02692089423949684,0.032123791355342046,-0.02964199128486711,46.386854231989275
2016-04-07,-0.024207496660490935,0.02110979391316503,-0.08337840094369853,43.80886936962476
2016-04-08,-0.029533372178802697,-0.049189834935980725,-0.06167903538485686,40.895057030594195
2016-04-11,-0.025562998690976113,-0.0825215169684067,-0.10558656033109015,38.574138898717685
2016-04-12,0.0006246239062379644,-0.10151427222026399,-0.06315788886627083,38.66339829971153
2016-04-13,0.001248467989523716,-0.07550429032505945,-0.06198827147928265,38.854770993274116
2016-04-18,0.056733154331131797,0.0011813619257619035,-0.03693179570692684,46.962988183503455
2016-04-20,0.007669566661662852,0.03956175328405265,-0.00175340067652352,48.02335218809366
2016-04-21,-0.03337234762121355,0.03123048050292998,-0.01959619481685937,43.880789231570205
2016-04-22,-0.007874080333918898,0.02247182850912255,0.0,42.970367339009066
2016-04-25,0.01159954479806724,0.03304231602529506,0.014696862966285806,44.7738244393467
2016-04-26,0.0006035141258911025,-0.02182895708432009,0.009129617513337518,44.87263702461225
2016-04-27,-0.013872107556977431,-0.04274002022816936,0.0,42.96841181865881
2016-04-28,0.015290519520925416,0.005451250838291788,-0.050886186466287064,45.66736413779948
2016-04-29,-0.003614425576119795,0.009768117396732112,-0.062358192300539295,45.115543423835085
2016-05-02,0.03325267270960186,0.03138204389503385,0.01665679331000569,50.96478457448236
2016-05-03,0.021650025077895485,0.053075944801928454,0.053075944801928454,54.4794254816849
2016-05-04,-0.000572641584047684,0.06727830922355271,0.00983796698719619,54.3660258168532
2016-05-05,-0.01604588391996964,0.03433733022443164,-0.01604588391996964,51.15472014930733
2016-05-06,-0.012813005962547308,0.02478838118002824,-0.049354972772410965,48.7196838881429
2016-05-09,-0.02005900514950354,-0.028086573314842433,-0.04265128270017238,45.14321329375009
2016-05-10,-0.01143892396603563,-0.05956466567650576,-0.03012405314168365,43.233235455381816
2016-05-11,0.03288666295186715,-0.028080324185857264,0.03225798961975146,49.74153991030442
2016-05-12,-0.037146178937201846,-0.04892254798225959,0.019987488460302627,43.47856574576044
2016-05-13,0.04102878624765416,0.002949807363423096,0.06117350276113109,50.60201296074574
2016-05-16,0.001764746273265061,0.025285975969934427,0.061720680462044486,50.90041096892696
2016-05-17,-0.03875512746923515,-0.003045020513290475,-0.03421828304422281,44.527827941071344
2016-05-18,0.004886983482268459,-0.03007065737403969,-0.03688519693095538,45.41981719170431
2016-05-19,0.037081986304657644,0.04470297278915458,0.03331309687678896,51.78603275557224
2016-05-20,-0.036928439653488576,-0.03352939381318931,0.0030525730751527203,45.83927997821679
2016-05-23,-0.016433381177638595,-0.05108636548180712,-0.024743503618782636,43.532076796452436
2016-05-24,0.0037128382740665433,-0.009163195979770666,-0.021712944029440795,44.20415143807136
2016-05-25,-0.04315652806560155,-0.056534970336961865,-0.050764520143176006,38.45385531329879
2016-05-26,-0.012242302091078239,-0.1014067758730004,-0.07650604991439325,37.045210832423834
2016-05-27,-0.004566190161291117,-0.07121120234704881,-0.0773881871701636,36.51450611349441
2016-05-30,0.04718212991843762,-0.011138632851200647,-0.06495029844592937,45.20911089045171
2016-05-31,0.004380456622617768,-0.010480892940234465,-0.08075600924091886,45.98366050267929
2016-06-01,-0.013084055729283395,0.020618536429497514,-0.09226364125845221,43.97523821680732
2016-06-02,-0.04734848439237338,-0.015655562447005278,-0.12114152093556729,37.65039737583259
2016-06-03,-0.005964224763275183,-0.017038022606955527,-0.115044287620509,36.96336132873728
2016-06-06,0.02399997711181645,-0.03879849207256714,-0.07525592460817254,41.55728590351533
2016-06-07,-0.03190102747854895,-0.0735202123110863,-0.09439708791308998,37.546422678609694
2016-06-08,0.018157394743888444,-0.04419190672487294,-0.1073112523228944,40.92951993682359
2016-06-09,0.035006586588681055,0.03843604491989261,-0.040416402357356884,46.99881907923496
2016-06-10,0.019144874873913587,0.06466668446858725,-0.060588219586540704,50.122747868963664
2016-06-13,0.038196596523334625,0.0794271024933555,-0.02642400145599122,55.82428445194479
2016-06-14,0.03679135181896975,0.1560188746707114,0.05009160982197103,60.66643282612075
2016-06-15,-0.007562598259242104,0.12681631962223916,0.037081986304657644,59.17770952336874
2016-06-16,0.03751473136178762,0.12954694810222467,0.03751473136178762,63.87734149279368
2016-06-17,-0.019774031999058583,0.08641202826339489,0.05599513446169113,59.821367475573446
2016-06-20,0.009798275075285412,0.05669484549958326,0.08415845440551517,61.11293978609506
2016-06-21,-0.014840195324687944,0.004072117082575488,0.06411843153846952,58.03995816796383
2016-06-22,0.053302437085398946,0.06565069603133944,0.17139173769041216,64.7871985274861
2016-06-23,-0.008800871547100964,0.018079078024348938,0.17547296460829354,62.89306997080261
2016-06-24,0.03385120352425508,0.07377514415872577,0.22083872092652657,66.8698999550939
2016-06-27,-0.005367604864507047,0.05764841338427429,0.15957454427137718,65.62818604912746
2016-06-28,-0.043173292755770754,0.02723055081818737,0.10467292118597404,56.576870403271634
2016-06-29,-0.0885504644872761,-0.11111113442548104,0.020202000741265103,43.80763801836687
2016-06-30,0.008044620627645216,-0.0960044116697556,0.07952291257821198,44.91625459608206
2016-07-01,-0.03376311316747249,-0.15512611485965933,0.04933331807454433,41.21177852231811
2016-07-04,-0.01016517469750522,-0.15920133047083507,0.014322934371497453,40.1737569812763
2016-07-05,-0.01412068473081729,-0.1336717398053665,0.03295223771951905,38.72927317170463
2016-07-07,-0.0032551587355544864,-0.05259897498894661,0.011228538470206884,38.39141902934074
2016-07-08,-0.015022892854786862,-0.0742787552987757,-0.03765157305139122,36.80104199653348
2016-07-11,-0.015251959111403202,-0.05654379940217813,-0.07013148821740467,35.22939849495776
2016-07-12,-0.004713848262649645,-0.051347894393607096,-0.10856454758852119,34.74307864089435
2016-07-13,0.03721246283299484,-0.001953107658967168,-0.10820247542554995,41.56821574542339
2016-07-14,0.018264822854839213,0.01959498555441952,-0.08499412981576193,44.7370417159972
2016-07-15,0.0019218890009824463,0.03713530652850783,-0.11638419948150291,45.08070446484193
2016-07-18,0.0223784795468267,0.07676763369453932,-0.07838620060228241,49.06061109608535
2016-07-19,-0.01188240044421307,0.06901221083842501,-0.09817352865802131,47.066586024361115
2016-07-20,0.01202528975251016,0.04305282783410158,-0.07358055857024437,49.28635202997054
2016-07-21,-0.017510927891127293,0.006406174482326277,-0.1358635987660357,46.21088393642033
2016-07-22,-0.013367284381734623,-0.00895142840470109,-0.13984463894272348,43.99360397562019
2016-07-25,0.014193565614761816,-0.01688552269882082,-0.15619962559451073,46.869722994497366
2016-07-26,-0.006361347313680876,-0.01139242424068665,-0.15704267097969682,45.72039926513078
2016-07-27,-0.012163865670636764,-0.035021855782254585,-0.12972359257999422,43.53598966547186
2016-07-28,-0.018146512061414932,-0.035646111919599655,-0.06250001475362521,40.467520290298
2016-07-29,-0.015181488318653846,-0.03741934991651974,-0.08410072205260222,38.09250987096465
2016-08-01,0.017426288709940785,-0.03435114202800793,-0.035578111441268656,42.220726198772255
2016-08-02,0.03359678952270051,0.004481414554230234,0.007060311759685689,49.3548065497065
2016-08-03,0.03505418772748148,0.05249510368905708,0.0572916753978161,55.70642774501521
2016-08-04,-0.06773395586813313,-0.0006600181821316831,-0.011103858369339026,43.8591006428289
2016-08-05,-0.0521796528361006,-0.03820373270170918,-0.04840845795289128,37.66384761893961
2016-08-08,0.016724722281406867,-0.038866939441807635,-0.017508432471575852,40.417362881441974
2016-08-09,-0.0034270178349514735,-0.07329507006284952,-0.016238144482693895,40.02073967284596
2016-08-10,0.026134808489537864,-0.08128077053127536,-0.02674493473271944,44.47993851012575
2016-08-11,-0.047587133680721205,-0.06142670304402886,-0.08968607618972091,38.69185704549106
2016-08-12,-0.03096408016904395,-0.040418112075802815,-0.11956520744946453,35.60013347652847
2016-08-16,0.029774860841122575,-0.02810142858973086,-0.11319571556290353,40.380747946605354
2016-08-17,0.04231307580271415,0.016506174122959072,-0.0645569902183799,46.62510351304875
2016-08-18,-0.015561538998085767,-0.024798919816827913,-0.09005626022486202,44.69269703944767
2016-08-19,-0.0006873009450683032,0.023223076905008133,-0.07447486145467563,44.60613232615945
2016-08-22,-0.020632750448551618,0.0341321203870768,-0.08129033734721525,41.97928038488291
2016-08-23,-0.023876415593593436,-0.01974616929615336,-0.11577612071138532,39.164310359806215
2016-08-24,-0.029496392709646657,-0.087280107250293,-0.13636364468927653,36.02700885434538
2016-08-25,-0.01482578299914672,-0.08659795273983417,-0.13869088146452713,34.572143984526846
2016-08-26,0.02106845250375411,-0.0667125357340913,-0.10429042663298294,38.32707299339183
2016-08-29,-0.029476759581862244,-0.07514042921506314,-0.11729222460129451,35.217608868898964
2016-08-30,-0.011389492609060192,-0.06330929387893369,-0.1422924772060533,34.10034954362237
2016-08-31,0.016897028081386045,-0.018532246422660825,-0.15615040629626864,37.24490299809487
2016-09-01,0.007552899033115512,0.0037622416010820725,-0.17857140759864687,38.677295972687816
2016-09-02,-0.029985050047169004,-0.0464259490500365,-0.1453104830284715,35.21485251393882
2016-09-06,-0.014683121062178062,-0.03189066620052228,-0.11149828145899021,33.67285647490385
2016-09-07,0.0313725191004135,0.009984574208603991,-0.09869777374897426,39.66294338310569
2016-09-08,-0.002281348581099296,-0.009063435621868399,-0.09766162861206606,39.37572457007377
2016-09-09,0.008384120246702098,-0.008245922720639731,-0.11327081269542483,41.06106957206033
2016-09-12,0.15192746019869308,0.17774345172480555,0.07248414709402828,61.902520837553496
2016-09-14,-0.03149603342816265,0.15764707677504597,0.07189540582476828,56.74236802825705
2016-09-15,-0.005420048947527456,0.11634986547752546,0.035260930129705104,55.905907669950054
2016-09-16,-0.006812014944881595,0.11128049168308052,-0.01353178706891145,54.818083945336234
2016-09-19,0.02469133460638151,0.12925170803580577,0.026804081411406555,57.98739962763469
2016-09-20,-0.010709494772824124,-0.030183729990517105,0.016506174122959072,56.103771875096236
2016-09-21,0.0020298164538246066,0.003387546745224679,0.04002813607164657,56.38982427326554
2016-09-22,-0.09925727382706273,-0.09128066244763222,-0.04028773246841233,41.96089674696774
2016-09-23,-0.0067466380478586885,-0.09122084572466771,-0.01779093959897604,41.26471493089475
2016-09-26,0.0996226184772997,-0.024765722620561648,0.09631299749023636,53.46061423894883
2016-09-27,-0.02196291705743103,-0.03585925186377836,0.050110561567303646,50.71156703771184
2016-09-28,-0.028070148668790984,-0.0648210675858858,0.05163252097467996,47.42848170464703
2016-09-29,0.3321299822940209,0.3830585121365422,0.4170507000203627,70.82254085305715
2016-09-30,-0.06883471031148813,0.29660379661704006,0.2975831270520386,62.547069770623914
2016-10-03,-0.0908032824159335,0.07206590341301511,0.1709145207564997,54.173449990808315
2016-10-04,-0.040332914152154564,0.051929808499520336,0.15842351292210322,51.19276907648189
2016-10-05,-0.0040026328791537,0.07797833169383961,0.17098041609221792,50.905502458899065
2016-10-06,-0.006028141376305807,-0.1956639816299074,0.12851715460707402,50.44820081173232
2016-10-07,-0.02358493112337945,-0.15657744390418937,0.10442072389550949,48.619029919599335
2016-10-10,-0.013802609553091982,-0.08514724285853925,0.08012097175307398,47.55787978962938
2016-10-13,0.07977609141819242,0.02935293801040495,0.012467226831439415,53.7538108576438
2016-10-14,-0.03499675639487121,-0.0026791668476495722,0.008807595692752024,50.698238077094224
2016-10-17,0.05171252426697581,0.05525604355746738,0.06675746061740928,54.656292827904075
2016-10-18,-0.07151978904675194,0.0034506688422815124,-0.0027434816229314762,48.55070960573786
2016-10-19,0.004814284388436674,0.022393260719276054,-0.022088348927355783,48.93466082964125
2016-10-20,-0.030116330644963996,-0.0816591188568665,-0.04127196669134314,46.58150348159416
2016-10-21,-0.023994364908769383,-0.07118874379959583,-0.06617153734935588,44.78916954244035
2016-10-24,0.036153290148827066,-0.08492975329918928,0.07421287554679012,47.96031154738104
2016-10-25,0.010467524028533237,-0.004126576325592546,0.09283015413104367,48.90839333577103
2016-10-26,-0.0020718048287008406,-0.010951392961805029,-0.008236093896536678,48.71722955238818
2016-10-27,-0.024913471379177432,-0.005645725001786728,-0.011228059467516482,46.37476347971178
2016-10-28,0.0397444613114164,0.05929137377785887,0.0577616761751778,50.37223734176745
2016-11-01,0.07440274272834713,0.09839496545143378,-0.14688351651805198,57.07895907191192
2016-11-02,0.06734431266558283,0.1602209784646107,-0.0221188045032078,62.400435862733055
2016-11-03,-0.01964285349359296,0.13979235506938625,0.054417377338219275,59.91011693200893
2016-11-04,0.02307231839451962,0.19588361951684652,0.12408276442640775,61.80062802851373
2016-11-07,-0.020178050141873904,0.12696250230606942,0.10582718629672883,59.114554834745896
2016-11-08,0.015748045140968836,0.06543841814632612,0.13005392758295997,60.527417022530344
2016-11-09,-0.008944520836958625,-0.010714190833418291,0.14699800564254017,59.255207326348845
2016-11-10,-0.06979547187194557,-0.061323577250460115,0.08187544292632931,50.42786516034314
2016-11-11,0.12289783748489058,0.030267075212810912,0.1250810283217163,60.743484599830445
2016-11-15,0.16071422293125215,0.22047240091982512,0.35325716278887187,70.46324350772825
2016-11-16,-0.032258046195322354,0.16279066593420843,0.2452107401024317,66.34201995937252
2016-11-17,-0.040512867462940694,0.12575199396534198,0.2867949885529566,61.62447597784249
2016-11-18,-0.048102600885597036,0.1520051372572364,0.21902805506245393,56.67962037499865
2016-11-21,0.07243127199381338,0.10023039803815581,0.3479181565724583,61.453952267908136
2016-11-22,-0.03298434845720977,-0.08337470654991141,0.3355024884486797,58.08701252626371
2016-11-23,-0.023280910330962468,-0.07487174792167473,0.25889748859550576,55.838329820894295
2016-11-24,-0.04878054453743419,-0.08284336252837576,0.18508289985497295,51.44873080599562
2016-11-25,0.026223820917301355,-0.011229582346325873,0.21868517943234012,53.463391412707956
2016-11-28,0.025553596819656077,-0.054450308625978994,0.28176006177156276,55.45403066557951
2016-11-29,-0.019379866656682787,-0.04114782117681637,0.20887368912091286,53.53587209494638
2016-11-30,-0.04856006479169939,-0.06596454953798603,0.07052100549507867,49.04661583200238
2016-12-01,-0.009495539690792199,-0.027389237618517415,-0.006547542142756435,48.236197904860525
2016-12-02,0.07429596952904949,0.018171475510120993,0.08864608698784004,54.509642443226085
2016-12-05,-0.03569433233437769,-0.0426355799105701,0.026112790747559567,51.069442756173125
2016-12-06,-0.010410659088752938,-0.03387907990617267,0.03634163374632271,50.111529156241055
2016-12-07,-0.015195804769553067,0.0,0.004770418695428269,48.690844470077295
2016-12-08,-0.07833831564479754,-0.06950274199927842,-0.0655836974261238,42.15640017827071
2016-12-09,-0.029620093113740475,-0.15950923377987758,-0.02522641283055893,40.13499677774581
2016-12-12,0.07431989793722815,-0.06362060863061425,-0.06739631538931445,46.82111244374886
2016-12-13,-0.016676988811439197,-0.06954999950950724,-0.20992553956906057,45.501762714657055
2016-12-14,0.042085431726324396,-0.01543028029647786,-0.1492307614057492,49.31825834930121
2016-12-15,-0.05605788406401613,0.008370902554809323,-0.16301439798528516,44.64472458252814
2016-12-16,-0.026181344278867535,0.01194428061187014,-0.143739446530462,42.7226038841398
2016-12-19,-0.026885235895875992,-0.08338482624690702,-0.22303665674346096,40.82952163856495
2016-12-20,-0.0202156460680728,-0.08668342385851102,-0.2127774497890711,39.4519850376152
2016-12-21,0.011691889734522398,-0.11332128373414485,-0.18458983971082732,40.67347536395173
2016-12-22,0.05710402110194046,-0.0070242437898506704,-0.09382282464996927,46.424811637435816
2016-12-23,-0.027009650877315994,-0.007868844954693865,-0.1408290976692439,44.121640585972024
2016-12-26,0.09715798122339447,0.11859839695317764,-0.08084159067811314,52.92449907961151
2016-12-27,-0.09156629053216281,0.0371389245715108,-0.1485036305322267,45.02584747711879
2016-12-28,0.03050398146380906,0.05642419589079828,-0.07774483026465284,47.57577061397202
2016-12-29,-0.016731031500648252,-0.01736337327664772,-0.0844817708788671,46.26941007034168
2016-12-30,0.012434590142540003,0.022471920027507197,-0.13720022288214095,47.40593697341232
2017-01-02,0.023270824205770424,-0.04638556867885424,-0.08444192680812002,49.58202019245264
2017-01-03,0.008212262480572496,0.0583554455499391,-0.06721218767863979,50.38041596375906
2017-01-04,-0.004385945780507994,0.022522547125411352,-0.05697329474263413,49.92199777590653
2017-01-05,-0.05286344458393122,-0.015052326325637022,-0.030907891209892124,44.66935707506943
2017-01-06,-0.00930234827564591,-0.036199121522332955,-0.010617110195898838,43.8414060818584
2017-01-09,0.0382293561809226,-0.02210994208190664,-0.04385429082153003,48.06233066609323
2017-01-10,-0.01808783858211538,-0.047619061846197575,-0.04522614720969387,46.22439510330427
2017-01-11,-0.025657854904097666,-0.0679672687458367,-0.10729353324891489,43.71675959392015
2017-01-12,-0.013504440058930811,-0.02923591551370819,-0.06704982126218739,42.44509354149782
2017-01-13,-0.01574261106373198,-0.0355465954658063,-0.05704917282354638,40.96917517380933
2017-01-16,0.04798328059054602,-0.02648577903981497,0.015498621285136682,46.93103793435665
2017-01-17,0.021234283674765875,0.012500035292224432,0.05845944867261199,49.47938439404894
2017-01-18,-0.013645226345825767,0.02498311107871376,0.03195107177498091,47.85532702904718
2017-01-19,-0.010540174189426987,0.028063026058939178,-0.03408358369583686,46.60030678364351
2017-01-20,0.051264945447544896,0.09805283979074075,0.04362193274421511,52.9898218774273
2017-01-23,0.007599739445787845,0.055739891811436904,-0.041566296277188775,53.91528917040471
2017-01-24,-0.03896919494062279,-0.00649775043787526,0.01392573204306502,48.59255945309458
2017-01-25,-0.007848259375962785,-0.000658776592937671,-0.02380951650369012,47.61279858430272
2017-01-27,0.05537245539639479,0.06591209992982683,0.04777490239973292,54.52485983603039
2017-01-30,0.041224224733081405,0.055731482999803905,0.07756947566592443,59.09195686351486
2017-01-31,0.00959807118655287,0.05782527247752234,0.06317119424002393,60.13714625922397
2017-02-01,-0.16993462089377476,-0.08633091550801053,-0.12468670215299149,40.310918856397684
2017-02-02,-0.03221186833669576,-0.10876727819591214,-0.1491503986376561,38.178152839469206
2017-02-03,-0.028846178263167266,-0.17988757484496687,-0.12757475428312237,36.381601351510994
2017-02-06,0.02056355687250888,-0.19616079440898582,-0.10127432892924704,38.53792830484828
2017-02-07,0.008209001006197703,-0.19726676826348655,-0.12726094131847077,39.43855521123753
2017-02-08,-0.011843067705510357,-0.044380806994139266,-0.12171049019801594,38.553618872323035
2017-02-09,-0.008239745858303449,-0.020710109257779052,-0.10600949385652814,37.92358966781899
2017-02-10,-0.004531681796042575,0.0038080876084585213,-0.09787812355272096,37.56301686154499
2017-02-13,0.038694936524944046,0.021641788814083407,-0.047983346910038915,42.56208498816736
2017-02-14,0.008035106919154655,0.021465577863800656,-0.08427335964217286,43.610790073417434
2017-02-15,0.029710133459807997,0.06441944809761613,-0.07667318251150967,47.46120967853133
2017-02-16,-0.033779063660948294,0.037009046796741885,-0.09552046994656904,43.69913378089176
2017-02-17,-0.021849908744547952,0.01896813309646328,-0.10585886179291282,41.48577844962786
2017-02-20,0.013402780894360644,-0.0058436761255046266,-0.13806208425854538,43.340118788362005
2017-02-21,-0.0058780254022127165,-0.01956525029216638,-0.14959146054473682,42.69255364661058
2017-02-22,0.012564676988106038,-0.03589023416697623,-0.1039895458832425,44.58728238411931
2017-02-23,-0.021897824446098113,-0.02403495518633547,-0.11667768285180435,41.95132282364242
2017-02-27,0.020895574225114677,0.01861504053009244,-0.14553403437826107,45.20723871012466
2017-02-28,0.008040910396444279,0.013225592190773572,-0.17276545298500057,46.477331710033376
2017-03-01,-0.015228429204342975,0.0036955056704857103,-0.1931075469241197,44.3631261782369
2017-03-02,-0.016200314305213293,-0.024817529731493315,-0.04366503927643084,42.197510601822295
2017-03-03,-0.0007484487623111713,-0.0037312864540235413,-0.012573969714351874,42.09692412754611
2017-03-06,0.02172284296377658,-0.0029239737544370925,0.0388423628664647,46.10912005069209
2017-03-07,0.01759529069481669,0.0065264795385682195,0.03582093355039162,49.243622997280944
2017-03-08,0.014409208041508359,0.03681885145869335,0.042190946348444,51.761588869067666
2017-03-09,0.02201707537616948,0.07709586176005034,0.07790261663936593,55.45066669670432
2017-03-10,-0.029881882899002843,0.04569285687241975,0.05438068576099386,49.76548640822261
2017-03-14,-0.11174788075600695,-0.09090914175816023,-0.059180627358498716,35.53231668011233
2017-03-15,0.0016129401918516528,-0.10518732176579548,-0.09276841073897235,35.78589011051682
2017-03-16,-0.041062820108614284,-0.154119324435534,-0.13695654472466423,32.29735021914097
2017-03-17,-0.005037738598747232,-0.17651145943381685,-0.16608020058703643,31.903320074928146
2017-03-20,0.014345997537669186,-0.1389684509371114,-0.12454472989691978,34.34732130495034
2017-03-21,-0.006655646783166214,-0.037096778411150666,-0.11094569552751599,33.73374253437552
2017-03-22,0.027638265408530094,-0.012077263897652957,-0.09845696052285735,38.605773211653215
2017-03-23,-0.03504484834014043,-0.005877388389675664,-0.12490758416387471,34.99528856679851
2017-03-24,0.011824272621976162,0.010970392960483188,-0.12554746649453197,37.05918394501427
2017-03-27,0.038397333532877775,0.03494168940304432,-0.0716417959310558,43.41617439644227
2017-03-28,-0.025723449004679044,0.015075402973339314,-0.11403511584911852,40.362167261937515
2017-03-29,-0.0024752255160443992,-0.014669950974768642,-0.12327772400056625,40.0775428868982
2017-03-30,0.004962734920192613,0.026182386988789386,-0.10530193764430673,40.974053125678154
2017-03-31,0.022222260595949894,0.036727925782163995,-0.07035925183676905,44.9644042443763
2017-04-03,-0.07487925116448846,-0.07636654672908483,-0.13932588443467842,35.94944756493169
2017-04-05,0.005221968739069993,-0.047029678234846384,-0.15322581378167022,36.82941295906528
2017-04-06,-0.022510841955691197,-0.06617040369214733,-0.18659943308597116,34.61043063697676
2017-04-07,0.03542955003381776,-0.03786008663287632,-0.16974434348531398,40.545357210595974
2017-04-10,-0.00598799806132444,-0.06441225328668254,-0.19249481526586665,39.863484385498516
2017-04-11,-0.018932897521128145,-0.00783291160841637,-0.18338111838261217,37.71660993887059
2017-04-12,0.02017548277254222,0.006926400206489047,-0.06209673611107891,41.27724960951642
2017-04-13,-0.004299242497235789,0.025686444892195626,-0.0676328621117479,40.732094486451636
2017-04-17,0.026770330022375832,0.017108705741535557,-0.0016792195084452954,45.534980844282366
2017-04-18,0.041211081326279375,0.06540449538440507,0.04472571442275819,52.13732257309324
2017-04-19,-0.012924058637566072,0.07192988385417642,0.016638918606359798,50.005709822078124
2017-04-20,-0.05400980630032204,-0.006018890295392265,-0.031825726475813054,42.319547530416074
2017-04-21,-0.012110755903190329,-0.013816912648208945,-0.06927468213189047,40.88401371205468
2017-04-24,0.01838879481121025,-0.021867133841408815,-0.01773648947978035,43.955042669596835
2017-04-25,-0.04041274827204955,-0.09854606266164023,-0.0684473894955715,39.063823381870435
2017-04-26,0.05197132003909033,-0.039279908790652796,-0.05627008302869796,46.91437034636393
2017-04-27,-0.05706985428928424,-0.042387604412277846,-0.08663367992155935,40.43395891753867
2017-04-28,-0.01897019367084174,-0.04903681399960469,-0.10173701243894195,38.63268093921045
2017-05-02,0.054327824239398526,-0.015477240189557318,-0.05761315483479912,45.92178656030819
2017-05-03,0.006986893016480256,0.033154112062544705,-0.07165864233942287,46.8437497089833
2017-05-04,-0.017346037632005817,-0.03492332669552156,-0.01392513930368311,44.787966730517816
2017-05-05,0.058252414109127404,0.08310750692469204,0.03809520113568987,52.23724088455625
2017-05-08,-0.026688882479801612,0.07458567635576951,0.03365811476748193,48.79940488555055
2017-05-09,-0.047986325274689934,-0.0296943369652084,-0.049615050857601206,43.41466365689066
2017-05-10,-0.014401426854765753,-0.05030355048903312,-0.05765921539522534,41.989048689075425
2017-05-11,-0.01004563092176236,-0.043247994211626284,-0.04912276181414277,40.99243697425577
2017-05-12,-0.019372696973333325,-0.11342783007829993,-0.08598452193979811,39.08515661559874
2017-05-15,0.004703686754145453,-0.08483288471687478,-0.07772017482382176,39.803315179655606
2017-05-16,-0.011235944019676203,-0.04950488335343828,-0.111858695147386,38.62632074704804
2017-05-17,0.00757575004991895,-0.02831045400385146,-0.14054925323373013,39.90219305545385
2017-05-18,0.10808266742697681,0.08763835755466642,-0.035188240243822166,54.53416935532202
2017-05-19,-0.041560625335333,0.06302916924560953,-0.022491368464021,49.053912873728876
2017-05-22,-0.008849591131132817,0.048689090751931285,-0.01926447159010891,47.993905857076676
2017-05-23,0.089285715806241,0.15530296633340135,0.04901115126529132,57.81163059353631
2017-05-24,-0.030327859946201685,0.11184206221667092,0.06003584995113709,53.76717470560061
2017-05-25,-0.11665258861714334,-0.11365565368307973,-0.10988074846701323,41.97279743714937
2017-05-26,0.03923443587516595,-0.03893809970183748,-0.01897019367084174,45.77836686489417
2017-05-29,0.0856353899241582,0.052678585949601286,0.0856353899241582,53.265412919360664
2017-05-30,-0.0016963107849079506,-0.03524584903476047,0.027947655356255652,53.09562083766873
2017-05-31,-0.0008496370852083546,-0.005917134004705171,0.019948005311130723,53.00463759715713
2017-06-01,-0.038265289158750604,0.08229671062664257,-0.0017651813083874313,48.94058839701161
2017-06-02,-0.04420866325811734,-0.004603981458673911,-0.09841529391383974,44.82781296368218
2017-06-05,0.019426459759047665,-0.06530954254289367,-0.055698338841544626,46.84812500511424
2017-06-06,0.009981819610520137,-0.054375558065556384,0.0018002212764831604,47.923831802536704
2017-06-07,-0.021563321531935076,-0.07397958066551868,-0.0054794033778535756,45.74835246268755
2017-06-08,0.016528865548827376,-0.021220222448109505,0.021217669649333137,47.66712212084166
2017-06-09,-0.01897019367084174,0.004625276144283319,0.02163683346756251,45.63906686481325
2017-06-12,0.051565417801130664,0.036297604529450744,0.06928836610234401,51.55791674431109
2017-06-13,-0.0070052472129242815,0.018867927761698988,0.0738636081417412,50.70850717154041
2017-06-14,-0.014109333797107326,0.026629931378362226,0.050751874476386405,48.970811303754395
2017-06-15,0.013416781255438215,0.02348692285903131,-0.03901611871376742,50.67726824630262
2017-06-16,-0.03618710063309527,0.005524900691852741,-0.03362832814396688,46.13583171468083
2017-06-19,-0.026556772877921686,-0.06917687885947887,-0.05089283076171924,43.18774972313693
2017-06-20,0.002822176166342283,-0.059964752735968796,-0.12622950704339309,43.58932469175347
2017-06-21,0.024390265722654236,-0.02325583379111973,-0.07692306452078423,47.08057346699744
2017-06-22,0.026556772877921908,-0.010591340367796853,0.07272729595726957,50.74243038773091
2017-06-23,0.0312221570275375,0.0586080896383987,0.06445679420524275,54.806983752722815
2017-06-27,0.08217991131324176,0.17685795806219473,0.061068725136420365,63.589291699279414
2017-06-28,-0.041566782434036,0.1247654730528851,0.0186915297194723,57.05368479025531
2017-06-29,-0.050875702111907395,0.04212454532354637,-0.03231293427254034,50.497083437942955
2017-06-30,0.030755661184156846,0.04638710993040385,0.03713519956119171,53.77920680997333
2017-07-03,-0.04518326970626174,-0.031141920180267513,0.03607764796574031,48.531813311142294
2017-07-04,0.007142850452539706,-0.09832138076791896,0.023593399673985216,49.33539950784591
2017-07-05,-0.011524833113331745,-0.07005839604862274,0.0017969006184828107,48.023248024384806
2017-07-06,-0.015246644135432863,-0.03514943481388899,0.00826438898771542,46.28945420093744
2017-07-07,-0.01001818408590227,-0.07331625662734564,-0.018066830603315043,45.15349128457403
2017-07-10,0.003679849335248564,-0.02589285417783016,0.0046040692739912625,45.67556311207129
2017-07-11,-0.0018331351392364414,-0.03457441479439738,-0.0464097836629076,45.442652499808524
2017-07-12,0.01469236385380035,-0.008968558853510555,-0.025573188531822666,47.73864799901743
2017-07-13,0.018099529937821268,0.024590206650289215,0.006261153212295811,50.54060386887523
2017-07-14,-0.007111104329427187,0.027598913881628828,-0.014121787157062693,49.39969850152297
2017-07-17,0.025962395691338847,0.050412483815508446,0.04945054561174467,53.49773961866363
2017-07-18,0.0026177777374634115,0.05509636445175148,0.08090307125292795,53.9135549975336
2017-07-19,-0.020017366998950403,0.01900452801105401,0.056285214827220376,50.206884170634765
2017-07-20,0.005328549264900229,0.0062221950954861605,0.03663000144099171,51.15040632575645
2017-07-21,-0.020317981310678968,-0.007162034302563347,-0.010704717676247033,47.43944309335024
2017-07-24,0.019837715419460222,-0.013088971904971047,-0.021626296792841226,51.09435938861289
2017-07-25,-0.035366981199293934,-0.05047867147604057,-0.127897710007695,44.97121890046403
2017-07-26,0.023831368700111044,-0.007992908593113746,-0.06839030112406319,49.23018920039409
2017-07-27,0.004476292783648361,-0.00883387195152785,-0.014059740404490317,50.031123545049695
2017-07-28,-0.007130117807674474,0.00450858341270588,-0.05029831389073447,48.70712810202989
2017-07-31,0.06822255402021216,0.05216615181465811,0.06249998403446977,59.63547295872345
2017-08-01,0.0008403553951603637,0.0916590296962474,0.05585107529740818,59.756971057371246
2017-08-02,0.002518869299373616,0.06893460150672026,0.07085201693999355,60.14454053355737
2017-08-03,-0.025125565125934113,0.03743316098914562,0.06010936508217757,54.49276158814672
2017-08-04,-0.021477662596755098,0.022441651013938024,0.04783812909276097,50.25467373359109
2017-08-07,0.04477605441921684,0.0,0.0907424184201977,57.513927193114014
2017-08-08,0.07310931656490682,0.07220828055160977,0.17263545042894757,66.49591130193613
2017-08-09,0.05324975153685685,0.12646568525535584,0.2171945318645887,71.55730329766529
2017-08-10,0.026022333563798794,0.1855669917270395,0.22666668362087683,73.75497986253185
2017-08-11,0.1014492463174177,0.3345038938630014,0.3607877981598271,80.30896705813808
2017-08-14,-0.05394734902064857,0.20840340969833937,0.25479930772898096,69.38034102199632
2017-08-16,-0.009735767886549618,0.11511348948000921,0.23933856003309395,67.68676241165306
2017-08-17,0.007022498811590561,0.0661710301817009,0.2735346235434235,68.28232514157563
2017-08-18,0.016039019511085773,0.05579706474252988,0.28710248123822635,69.66707499484409
2017-08-21,0.017158545314782003,-0.025000007842716387,0.33633899827908675,71.14188367518113
2017-08-22,-0.04790823567931224,-0.01877610956988296,0.24756844678839007,61.932269517269205
2017-08-23,-0.0659106572735716,-0.07443816593960173,0.2080660393686551,52.369131865948226
2017-08-24,-0.046282291064288716,-0.12343099295185467,0.12533568567304587,47.21884864144831
2017-08-28,0.00556886636420173,-0.13246392532095042,0.12655971858278559,47.852637445688885
2017-08-29,0.07120249953202817,-0.08636975434069838,0.2154398154905639,55.28671704410589
2017-08-30,-0.04800588038120768,-0.08646345450314408,0.08319334088472474,49.76843032214915
2017-08-31,-0.07292478735615815,-0.09332325246059536,0.003358519090302048,43.0728696642914
2017-09-01,-0.022594101121241827,-0.07080345356053619,-0.021775484450994864,41.35199583371919
2017-09-04,0.1275684702215203,0.0419303574822425,0.13144327215152263,52.60535994965162
2017-09-05,-0.021260419996138813,-0.04800588038120768,0.1316944648627123,50.638968037006414
2017-09-06,0.017843253383268642,0.017843253383268642,0.10252103412920022,52.218941832745735
2017-09-07,-0.008384120246702209,0.08870296540045586,0.018794029954184888,51.372023819388446
2017-09-08,-0.003843212133376017,0.10958901537048638,-0.03643121026519447,50.967382111647424
2017-09-11,-0.04629632559441832,-0.06150344836175825,-0.1043478633445537,46.258674705436945
2017-09-12,-0.048543644373911676,-0.0876648630212239,-0.22631576470721104,42.07272494353399
2017-09-13,0.0,-0.10365851132164794,-0.18219748711461992,42.07272494353399
2017-09-14,-0.024659860221839525,-0.11837047922829935,-0.19452244021151743,40.041635251395
2017-09-15,0.01830863411142447,-0.09876541120398086,-0.1854951059349933,42.21701243798967
2017-09-18,-0.020548006722750367,-0.07443366519811623,-0.21482499519562837,40.41242645283988
2017-09-19,0.0026224377400285714,-0.024659860221839525,-0.22604584998509647,40.75335016328283
2017-09-20,0.013949419676304586,-0.011054431284928556,-0.175761842847581,42.638286466113335
2017-09-21,0.0,0.013949419676304586,-0.11760243966960893,42.638286466113335
2017-09-22,0.10146176212935543,0.09674658261268876,0.01909313688299452,54.90866348394775
2017-09-25,0.04137390441920452,0.1660839721937235,0.055379730241456926,59.13677686113939
2017-09-26,-0.03073462089373169,0.127288579263928,-0.04505167344134664,54.8519038990992
2017-09-27,0.07192570220815808,0.1917454445651594,0.07525207816281942,61.6412557390993
2017-09-28,-0.04978352074135051,0.1324161605072398,0.10209207418421129,55.02924849362703
2017-09-29,-0.05163252097467963,-0.024980533802988814,0.0693492675324201,49.40484640148903
2017-10-03,-0.0024019002018368374,-0.06596702431597823,-0.053910405013966045,49.16609744526016
2017-10-04,-0.0529694899993165,-0.08739366494744671,-0.084561685303021,44.115171203368234
2017-10-05,-0.007627131451960256,-0.15512263144209248,-0.10746950150236412,43.459517849854016
2017-10-06,-0.05038429980067316,-0.15565680932871595,-0.14527289085875694,39.33254228336125
2017-10-09,0.024280616955248968,-0.08807041216598299,-0.12114195140455397,42.0448328675784
2017-10-10,-0.02458302705931481,-0.10834673975414333,-0.10113268889329718,40.04537584534687
2017-10-11,0.05580557198185465,-0.005932258251444611,-0.0025510787467357687,46.151810894922846
2017-10-12,-0.05882349593440417,-0.05721606098303378,-0.061224511310852936,41.13097566254122
2017-10-13,0.0199275604881326,0.012589959061471312,-0.018308634111424582,43.250828972639056
2017-10-16,0.004440514184592459,-0.007023698094351105,-0.031678071566070165,43.746622339534056
2017-10-17,0.026525130497803584,0.04500450184078031,0.014860147074257979,46.75251496543197
2017-10-18,-0.006029258991748554,-0.01619774832037868,0.006102850322108333,46.13307680148246
2017-10-19,0.07452336737609055,0.12318837512468361,0.06620803925300467,54.167478579009746
2017-10-23,-0.005645136853037469,0.09502661394976508,0.06018914895761274,53.46842364023262
2017-10-24,-0.060016202408518904,0.024756827814572224,-0.09523811296372409,46.61897613782919
2017-10-25,0.01466782347332285,0.012919946308380892,-0.11844077253623886,48.258798793018066
2017-10-26,-0.011904790867173776,0.006932402423787343,-0.10131480191012177,46.97889465036388
2017-10-27,-0.012048222435590672,-0.07419355682230155,-0.17171718422765758,45.6743527809299
2017-10-30,0.05487806093746528,-0.01784268194566896,-0.08048598431861076,52.11789494053647
2017-10-31,0.027250200913432554,0.07333903508237793,-0.004003217906415335,55.12067793581817
2017-11-01,-0.02411569511092404,0.03231293427254034,-0.025682158414488176,51.93223450430942
2017-11-02,-0.010708411100862958,0.033562852595844905,0.017796613114621884,50.56720700559932
2017-11-03,-0.008326426275100607,0.03745647406986019,0.017079402955901823,49.4895987035645
2017-11-06,0.09319904488435005,0.07514457695171495,0.170863362568197,59.74434844720409
2017-11-07,0.016897028081386045,0.06430869917362281,0.16242312309322715,61.41632664769829
2017-11-08,0.027945611174873486,0.12108725467730497,0.22502250920390177,64.1157590837022
2017-11-09,-0.024981572923608808,0.10491258991417562,0.13128738070127333,59.96410435371892
2017-11-10,0.015825100017219373,0.1318219743861171,0.2210144555085447,61.61727043888615
2017-11-13,0.042284916012984786,0.07910903968955041,0.24777974290770377,65.75113084110704
2017-11-14,0.008540917005696036,0.07024171610670948,0.25287352348075065,66.56748601774684
2017-11-15,0.007057189903409089,0.048493814675639735,0.22911290953885444,67.26767500757953
2017-11-16,-0.056762466267197165,0.014317978434743805,0.16637782345240515,56.87684963495059
2017-11-17,0.018573551210362194,0.017062351908098572,0.10564519838041497,58.98280441064738
2017-11-20,-0.020423029335675857,-0.04412810513468435,0.08921333238249463,55.70177668993828
2017-11-21,0.021593444174477616,-0.03175721996063874,0.18377912738554336,58.289707854934015
2017-11-22,0.023323592463275977,-0.01611776373738738,0.19387752454048868,60.997382470246755
2017-11-23,-0.012108267575202225,0.030460612648598007,0.19363167144228788,58.81308667280905
2017-11-24,-0.025955274668175266,-0.014587878096911311,0.1768293351560586,54.372718773569936
2017-11-27,-0.03552927370678305,-0.029784107454594144,0.07597028095592662,49.054699755177616
2017-11-28,0.009209507906238201,-0.04154523596244619,0.057073959975575406,50.36179939735686
2017-11-29,-0.0068440457432979995,-0.06980053738596914,0.07578254120890238,49.33935307813061
2017-11-30,0.03751912368870691,-0.023071355260600224,0.1282264723150972,54.72834536060669
2017-12-01,0.09225092121066658,0.0954848216134927,0.24265326451290536,64.96645424706712
2017-12-04,0.004054017916833796,0.1404451236537949,0.1413209780508422,65.37126501674797
2017-12-05,0.010094251390994291,0.1414449174379102,0.13368583748957197,66.41605707100153
2017-12-06,0.005329774982422819,0.15543642172645278,0.1087436100841146,66.98812132999655
2017-12-07,-0.05434060215589798,0.053136550324266896,0.07535794766419501,56.38599074849572
2017-12-08,-0.04204627625945834,-0.07635135809986848,0.014094995586779957,50.13359168491999
2017-12-11,0.03511335329607834,-0.047779276887664035,0.007117396899492645,54.48202109068635
2017-12-12,0.07844527493117037,0.01665556270405366,0.07692308727728481,62.603304111202824
2017-12-13,0.04521622346226262,0.05699136169523222,0.1177294532311981,66.59340748575426
2017-12-14,0.0288401281283881,0.14996491387525923,0.21916789011177906,68.9703644256114
2017-12-15,-0.0895795417853481,0.09290413291889799,0.08971550246637161,55.40372383608854
2017-12-18,-0.12182059879131035,-0.07279150252572042,-0.023082681502041846,43.89213876174831
2017-12-19,-0.07088417022010907,-0.2011795938697366,-0.11151608286206272,39.38851372852039
2017-12-20,0.0,-0.23573669428495558,-0.13176640929460226,39.388513728520394
2017-12-21,-0.008203398788982241,-0.26325409719644155,-0.1283345167741825,38.8908831298196
2017-12-22,-0.04135649244743589,-0.2242302223484709,-0.1421169536466289,36.41369277905495
2017-12-26,0.0396893901717732,-0.08155485549980424,-0.07521101782961137,40.188287746476696
2017-12-27,0.03651448742064023,0.024610352835256588,-0.05019010392076906,43.63492755669916
2017-12-28,-0.015212136418341293,0.009023840372281988,-0.058192971245259795,42.496136172965116
2017-12-29,0.03008129104240065,0.04797352492852558,-0.06494465697813356,45.48013283896352
2018-01-01,0.05367011058256366,0.15185506520367498,-0.0979729588228565,50.55808697596443
2018-01-02,0.025468104059794827,0.13609953225639093,-0.078734865634281,52.91927512838575
2018-01-03,-0.005113199194287987,0.09047238872285068,-0.0926049515074725,52.364805502661014
2018-01-04,-0.014684273931396485,0.09105689985295573,-0.11066932136561625,50.729340671735855
2018-01-05,-0.023099882105388714,0.03472766990795506,-0.08128947189033342,48.215675906616006
2018-01-08,0.04805492989620652,0.029213436592089526,0.005120679914670356,53.28202571976278
2018-01-09,0.008005866971176223,0.011687421913123774,-0.02120136008114637,54.125949260478855
2018-01-10,0.0137183808772674,0.03083701026600294,-0.07994759165991194,55.61728423017653
2018-01-11,-0.0021367331234117826,0.04396424360906748,-0.12163006919011887,55.311529482474846
2018-01-12,-0.019985773167104037,0.04729213591117842,-0.16331507191320438,52.41520566483068
2018-01-15,0.04224332823873511,0.04148476404611667,-0.04216861970958896,57.392278494504104
2018-01-16,-0.015373882639948988,0.017328502852553385,0.07393294782696369,55.04065062207787
2018-01-17,-0.016323668801976554,-0.012820534591513222,0.13699754994096836,52.61346877378071
2018-01-18,0.007215034916797425,-0.0035688929277665205,0.14520102696410553,53.572108203395636
2018-01-19,0.0014326292288471265,0.018208303593233888,0.15632749096730825,53.7735239452395
2018-01-22,0.10085842970355863,0.07547169056861436,0.3278688645993135,65.22708155113514
2018-01-23,0.05458084341616165,0.15188072153820298,0.3468879074969169,69.9965028900939
2018-01-24,0.11152196083436339,0.3015873998839764,0.44435558415645326,77.2404204499909
2018-01-25,-0.02937919399933775,0.25429800723740437,0.42357723230536815,71.7757781173594
2018-01-29,0.021701836424868448,0.27968526290714313,0.41199678626058667,73.2377232031487
2018-01-30,-0.08216877381253951,0.06692655685469662,0.22996251738580353,60.23886908564403
2018-01-31,-0.029841642438576677,-0.01848424186826636,0.16362314050047333,56.63071005564234
2018-02-01,-0.11424988158394456,-0.21784928267201342,0.03597648863695646,45.68502237827844
2018-02-02,0.08079378958618721,-0.12906911475386984,0.13636362990330375,51.94978350864331
2018-02-05,0.05245896636462599,-0.1028507666496935,0.2242562667715926,55.80237628217359
2018-02-06,0.24735211273631208,0.21924484559943203,0.4570597373550349,69.05996000823683
2018-02-07,-0.027472584007653955,0.22222215570382242,0.405776084988698,66.10170403652616
2018-02-08,-0.08731376042857819,0.25939056627506085,0.2656695517126164,57.8526790062597
2018-02-09,0.08216089177616115,0.2609835765400872,0.3725909513258523,62.213923223038805
2018-02-12,-0.07020282962069846,0.11401869225516603,0.30225781186401446,56.40222979859763
2018-02-14,-0.03914982597576411,-0.1418581462362829,0.20055903573732792,53.605976916051766
2018-02-15,-0.05005824185535501,-0.16178735129023258,0.15826824117008598,50.306177061695806
2018-02-16,0.003676437932864207,-0.07822179297636322,0.18181815054196715,50.534950783829174
2018-02-19,0.017704574504616266,-0.13312530040989645,0.19412607670069137,51.692540333555584
2018-02-20,0.011997646192207778,-0.056487604526817004,0.20672399081743942,52.51782490089187
2018-02-21,-0.05631302404740279,-0.07334110631547774,0.034437928599601264,48.297095380593234
2018-02-22,-0.06846734593996506,-0.09129900729046614,-0.08625999125181527,43.93423652852255
2018-02-23,-0.042481464442481354,-0.1330891003171113,-0.21286036094139282,41.59542885869016
2018-02-26,-0.03521126807859265,-0.17816438232969078,-0.217589969720977,39.7852257290964
2018-02-27,0.016058413875307043,-0.17486666367430415,-0.22191165169360638,41.00185414366238
2018-02-28,-0.007902274143272159,-0.13253766624154673,-0.15895247530755996,40.56057660916175
2018-03-01,0.018826883946954753,-0.051247487039225104,-0.11676086470301139,42.145509527935126
2018-03-05,0.09452735981190563,0.08450702995658954,0.09142452113686339,49.555449898424214
2018-03-06,0.0551948313327848,0.18613140337493506,0.06557377049180335,53.641980036251404
2018-03-07,-0.03384616558368392,0.12787354333442646,-0.021806818967769037,50.77566153889788
2018-03-08,-0.07070061593390564,0.05648078995444661,-0.2712287802705844,45.49238830762038
2018-03-09,-0.004112434474927484,0.03269367790506683,-0.25372366484856257,45.218496071609934
2018-03-12,-0.0027529224079928527,-0.059090900646331046,-0.18458078796573596,45.02388215364677
2018-03-13,-0.002070374978955347,-0.11015384380634019,-0.24804990211323918,44.86791391946997
2018-03-14,-0.0069156556850563655,-0.08535032922720853,-0.19686799045344228,44.31681356077592
2018-03-15,-0.0020891179448768726,-0.017820440449804686,-0.16589058968823833,44.141649988240246
2018-03-16,0.062107491141742965,0.04748799358143696,-0.06740192698314007,50.40453838951757
2018-03-19,0.03942177511620648,0.09178743579810433,-0.03418800333541483,54.13778708208
2018-03-20,-0.013274338950567732,0.07952971061524594,-0.06358730742443752,52.64413917645319
2018-03-21,-0.03203075022401569,0.05222841350495844,-0.10432727296984112,49.16599275019145
2018-03-22,0.009265410092903936,0.0642009826372707,-0.042085431726324174,50.15894606466634
2018-03-23,0.019672143654745122,0.02168199197873455,0.04855025426385007,52.30870949683702
2018-03-26,-0.022508062840942422,-0.03919089112005025,0.0704225361571853,49.61971807653852
2018-03-27,0.023026341175108822,-0.0038436558143496447,0.13503652607488315,52.26249099335482
2018-03-28,0.013504825438658052,0.04301790780765158,0.1321839182832658,53.82750467770124
2018-04-02,-0.026015218366605142,0.006557402063588791,0.11151338993918536,50.356442210554
2018-04-03,-0.010423504697731345,-0.023151164368863553,0.07960198364262094,49.027753272204826
2018-04-04,0.0757077421970258,0.0750000235281496,0.061038997230009606,57.672486907654786
2018-04-05,-0.09424724280734631,-0.048231510662416044,-0.08923075749323917,46.33882624239815
2018-04-06,-0.0033783912223301904,-0.06408630800847992,-0.06050954272652331,46.02259247658729
2018-04-09,0.008135585461632733,-0.03127038983595698,0.01919120836482824,46.95816107660114
2018-04-10,-0.02488230587805218,-0.045424595091785314,-0.0020646753972828336,44.40264900418893
2018-04-11,0.015172432208883313,-0.09914319892478762,0.015873050348081286,46.27484301036596
2018-04-12,-0.010869554654186486,-0.016216200542241155,0.0069156556850564765,45.085746619847995
2018-04-13,-0.028846158254781318,-0.041355908927270923,-0.015320286811580486,42.032434931261214
2018-04-16,0.00848655464253567,-0.04102216956098592,-0.004884835673196419,43.21568466116758
2018-04-17,-0.015427788464072112,-0.03172414056186024,-0.07752958505079821,41.541510261371585
2018-04-18,0.004985733263134673,-0.04144025810365626,-0.10809102851667118,42.30734914921931
2018-04-19,-0.025513796274749367,-0.055631895348394744,-0.11915436883956776,39.44530845953134
2018-04-20,-0.05890912142666904,-0.08486568131563887,-0.1436135093050781,33.89009648664242
2018-04-23,0.016228751542258557,-0.07784015375423325,-0.13770494304719527,36.39125335061164
2018-04-24,-0.0950570369780519,-0.15242167728897305,-0.2347267220214806,29.2882350875428
2018-04-25,0.04201680806959174,-0.12119065058500933,-0.18421054117567348,34.772533795951915
2018-04-26,-0.029032231270335607,-0.12436363913796167,-0.225723484619196,32.80001893403032
2018-04-27,-0.0016610883847775204,-0.07109730699020445,-0.2373096267006536,32.68907885963445
2018-04-30,0.0282861219605004,-0.060076044469218104,-0.1947883159926147,36.61417123064967
2018-05-02,0.03883499265724777,0.07899164404962522,-0.15470701071185355,41.77612302000585
2018-05-03,0.011682213142344855,0.0475806589305221,-0.20501838128435768,43.32927408421329
2018-05-04,0.020015414431331813,0.10049834235719945,-0.10472974126751688,46.01731172066743
2018-05-07,0.038490583311836746,0.14475871088626335,-0.06711862855038397,50.93364884926522
2018-05-08,0.021802339080283728,0.13754051862137895,-0.05447205596343074,53.6100248745874
2018-05-09,0.014935990887594786,0.11137073895498095,-0.015862037395608874,55.442210744601184
2018-05-10,0.011212322514331685,0.11085454653042404,-0.019701084007627157,56.84084200683692
2018-05-11,-0.031185083397264002,0.05509430507443991,-0.03983522394676142,51.905976437808604
2018-05-14,0.019313338097612043,0.035610447890085606,0.007779324894372497,54.46066209493236
2018-05-15,-0.07578946833024958,-0.06330016477673894,-0.07643759713132647,44.31954953417596
2018-05-16,0.020501101178834302,-0.05816403999684561,-0.04273507002136323,46.977732716392225
2018-05-17,-0.002232123058618085,-0.07068610091420546,-0.04961019321739513,46.710899737614675
2018-05-18,0.05518268303790985,0.012160234753966881,0.029090881347656028,53.69728859982007
2018-05-21,0.01837457497464179,0.011228059467516482,0.11360126079581101,55.88565976542641
2018-05-22,-0.056210928141532834,0.032649985017827454,0.03422059133030997,48.23692105262979
2018-05-23,0.04117643016432493,0.05357145011222353,0.18991599170832263,53.02382445187431
2018-05-24,-0.07132770054841675,-0.019388533321423762,0.060483872828448915,44.94994485712211
2018-05-25,-0.038022814791220716,-0.1060070699956529,0.05066442347258637,41.57492803909912
2018-05-28,0.03241113149804686,-0.09368490229636306,0.08652245609369302,45.20791617757608
2018-05-29,0.0007656412623464615,-0.03897063763083741,0.05744337037771774,45.297255435340844
2018-05-30,0.026013784279010466,-0.052966102265676995,0.0443924990693505,48.37933195476296
2018-05-31,-0.014168499816945679,0.005323243386250454,0.017705966124959005,46.79271970935926
2018-06-01,0.026474994003466312,0.07272728095155778,0.024150920364092165,50.04290054772166
2018-06-04,0.022844541384546613,0.06278711090947153,0.00872092177056838,52.793443419158095
2018-06-05,-0.04034585122474643,0.01912777397378229,-0.052631628926555374,47.68579510892786
2018-06-06,-0.057807771901718374,-0.06413122046703157,-0.12053260069049498,41.71033380362133
2018-06-07,0.018326656473370173,-0.03328294441528834,-0.11434515158068037,43.96889972168402
2018-06-08,-0.006259775068669371,-0.06411200479915369,-0.09155935442659069,43.339862969374444
2018-06-11,0.037795315206262003,-0.05043226249954069,-0.07508769788240144,48.134399476120215
2018-06-12,-0.034142697459782045,-0.04429430676467283,-0.033409303835131965,44.34580758850061
2018-06-13,-0.0070698509151527755,0.007171326790443633,-0.05952375461590087,43.60656961531509
2018-06-14,-0.04272151480899977,-0.05320808808368982,-0.0976882536054009,39.36627713608106
2018-06-15,-0.0024793955123713074,-0.049606308968706214,-0.14699646500217334,39.13857294424278
2018-06-18,0.025683548256395516,-0.0606980403802192,-0.14087437574371375,42.81912725025813
2018-06-19,0.04361873641851832,0.014925415623717964,-0.05000002103693313,48.64510805425302
2018-06-20,-0.0580495352609266,-0.03718356441952897,-0.14053670851429134,42.212185471041025
2018-06-21,0.023007373148387078,0.028925571633155345,-0.0532319262031562,45.129537328368606
2018-06-22,-0.03453810105133215,-0.004142438966422635,-0.049802306700764576,41.651915249296906
2018-06-25,0.046588972097807435,0.016155073296957756,-0.03675348242636045,47.34284695483805
2018-06-26,0.01748809764412096,-0.00928791678409202,-0.020657957949018035,49.42961098319127
2018-06-27,0.05546875215368341,0.11010683189707549,0.007457150082594843,55.55159257329042
2018-06-28,0.032568436190153705,0.12048192955663484,0.055219328857123884,58.87426814070824
2018-06-29,-0.07240145108898333,0.07653902558925485,-0.0464259490500365,49.69160503906068
2018-07-02,0.033230318324557695,0.06279808955835775,-0.03674353203723868,53.049126382178414
2018-07-03,-0.02767388846118979,0.015624984866008385,-0.024024001663345618,49.959446749900124
2018-07-04,-0.026153857891376253,-0.06291638542333888,0.008764912749440024,47.23687948053006
2018-07-05,-0.00631910937363922,-0.0982078784437811,-0.015649437671673372,46.59347914428483
2018-07-06,-0.011128803193308112,-0.03863987760540477,-0.020472459274539223,45.42736296284547
2018-07-09,-0.004019231410537283,-0.07329839570865104,-0.0599392976905162,44.99425841931964
2018-07-10,0.0008070439814722441,-0.04615387549767136,-0.0259230114354021,45.10697354922225
2018-07-11,0.030645171462187593,0.009478664060458941,0.01107590077894205,49.354309174943
2018-07-12,-0.021126722201157966,-0.005564363692269314,0.03388428384184117,46.59558610855188
2018-07-13,-0.016786573485597978,-0.011253970608584574,0.019055551095769285,44.51158851646894
2018-07-16,0.052845496622015764,0.04519769575665733,0.046041978154695684,51.71074120559052
2018-07-17,-0.009266400565753341,0.03467744503259529,-0.006965956041519061,50.410416564742356
2018-07-18,0.06625100440563325,0.07042258145613811,0.12407561375641896,58.39171911730141
2018-07-19,-0.006578958375741961,0.08633092757365901,0.09156629403916772,57.339405219085265
2018-07-20,-0.003679189858238674,0.10081298795850513,0.12645586074895654,56.72775555111125
2018-07-23,-0.0391432595616239,0.004633237104279431,0.03418126452969816,50.56988949093412
2018-07-24,-0.04150652977347702,-0.0280592095727199,-0.02578124365536505,45.18771492737935
2018-07-25,-0.020850058004352023,-0.10745615747337645,-0.09622503099265,42.82439923599412
2018-07-26,-0.014742039689878528,-0.11479031656372973,-0.13763441595309156,41.217220227388076
2018-07-27,0.02327520306406128,-0.09084191622612059,-0.04868618092705845,44.694290580947495
2018-07-30,0.022745712707287646,-0.032282864635279296,-0.05833954672009145,48.00634103507737
2018-07-31,-0.008737141304081097,0.0008018664790214736,-0.0400000352125901,46.82007727317771
2018-08-01,0.004006425686607251,0.026208001132224545,-0.010268571564595375,47.45565676478499
2018-08-02,0.0023943086420477044,0.0440565834089679,-0.0015897857083185807,47.85832867802115
2018-08-03,-0.038216598716108274,-0.018684036398904036,-0.0289388801302638,42.27601100744081
2018-08-06,0.039735140640910105,-0.002382822288133579,0.013720748311808029,48.71782445200704
2018-08-07,0.0015923171513689827,0.008012851373214724,0.01451615408977891,48.97333639548086
2018-08-08,-0.0031796472254067565,0.0007981028806824941,-0.018779325206008224,48.4533480743396
2018-08-09,0.01116430173434102,0.00955413069665667,0.01358913454705335,50.43691314200727
2018-08-10,0.013406945757292954,0.06374176015122379,0.04471546196797305,52.81149375729611
2018-08-13,0.04280149577689252,0.06687891487659736,0.03474902053227691,59.5617276095875
2018-08-14,-0.008955215595165988,0.05564386434900048,0.03507403054879754,57.62487741573319
2018-08-16,0.027861437725819727,0.0885167193025429,-0.0021930326006028844,61.754535763904066
2018-08-17,-0.035897420132742996,0.03785485257759835,-0.031640934536258825,54.218703015009694
2018-08-20,-0.00987842826354457,0.014007731218516506,-0.037666191308617925,52.39203266759857
2018-08-21,-0.009976985196090693,-0.03731343389805564,-0.008455081354062255,50.557679841408984
2018-08-23,-0.010852666185147242,-0.039156589950699816,0.023255810396395793,48.584867663359894
2018-08-24,-0.027429496488370897,-0.0908424766133199,0.016380000707640452,43.9659316695966
2018-08-27,-0.013698636453198354,-0.0699088211976584,0.01745636266070849,41.88314181160994
2018-08-28,0.015522919739422436,-0.046047539531192005,0.009748162588837372,45.018151581338394
2018-08-29,0.0008044468995995757,-0.035658918740292145,-0.01191426293777742,45.18573411634123
2018-08-30,-0.00241155417870742,-0.027429496488370897,-0.005608950111521849,44.74508961746341
2018-08-31,0.015310276905220022,0.015310276905220022,0.00558664405349818,48.19107705566965
2018-09-03,0.06269840777265712,0.09395429687165202,0.06608279426565367,59.500682368463224
2018-09-04,0.02912616726279027,0.10860815725268158,0.1407284619206841,63.7120821935692
2018-09-05,-0.009433970751818732,0.09726688737634892,0.08678337281033599,61.41937470145482
2018-09-06,0.005128252780572273,0.10556006734277901,0.09062005963724284,62.20799828317901
2018-09-07,0.012390675873562573,0.10238094625379324,0.1076555331400686,64.12584508481541
2018-09-10,0.09431241422338266,0.13517546075680142,0.19873812645420297,74.75667657653257
2018-09-11,0.008552639215276825,0.11248187378597718,0.1929960675964335,75.53158207780598
2018-09-12,-0.07045009322119844,0.0439560731309625,0.06343286609458554,59.25709696482905
2018-09-14,-0.028771919116639233,0.008746347173728575,0.04216870714434928,54.45977189518889
2018-09-17,0.04768784972077467,0.043916460878310026,0.062271091957821545,60.06459253780848
2018-09-18,-0.005517236117659086,-0.051315772549927585,0.09574469935344343,59.11487659992174
2018-09-19,-0.02843272158410981,-0.0861056556682036,0.07521109102027412,54.37011648704112
2018-09-21,0.10920768793544156,0.09052631311249315,0.2046511954566661,65.49880435991327
2018-09-24,0.1216216440130149,0.25939307174910753,0.3659874602293154,73.95057869883561
2018-09-25,-0.043029259143345544,0.1503448486328125,0.34407739808748716,66.9424887832234
2018-09-26,0.024580326133740282,0.18515950500467393,0.3962418686407103,68.68934574882331
2018-09-27,-0.009947341999771875,0.2077087651585543,0.361222820666268,67.10591847401862
2018-09-28,0.004728127857288822,0.0939510966364816,0.36655953162630217,67.48576436291302
2018-10-01,-0.009411755730124094,-0.03384969261375703,0.3569702143146747,65.84801649616463
2018-10-03,0.07600954127359683,0.08633096569013765,0.4380952611621898,71.7537178542438
2018-10-04,0.04415006622562556,0.10708015841819307,0.4129947416863853,74.69857714261954
2018-10-05,0.04281181092368391,0.16607561780566304,0.4317851904618448,77.28124002809406
2018-10-08,0.021287383985734376,0.18529409520766338,0.4761904894983342,78.50636920055305
2018-10-09,-0.019354808785692845,0.1733966775436886,0.4402332248030669,74.48946605031387
2018-10-10,-0.09362350000207542,-0.011589458173014822,0.289416803795967,59.05375725018553
2018-10-11,0.14740365226914842,0.0861521751688008,0.3519736509821747,68.94377501705209
2018-10-12,-0.09343066411561485,-0.05575268155049562,0.21526413917050857,57.97610972985744
2018-10-15,0.01395599788481916,-0.06253102991243331,0.32561399225603105,58.928932843284144
2018-10-16,-0.08046578081140587,-0.12095138471482114,0.2550578502692751,51.56773911027408
2018-10-17,0.035117943208450075,0.003908414038000796,0.23999996843009153,54.048526440717275
2018-10-19,0.10066748717313323,-0.03698288806564032,0.3723995014439372,60.511854585011065
2018-10-22,0.0793329773720417,0.1465379266003477,0.5246252863235206,65.09766963131997
2018-10-23,-0.10861421481888389,0.007940790403683229,0.225225287147103,54.94360364578232
2018-10-24,-0.008403453102266312,0.08693139024625651,0.08318983535302915,54.31437164665523
2018-10-25,0.004237284282951448,0.05450498148980687,0.13669057179749533,54.59436833322922
2018-10-26,0.014240531160404357,-0.028297187841544558,0.12521938973326363,55.58377435953502
2018-10-29,0.03120126862987682,-0.07162924358270073,0.1719858058091388,57.78518677261403
2018-10-30,0.03378719510195194,0.07668062049734514,0.2058823529411764,60.15978140588577
2018-10-31,-0.03414637867997328,0.04872881976635579,0.17577191553752902,56.57891926150052
2018-11-01,-0.030808016490281864,0.012130878728434213,0.059050753050047255,53.585655540262046
2018-11-02,-0.0500261055291541,-0.052002081321095406,-0.03646937268896533,49.176313801862435
2018-11-05,0.06856829574262613,-0.017650044519229136,-0.012671059594543843,54.4339399770834
2018-11-06,-0.04979462711235416,-0.09707315956673956,-0.08138954941419785,50.10252995930304
2018-11-07,-0.042679681564491756,-0.10505050524511261,-0.10323891153329123,46.83393556330547
2018-11-09,0.0028217351211461406,-0.07399687528792864,-0.007816828076001703,47.06930280784469
2018-11-12,0.09003941138170823,0.06253435686357811,-0.05742084874140041,54.07547781478251
2018-11-13,-0.034589573942448104,-0.04004100603830563,0.003757466737855264,51.02945106614882
2018-11-14,0.006951826495335656,0.01728793575728349,-0.0031762555786671864,51.59913873204285
2018-11-15,-0.02018051844430424,0.041196471663224266,0.06217615840677859,49.77628793401432
2018-11-16,-0.00542007465227845,0.03263927455064608,0.020578467667045297,49.2828773866871
2018-11-19,0.049591271307604545,-0.0056789161376160635,-0.026781236085222315,53.77345026280639
2018-11-20,0.003634459708844684,0.033689793318894434,-0.09503748261419631,54.11004266377175
2018-11-21,0.011898579572898083,0.03876789937302649,0.02731084692285779,55.26269453213238
2018-11-22,-0.02044987880632343,0.03848233361045894,0.014830545502743542,52.779760349613575
2018-11-26,0.06471815140883996,0.11171657735389973,0.07594939892359553,58.938781493844054
2018-11-27,-0.1019607824804416,-0.048805842309805336,-0.047321886067308916,47.699810313201766
2018-11-28,-0.019650688665309834,-0.07087433236630514,-0.09430160597216519,46.06262190659126
2018-11-29,0.04120276816197421,-0.04396721505541701,-0.08780484083222184,49.87136792588075
2018-11-30,0.024598880518994726,0.0,-0.03232320274288303,52.13407126428007
2018-12-03,-0.04906057106177819,-0.1068627620559165,-0.050547222183845775,47.42332629761735
2018-12-04,-0.006037250666760752,-0.01146283231281875,-0.006582497800219245,46.88939335973852
2018-12-05,0.015461003305369037,0.023942111753643802,-0.05595483460995776,48.47950630600803
2018-12-06,0.05002719449853821,0.03262025016661241,0.0432198393932095,53.41478029600486
2018-12-07,-0.03728634558609778,-0.029749462388498293,0.049097114726055935,49.42450820069595
2018-12-10,0.09951588844996273,0.12184419892244236,0.1502532362134763,58.08818020183229
2018-12-11,-0.12181994648039596,-0.008834889123120804,-0.07330924185701504,46.53388685424151
2018-12-12,-0.11922006976964117,-0.14029358649592993,-0.15454546659967483,39.298935373667106
2018-12-13,-0.016445301833087456,-0.1947177306679444,-0.17419010867025164,38.51542357197982
2018-12-14,-0.025080407623089718,-0.1845078147940895,-0.1783198254460766,37.3136881106897
2018-12-17,-0.040897090488092536,-0.288649726910421,-0.20762944634399738,35.42154904902681
2018-12-18,0.0027510290204932897,-0.18774377136469456,-0.2429906671630131,35.6482731721334
2018-12-19,0.005486963245862508,-0.07273880719052317,-0.24159338306911826,36.13123555022967
2018-12-20,-0.022510226953672663,-0.07845660784980046,-0.2673823969853748,34.96549545929231
2018-12-21,0.11584088319958585,0.05474933588787212,-0.1654488570740834,44.64123566817128
2018-12-24,-0.015009366763823362,0.08321870985705049,-0.22794116203347692,43.630544526779026
2018-12-26,0.01079365563771062,0.09190673248284043,-0.13100434817192297,44.587546002991296
2018-12-27,0.009422086545944008,0.09618007244802351,-0.10523382438713147,45.46728054710828
2018-12-28,-0.04978215633185157,0.06559668800155238,-0.18342246872917345,41.66776224516998
2018-12-31,0.04780612445006027,0.0006254051923064718,-0.16492692445605228,46.09446744577215
2019-01-01,-0.04187500476837147,-0.026666671510726547,-0.15861687697925353,42.87824614205503
2019-01-02,0.0691454319124436,0.02952256979284562,-0.09497521605382941,48.94742894680032
2019-01-03,0.02440521908326243,0.044804059388689366,-0.08700372633082964,51.060569018487556
2019-01-04,-0.03752239629317777,0.05828417570190303,-0.16312789775504766,47.7109670170909
2019-01-07,0.008663328649155755,0.01874995231628418,-0.1231845560371636,48.519174009245525
2019-01-08,-0.03680978256926659,0.024135674324884837,-0.23189826814801584,45.28838772512542
2019-01-09,-0.027388494058943058,-0.06833428758954885,-0.1493036318254123,43.07468844257138
2019-01-10,0.0052390256259213785,-0.08576536364127929,-0.02909551081201822,43.62677994469054
2019-01-11,0.0,-0.050123729801401895,-0.0128617239107367,43.62677994469054
2019-01-14,0.05276869353828806,-0.008588920012347456,0.0659630613499449,49.39049214204179
2019-01-15,-0.03589108472664593,-0.007643304905536663,0.07152682012252831,45.78102691970575
2019-01-16,0.032092426344573655,0.05304515007598165,0.10288065897456589,49.22586484697585
2019-01-17,0.009950239314132636,0.05798041482284444,0.10777625785480272,50.31376207100482
2019-01-18,0.023399080878747425,0.08273618411741501,0.15980467046193092,52.89519291910653
2019-01-21,0.09205768363652211,0.12314355135571664,0.13508442015825417,61.555764575249604
2019-01-22,-0.00881541877547809,0.15468548518701364,0.14222220769004212,60.307051686308256
2019-01-23,0.005558664966203608,0.12500001482702605,0.13630653680242366,60.8417197527765
2019-01-24,-0.0364842366967969,0.0732758959870159,0.0846297844541708,55.52564184605805
2019-01-25,0.014916822967847576,0.06438024312840973,0.15848068131940063,57.11531082970249
2019-01-28,0.06840017229751427,0.04132231491808325,0.1812499761581423,63.63054207121597
2019-01-29,-0.024867689039194008,0.024458062237666667,0.20221789934101286,59.82837134695721
2019-01-30,-0.03147042398817379,-0.013266985577323531,0.08907877035940537,55.42686152975366
2019-01-31,-0.040896332024404236,-0.017785396472444703,0.019654550667765003,50.400974077799425
2019-02-01,-0.08177573034904595,-0.11136236334397343,-0.027227697062989997,42.45092302723975
2019-02-04,0.0,-0.168253937337844,-0.03558276056314291,42.45092302723975
2019-02-05,0.003816759855165275,-0.14378733197635263,0.005095536603691109,42.89860156082086
2019-02-06,-0.00950567940865421,-0.12436976020086887,0.023575615316646203,42.01857321219453
2019-02-07,-0.012156144124533363,-0.09813090984201878,0.005863139848661936,40.87475235275629
2019-02-08,0.008419696759971895,-0.009542020970521259,0.014332202468220867,42.03737388272059
2019-02-11,0.017341070202681053,0.00763358037663453,-0.01980196150035629,44.47926364989439
2019-02-12,-0.005681827760158575,-0.0019011237946037207,0.010911429854070676,43.81661960554944
2019-02-14,0.0012698703342013395,0.00895715561725452,-0.019278573844105806,44.01622224712687
2019-02-15,0.04375387486874138,0.06606214584262537,0.013546755939353394,50.54406666268897
2019-02-18,0.09356020663330922,0.15606938682109028,0.08303243628658286,61.37047489453935
2019-02-19,0.026111072964138282,0.16603529895401659,0.017630837550955514,63.963292846968955
2019-02-20,-0.07634000540501507,0.08317456926618294,-0.05169540394707728,52.564654047446034
2019-02-21,-0.059202828868672785,0.0177551535300704,-0.11276953556219338,46.21188647226459
2019-02-22,-0.03738314369573115,-0.06136083422752381,-0.11359727258998897,42.89528874459878
2019-02-25,-0.005825252666599945,-0.14666668574015296,-0.13171287772968376,42.403679839914616
2019-02-26,0.11393235630142495,-0.07363285076137482,-0.09470894414324382,53.55091227685947
2019-02-27,0.1046171212346867,0.1078546430356675,0.025501861398369297,61.713334439000334
2019-02-28,-0.03280417695230531,0.13894090689024674,0.024089652436207754,57.916948383955635
2019-03-01,-0.10995624471448984,0.05307447628619344,-0.049649552558537646,47.677148313173475
2019-03-05,-0.0374923536071865,0.019531262854192155,-0.0038168205214693662,45.072685918727466
2019-03-06,-0.003192860231293393,-0.08766808300210194,-0.006997494178309749,44.85638509854479
2019-03-07,-0.02049966059335162,-0.19100527669523704,-0.031051950532948625,43.420236116628615
2019-03-08,-0.02289080329254034,-0.18271340157564941,-0.04414590716606004,41.842282520325526
2019-03-11,-0.0026773736932061976,-0.08420410575831716,-0.0349740917440895,41.6559644474387
2019-03-12,0.013422870339588888,-0.035759864074004,-0.03018621211089234,43.0221277086066
2019-03-13,0.011920486553255616,-0.021140290260345806,-0.0353535615039251,44.286544355300215
2019-03-14,-0.008507861041411213,-0.009156333791500493,-0.03809526231553828,43.535126916521406
2019-03-15,0.04752477129756261,0.062249018159070246,0.006341117621602832,48.724262277595656
2019-03-18,0.06490231508498256,0.13422819135597264,0.026731504163489683,55.0835850257298
2019-03-19,-0.024260346548325318,0.09205293738629305,-0.08388890160454643,52.30287454406224
2019-03-20,-0.027895639227256575,0.04908383290452312,-0.13210604858792674,49.29607893052319
2019-03-22,0.014971912716017943,0.07392744999567546,-0.046307094543339256,50.882622715750536
2019-03-25,0.02458510186085472,0.05040959020187663,0.038629337614033865,53.494474370920706
2019-03-26,-0.010797858689380324,-0.024260346548325318,0.06731391421955579,52.15056282393193
2019-03-27,0.03395994382748313,0.03395994382748313,0.1100260168071443,55.8654017944354
2019-03-28,-0.023460389233380008,0.03867741143650005,-0.026884919661720463,52.717134468146575
2019-04-01,0.08168172021085085,0.10694528101797784,-0.047089915746656996,60.804839940610066
2019-04-02,0.003886712600478459,0.08458307384276731,-0.010940960362521679,61.17296677204605
2019-04-03,0.03871685652064816,0.13887210111053028,0.15427167536950637,64.73945728447973
2019-04-04,-0.006922314343027369,0.09384166880148048,0.19093229886667462,63.57156481542463
2019-04-05,-0.013941031324392394,0.10450449315216015,0.17809095413926146,61.19388525442863
2019-04-08,0.09570420268053526,0.11882284078023608,0.31785478540238365,69.5077592822106
2019-04-09,0.006451666033565617,0.1216814586406536,0.357429802961561,70.01870243180005
2019-04-10,0.04191313833045496,0.12513303451539182,0.4181207853514599,73.18281768668483
2019-04-11,-0.008045436963840302,0.12386056370999654,0.38807937450082086,71.55627579683811
2019-04-12,0.0019084407096647826,0.1419249971166776,0.37434557375588096,71.71557331316085
2019-04-15,0.018571399507068653,0.061538451344576695,0.4118811833820708,73.28641835375768
2019-04-16,0.014025299344064601,0.06952661734082688,0.36672972214665545,74.46138871177891
2019-04-18,0.04840936888921865,0.0761950153477029,0.3455621470064727,78.09320871378357
2019-04-22,0.057607716760234906,0.14742367784152188,0.4584596465054862,81.60747870615351
2019-04-23,0.024948041600980186,0.17380950564429898,0.5377416445818393,82.95610117889252
2019-04-24,-0.03813389649511345,0.10846188691089753,0.457283246304937,73.82330311342089
2019-04-25,-0.020244603997082056,0.07100041356663889,0.39352126190276504,69.60906812490961
2019-04-26,-0.06500216352292154,-0.04485490184829144,0.3171618929550588,58.328587406923916
2019-04-30,0.005064484982922224,-0.09230766668522483,0.28035195897578147,58.85172530522911
2019-05-02,0.05267978115205807,-0.06774848284535273,0.38018018430830547,63.94740144458751
2019-05-03,0.04569195671563531,0.0134964831096267,0.3342587663108225,67.86086369393774
2019-05-06,0.09987513732631959,0.13775294128272697,0.4618363062336861,74.6376051786429
2019-05-07,0.0018917607447304086,0.2191528719780007,0.4100105736985571,74.75702164073249
2019-05-08,-0.004154029641408319,0.2079707252127465,0.4139410926868159,73.93228189899311
2019-05-09,-0.03337129465714561,0.10922542553878456,0.38607942453039157,67.51507550146528
2019-05-10,0.0333464256218956,0.09612981273138899,0.3071960620964571,70.20520339006328
2019-05-13,0.03948363713568659,0.03594395931220551,0.35009853223508425,73.13645364553626
2019-05-14,-0.009130752653865315,0.024546813812949875,0.28395647128754153,71.32003566865127
2019-05-15,0.05639516159138269,0.0868410669434505,0.367366464659995,75.35426009794232
2019-05-16,-0.010118597687462927,0.1129855274215601,0.3509524209158761,73.25103957532352
2019-05-17,-0.010222097530793839,0.0660592164403313,0.3127630072441794,71.11348838683853
2019-05-20,-0.1566951435357964,-0.13513509747993813,0.09174733619731668,48.15361171650394
2019-05-21,0.08319253749857047,-0.05455214109908968,0.12796833230878368,55.13752609000783
2019-05-22,0.0771929657576258,-0.03593861451951519,0.14885655040642787,60.84623187585456
2019-05-23,-0.29750269862572176,-0.31582660298798226,-0.21257605891316422,38.782414287395355
2019-05-24,-0.15146834400668996,-0.4134615613210888,-0.30535639184649055,34.02947246706265
2019-05-27,-0.017000533756540093,-0.31630066193373574,-0.30305635587201474,33.607045723034446
2019-05-28,-0.016676988811439197,-0.3793372197638206,-0.26703496410768435,33.17932841360374
2019-05-29,0.03077887994785944,-0.4060803349312585,-0.24828218484820752,34.801074971281906
2019-05-30,-0.048750773807046954,-0.1957753848844831,-0.3207136654643232,33.376794026690845
2019-05-31,0.02946829264984685,-0.02428655951466485,-0.3312526327244343,35.02348416753536
2019-06-03,-0.006222739868975702,-0.013588651005045471,-0.39576238809571984,34.821989171854455
2019-06-04,-0.02128992779604677,-0.018216077918545848,-0.40974318789127484,34.103581134306
2019-06-06,-0.0063979770145576875,-0.05362584537620796,-0.4110732180991973,33.88217172472895
2019-06-07,-0.04314231087019871,-0.04804612533602359,-0.41702629305181094,32.36601799607399
2019-06-10,0.00807536260642916,-0.0678282621834122,-0.4312832401117298,32.94477371378251
2019-06-11,-0.032710266094241325,-0.0926737928092719,-0.4707815845414195,31.750031454227397
2019-06-12,-0.02553484412722873,-0.09660909902916204,-0.47954292951183053,30.840537063483765
2019-06-13,-0.032577906648386556,-0.12041210030345018,-0.5233775324445594,29.701405647012393
2019-06-14,0.017569529560692576,-0.06460296502871077,-0.5100458509924433,31.130679144188605
2019-06-17,0.05395683601315815,-0.022029368076789124,-0.4782763654439235,35.541163451344815
2019-06-18,-0.0034129172943664354,0.007591484616226163,-0.3834459377824172,35.37850122623274
2019-06-19,0.008904051874655705,0.04320110917997311,-0.42573100345798975,36.19614445780155
2019-06-20,-0.04955869415631353,0.024890201785200183,-0.49330436390749544,33.62340815542255
2019-06-21,0.043571404048374784,0.05107914083684317,-0.2472952204260237,37.61377959317774
2019-06-24,0.04175226726119541,0.038907895108581725,-0.075895512959259,41.40717548989511
2019-06-25,-0.013797636955493187,0.028082180595863315,-0.07288451304825516,40.49430897982504
2019-06-26,-0.017321800460838754,0.0013578043710269494,-0.07349246675169052,39.337976500864045
2019-06-27,-0.006779686879303637,0.04642854418073372,-0.10725169075241603,38.87813646370418
2019-06-28,0.020477829252323332,0.02327174268156118,-0.0422805805206915,41.10245270072129
2019-07-01,-0.02341133326158973,-0.04073586561638831,-0.09147475676853578,39.305313582526466
2019-07-02,-0.023972628241431204,-0.050632925868945966,-0.10770195605944166,37.53777713641692
2019-07-03,-0.038596504612972815,-0.07118645360914322,-0.12348050486529483,34.88310294575027
2019-07-04,-0.012408764865746713,-0.07645050612441184,-0.1287830028582596,34.0808270196422
2019-07-05,-0.03399852529383274,-0.12575251762048867,-0.12045760452280363,31.940205940613907
2019-07-08,0.059678707334200665,-0.05136986167150359,-0.07543385816405068,38.94322538055988
2019-07-09,-0.011552404092385227,-0.03929827506082095,-0.055210504028402,38.07770495536191
2019-07-10,-0.0036522453318545978,-0.0043795231224605935,-0.03399430213361665,37.795017938634594
2019-07-11,-0.08577712953406924,-0.07834438188193571,-0.08711563643309606,31.838471821683726
2019-07-12,-0.03769047770363798,-0.08186684925845444,-0.13669062378946817,29.806280313879242
2019-07-15,0.001666704813639397,-0.13212995475108147,-0.17952213168934184,30.011004283544665
2019-07-16,-0.03826955246493857,-0.15558796391920449,-0.2082191700290218,27.989093948236643
2019-07-17,0.020761225121661564,-0.13489736849520195,-0.19891374355444336,30.615614206089163
2019-07-18,-0.004237304231073047,-0.05773859275147886,-0.1607142857142857,30.367111296795102
2019-07-19,0.06553195385222743,0.043333371480305916,-0.1430526521578922,38.62860375121776
2019-07-22,0.03913736047943317,0.08236270660694744,-0.14520367932808198,43.24337558813582
2019-07-23,0.032282864635279296,0.16176469011071926,-0.10526315120674434,46.92716418176365
2019-07-24,-0.049888314301506975,0.08135593412114916,-0.13491523871987554,42.219539812638914
2019-07-25,-0.009404379577318989,0.0757447100700217,-0.13720131928639367,41.418122784014095
2019-07-26,-0.040348118277643064,-0.03115018602742259,-0.18862874453527068,38.10735935825269
2019-07-29,0.07666943910978241,0.003843212133376017,-0.10547944668601461,46.50485037015816
2019-07-30,0.04211326335291865,0.013402780894360644,-0.044912304794579194,50.75979639104034
2019-07-31,-0.001469471314758164,0.06504701479764696,-0.008029172132021145,50.602183864127475
2019-08-01,0.07137603062087505,0.1518987360873143,0.07612717715991546,57.495703311474344
2019-08-02,0.043269171882564184,0.25226705994004206,0.16220351454167292,61.27552723785389
2019-08-05,0.09216593883337443,0.27029093564721296,0.1978339130433584,68.07070716828926
2019-08-06,-0.02833027781986952,0.18442330976288535,0.17750192354513294,64.0098655087461
2019-08-07,0.03846147019892143,0.231788048797809,0.22727267960172481,66.8216914677547
2019-08-08,-0.03882912947536177,0.10508239621407034,0.29029669671543723,61.40521263946657
2019-08-09,-0.014916082588076418,0.04344969185771186,0.3208333651224773,59.48782430958054
2019-08-13,0.12176657783757205,0.0717299893377028,0.4792013319068946,68.11115222267952
2019-08-14,-0.07986501807958324,0.014888322495247408,0.4152249149221068,58.28154696198315
2019-08-16,0.017726100083102603,-0.005376353274697765,0.41101689401696273,59.564966040337886
2019-08-19,0.006006029054705486,0.04101925675283202,0.42553191489361697,60.02169078863194
2019-08-20,-0.007164229207964112,0.049211278266514835,0.328274644786799,59.15815828736773
2019-08-21,0.023451672680607105,-0.04274466814012379,0.30822445490659933,61.116129929399946
2019-08-22,0.04876615166760767,0.0910757772328803,0.3291139222528927,64.96553212504597
2019-08-23,-0.028011203883169355,0.04204208882746174,0.359717873844436,61.044953151320804
2019-08-26,-0.03976948235658584,-0.005373143438083039,0.3180379268116851,56.020611563810746
2019-08-27,-0.03901558370249569,-0.03728195809819779,0.31986810204739635,51.70345942548471
2019-08-28,0.051842592869470794,-0.010575810830467658,0.2894333546340062,56.3312134407173
2019-08-29,-0.024346784067522886,-0.07955182330237165,0.20720064067856203,53.599080019308865
2019-08-30,-0.009129617513337518,-0.061671450795298455,0.19793969859120053,52.59404654562019
2019-09-03,0.10933652974333152,0.08403359131769395,0.2403845429571645,61.757917391917815
2019-09-04,-0.04540419263968298,0.07682695344484913,0.13495722497466556,56.353536846981235
2019-09-05,0.001740179062865721,0.025534459695934153,0.040988565335830174,56.50350867763089
2019-09-06,-0.05790387802511343,-0.009738274159478033,0.009305186769295926,50.29943138170205
2019-09-09,-0.025814386261650557,-0.026412794044198606,-0.053166033561360515,47.91958521067824
2019-09-11,-0.030283942230803773,-0.148947932443526,-0.044748307035472945,45.28267762298968
2019-09-12,-0.030579067698653706,-0.1357308691214747,-0.05993695520979958,42.799208854141675
2019-09-13,-0.052348976707432215,-0.18239724891197195,-0.20584930594718365,38.978589625705354
2019-09-16,0.05878186476155145,-0.08113095337183351,-0.08618586482168389,44.64162921802359
2019-09-17,0.07157195064547173,0.010725556605833964,-0.037837788300334685,50.96004358765469
2019-09-18,-0.04182272516535701,-0.001301203919210403,-0.08358206677792668,47.31814374610653
2019-09-19,0.013029303211390841,0.04362420059368488,-0.0649428156665014,48.50127811503623
2019-09-20,-0.009646338930205722,0.09065153989698538,-0.09518218540907486,47.63717217195684
2019-09-23,0.09025982671613408,0.12307699864463428,-0.0593837223131255,55.54166447600811
2019-09-24,-0.003573637285244402,0.04431954208394373,-0.03573491790211003,55.15461771650195
2019-09-25,-0.03347277234100432,0.05342017423101231,-0.029411751236857242,51.54437089528991
2019-09-26,0.010513300896217936,0.05080385544456334,0.02061211236654059,52.55956678001858
2019-09-27,-0.014075859246543643,0.04610396164990638,-0.04334914107017662,51.002665677475974
2019-09-30,-0.014897623569192553,-0.054794578904248104,-0.03408401760286561,49.359613831876764
2019-10-01,0.056080677362361664,0.0017932269854381566,0.029484000122314002,55.1320239109311
2019-10-03,0.05608594995349425,0.09461970806596143,-0.01993348359072855,60.2816319376707
2019-10-04,-0.006779708139033391,0.07588737818474112,0.019721586838851612,59.34522559909721
2019-10-07,0.014220705408700463,0.10676593719365202,0.032426140770056344,60.71438285550445
2019-10-09,-0.037577121657927814,0.08128544241684987,0.05470186629427842,55.335804134632745
2019-10-10,0.004079236331390401,0.028042918074939083,0.08706619101283808,55.77659652207597
2019-10-11,-0.005223456470052179,-0.03163849430241583,0.11515937002396215,55.02468982705142
2019-10-14,0.01691954059826206,-0.008532401546145874,0.16979870814889786,57.03457771415029
2019-10-15,-0.0332759560270246,-0.054963519149170637,0.19334281289213684,52.02687375332856
2019-10-16,-0.029080104452521294,-0.046620002574253805,0.09431443605856038,48.17826144321547
2019-10-17,-0.02933988251852082,-0.07835168100185508,-0.008739097335974555,44.690683492121636
2019-10-18,0.00314862659789239,-0.07059504828240704,0.03778501037734294,45.13620970932296
2019-10-22,0.05524162861947235,-0.035570902373954105,0.08102889130241064,52.40310462098489
2019-10-23,-0.01606178221254939,-0.018397594001439588,0.07402606008024493,50.20584579422503
2019-10-24,-0.018137915828501883,-0.007335014349416968,-0.03275766017978832,47.8072128842869
2019-10-25,-0.056650251801733775,-0.0352645097972919,-0.08427973018483603,41.292046084668414
2019-10-29,0.07180159291004129,0.03075955817520981,0.015460729673496543,50.05608593866179
2019-10-30,0.014616307551950536,-0.008923237554776753,0.019583824469765254,51.74855371874092
2019-10-31,-0.022809073484213127,-0.015719480924438978,0.010552456229251161,48.921745948963824
2019-11-01,-0.03378385265427819,-0.03140395542300678,-0.00882169781552089,45.08310478421246
2019-11-04,0.012714607041305559,0.03981727300932292,-0.049522667802578635,46.72026201754937
2019-11-05,-0.0006277607464066914,-0.03045066977325217,-0.1005650062101977,46.64538370367246
2019-11-06,-0.00879399137260195,-0.05282113580436876,-0.10238908979218042,45.54487335860622
2019-11-07,-0.03612165427564895,-0.06572485278678508,-0.14694334810824283,41.27510912082716
2019-11-08,0.04273501754767017,0.008264470325752837,-0.07575758754630268,47.33806454193166
2019-11-11,0.024590186113816248,0.02008786495253556,-0.05687751411914033,50.631496463280726
2019-11-13,0.01292302058293271,0.03391953552706384,-0.039673298097458565,52.35919536589289
2019-11-14,-0.04921017685271245,-0.008238283690797155,-0.10212281442800342,45.71384530817492
2019-11-15,-0.03961660707166881,-0.01183433956110036,-0.10801190547746364,41.38421169550471
2019-11-18,0.048569561469069544,-0.006305134297610704,-0.036674838574888846,47.66884498655762
2019-11-19,-0.022208145709815108,-0.051692317082331685,-0.029596993932097027,45.1683302755533
2019-11-20,-0.016223231828388585,-0.07897930190572644,-0.048336499875238026,43.41644671905664
2019-11-21,-0.01187337117331888,-0.04281150751598961,-0.10886377048456752,42.14886773988154
2019-11-22,-0.0073431014712049825,-0.010645365951745145,-0.10096740855682218,41.35427618159205
2019-11-25,0.008742442195118327,-0.04822336407642025,-0.07635466678536706,42.728426484675516
2019-11-26,-0.01066665649414067,-0.03698894876497627,-0.03133156343328747,41.44138465439142
2019-11-27,-0.014824815685089088,-0.035620050612679144,-0.10962242279971601,39.671898887727416
2019-11-28,-0.04309166343176252,-0.06608810423036693,-0.16026411168957433,35.05580283425648
2019-11-29,-0.006433177559709069,-0.065232029219504,-0.14619170563472716,34.43930224857688
2019-12-02,0.021582748127196405,-0.05333334604899087,-0.09726635584845489,38.33238551905505
2019-12-03,0.025352155999091686,-0.01886790634044322,-0.08600124666124187,42.72742917823657
2019-12-04,-0.08516488249010112,-0.08891930238788426,-0.16331660609357135,33.793498391233896
2019-12-05,0.07432438044102696,0.022873527786552605,-0.09315585159884587,43.882188919049156
2019-12-06,-0.04682040926955411,-0.018704984341216035,-0.10322154443699072,39.495782161570894
2019-12-09,0.07038123269673724,0.0281690547589728,-0.07944510103927038,47.58097914126921
2019-12-10,-0.021232904898424,-0.018543986949334124,-0.12061538696289065,45.46804040015308
2019-12-11,-0.06368088522332693,0.00450453611046342,-0.18712023944990486,39.87081986839966
2019-12-12,-0.0022421324898802553,-0.06708595457697997,-0.1469648110621834,39.6973243861536
2019-12-13,-0.0037453325322946984,-0.024926696776392143,-0.11510309866747648,39.389676191990645
2019-12-16,0.009022547657004942,-0.08082193659894954,-0.14847716488605112,40.57987778979639
2019-12-17,-0.06706405465079657,-0.12386280677497175,-0.18754052032867297,35.02473794655495
2019-12-18,-0.014377020654513073,-0.0777279486515523,-0.1860158128765158,34.02161360574567
2019-12-19,-0.017828222391283455,-0.09213486597483023,-0.19092121121989591,32.78567018583814
2019-12-20,0.017326735984312114,-0.07293234985850117,-0.1708137176463419,35.205381032009
2019-12-23,-0.030008101204259563,-0.10879284872181338,-0.20266666412353518,32.95435113623671
2019-12-24,-0.027591966777048893,-0.0710862868036769,-0.2163072779744677,31.047586897511934
2019-12-26,-0.04385212586959231,-0.09886549853672044,-0.239398086689257,28.320343123192828
2019-12-27,-0.05305756822480645,-0.13118813264036144,-0.24731952071150243,25.52677947560197
2019-12-30,0.045584093835034256,-0.10705593698231464,-0.2079136308605174,31.451052891370537
2019-12-31,0.059945488981986816,-0.024247488371911485,-0.17816899767283323,38.6747736752132
2020-01-02,-0.015424190574036656,-0.012037862592014559,-0.21085168681467348,37.51368865570758
2020-01-03,0.10530896973457637,0.14208632553655964,-0.046546539021318334,48.669656153763725
2020-01-06,0.16377952401137952,0.4036087471771286,0.03284411597292469,61.42055821011395
2020-01-07,-0.011502035139737465,0.32697541807054287,0.07111431737091856,60.106369553787914
2020-01-08,0.07049970642365921,0.34018853822403483,0.07123287223834529,64.99361648688972
2020-01-09,-0.10485935468811713,0.2184508510775689,-0.02029390921113916,53.71088744177367
2020-01-10,0.005714280264718319,0.10866142796586153,0.05231687617921876,54.129208766297396
2020-01-13,0.014204531985003932,-0.03382949993460427,0.0696628707810627,55.21877053056776
2020-01-14,-0.025910356616098973,-0.04791237684562255,0.04586463518265127,52.723725409327514
2020-01-15,0.015097055388253011,-0.09718672790263794,0.0521609392910265,53.994315987928516
2020-01-16,0.0042493215370391635,0.012857164655412756,0.1325878423896334,54.37164206587294
2020-01-17,-0.003526106463947798,0.003551149929388764,0.14505672120900548,53.974363698796445
2020-01-20,0.09058738305762826,0.07913166215485656,0.2714521446302194,61.69126847432234
2020-01-21,0.029201804913755902,0.14018690371358455,0.2862935729775875,63.97791641052744
2020-01-22,0.031525912011215684,0.1586402792455679,0.3678930232584101,66.3792480368437
2020-01-23,-0.030562404341106686,0.11847667950248608,0.3637144884447556,61.933034144217174
2020-01-24,-0.01891546302362268,0.1012031347200284,0.399280627675509,59.363743111968226
2020-01-27,0.10411310037734478,0.11486051105061623,0.6315290352175722,67.26187327256878
2020-01-28,0.0069848038273092605,0.09079442695807649,0.5712987172950783,67.76171170300259
2020-01-29,-0.046242732505257345,0.008557419585904835,0.4138817388285678,61.06773069122467
2020-01-30,0.018181771943063474,0.059268575077651375,0.46214095489278084,62.56133554641944
2020-01-31,0.033928668336807855,0.11632393128568341,0.3677166220554835,65.28633881553608
2020-02-03,-0.09153719225337587,-0.08149013663188442,0.06765899986920854,53.57260218538393
2020-02-04,-0.08871987593289199,-0.16878608389556016,-0.01574261106373198,45.783348203651016
2020-02-05,-0.014603618670078089,-0.14121211658824584,-0.09398978483120068,44.7327069663647
2020-02-06,-0.02752295986047404,-0.17976188340695165,-0.015714304787772027,42.76973649657146
2020-02-07,-0.002177048878993171,-0.20840533473417855,-0.023437494708394513,42.61482403005048
2020-02-10,0.03345454822887084,-0.0994930114950392,-0.00490193950512452,45.8533441223206
2020-02-11,-0.023223076905008022,-0.03477051432690059,-0.0021567026096533937,43.93765764404164
2020-02-12,-0.018732004808222458,-0.03881440986404783,-0.03541076515952124,42.43345486682562
2020-02-13,-0.018355359919280834,-0.029753255105739118,-0.05712273640227239,40.980675832753874
2020-02-14,0.018698579068054055,-0.009454553777521357,-0.036093434164987226,43.079353207720516
2020-02-17,0.05873716574572674,0.014778327767996036,-0.06424398318760671,49.293096460197894
2020-02-18,0.006241342032712538,0.04538905686214356,-0.08511976399867349,49.95498090708496
2020-02-19,-0.03376979761467058,0.02936861788293399,-0.143031788831798,46.40354820206081
2020-02-20,-0.02282458188660985,0.024682118663477803,-0.13619167050251002,44.193882310707856
2020-02-24,0.24087592968454752,0.24816447451109314,0.09254495768315496,63.49770682852954
2020-02-25,-0.005882375380572125,0.17198332379438575,-0.01629806063281336,62.78891790196796
2020-02-26,0.08047341071300207,0.2584424494036679,0.055491389257679824,68.01759819409196
2020-02-27,-0.026834598300997548,0.26747502693007497,0.07696972471294972,64.50096203240535
2020-02-28,0.3078221256299778,0.6963503718738191,0.38333338253082005,78.10807856814128
2020-03-02,0.08433739290553288,0.482352986055262,0.45077717590090916,80.92891907949513
2020-03-03,-0.02619046934247493,0.4520710928667755,0.555133164182047,77.31617467374907
2020-03-04,-0.01263249232785757,0.3269440984952312,0.6849790924482457,75.60887122406281
2020-03-05,-0.04044571030750743,0.3083848846971824,0.6407903934239683,70.32222893756695
2020-03-06,0.10279567267305123,0.10327020835486023,0.8606676260159869,74.92665987737533
2020-03-09,0.20124804876147295,0.22222215494361297,1.2399999445134942,81.57359992539583
2020-03-11,0.024675332717779996,0.2860634999395306,1.2209711035340645,82.3171505401395
2020-03-12,0.3041825267402003,0.69872062010007,1.9654178319918567,88.58378526020087
2020-03-13,0.25048594294247173,1.2137634933635755,2.779001589807308,91.90269144209255
2020-03-16,0.1439673532479253,1.2964119527977322,3.403889421997037,93.39004861261299
2020-03-17,0.06878395318599462,1.0431818787012936,3.620411221287803,94.0349724938837
2020-03-18,0.016367372863530072,1.0266159748669947,3.4355061543738143,94.19022407368173
2020-03-19,0.12883048751903314,0.7541301558770945,3.9758784155309446,95.25435266312994
2020-03-20,-0.07063710096521358,0.3036719814012945,3.7860197063662726,84.89049531271559
2020-03-23,0.07287629658493056,0.2226561915392633,4.2547444427760945,86.41655009525402
2020-03-24,0.1614113500679799,0.3286191038437818,3.9182353300206803,89.20633612570674
2020-03-25,-0.07152258477789342,0.21372730401217166,3.593491065425784,80.09002535921772
2020-03-26,-0.0785778525047226,-0.009279753424721204,2.9173054700272067,72.00637787693408
2020-03-27,-0.015937360675286172,0.04903131133149308,2.9611703757101036,70.57278521787704
2020-03-30,0.02130984533323632,-0.001389060662431607,2.093373498178375,71.38019281295743
2020-03-31,-0.1040477923361357,-0.22963756498125276,1.5559524488917624,62.2133086360767
2020-04-01,-0.0676914171270836,-0.22645882569039244,1.4470251424915288,57.57214677374721
2020-04-03,-0.07910075038050102,-0.22689780258927983,1.2822946876521728,52.93866200520564
2020-04-07,-0.06329114011369452,-0.26410001866432375,1.2279569564327115,49.7607535509038
2020-04-08,0.008494255750711499,-0.27333423115887623,1.0374416116233407,50.16576559447029
2020-04-09,-0.04766465540703013,-0.22760445316871558,0.615259780270955,47.81650142438074
2020-04-13,0.034371840893922645,-0.1430474648080674,0.6305449922458057,49.56333563487174
2020-04-15,-0.03342396884194354,-0.1005424527179305,0.2084548557546737,47.82902602408435
2020-04-16,-0.07318060075421196,-0.11003862638788164,-0.10433267183257855,44.296433677515424
2020-04-17,-0.0761387947442902,-0.18472437243156936,-0.2766644127041078,41.14094871337892
2020-04-20,0.020427305207039392,-0.1264321792065798,-0.3093914051530965,42.23926285071429
2020-04-21,0.040036854926866816,-0.1216478513973015,-0.2933082956545492,44.47102844135864
2020-04-22,-0.052654889998733245,-0.13912347708340256,-0.40692518691489044,42.076251537123404
2020-04-23,-0.08383933157808554,-0.14902384293442728,-0.4153502170739032,38.69165294107825
2020-04-24,-0.002803992139564837,-0.08147455290610695,-0.4565911919331682,38.58922428207138
2020-04-27,-0.027607312010358154,-0.12471233969449769,-0.5450304911154648,37.5384884782711
2020-04-28,-0.07071509928140496,-0.21792040094155507,-0.5446348096764273,34.983411215008104
2020-04-29,-0.04271565450387893,-0.20971507721243088,-0.5269117750581831,33.60084503391823
2020-04-30,0.004432669184472049,-0.1335711935996322,-0.517118880903622,33.880394023548135
2020-05-04,0.28478952669810975,0.11630877712913401,-0.3925441850089454,48.84719635658377
2020-05-05,-0.0013738850723473695,0.14642480443660122,-0.3229312508794947,48.773503433994804
2020-05-06,-0.054116041672133686,0.16690245489538458,-0.31307243090617576,45.84376000374047
2020-05-07,-0.0319999926017992,0.17996454270471274,-0.277938501698644,44.242963080887655
2020-05-08,-0.03806662775223291,0.13003818625126606,-0.2584942005186074,42.40665883604678
2020-05-11,-0.009632880326858273,-0.12892139888894205,-0.2718223642169725,41.950226735592516
2020-05-12,0.004468931778493168,-0.12382484407939054,-0.23195981739753457,42.25774035570341
2020-05-13,0.016487858759757223,-0.05842423872514202,-0.24523900420535916,43.453250320239036
2020-05-14,-0.016992786941792404,-0.04382669638430137,-0.23240854409330503,42.461411539661086
2020-05-15,-0.004190671716427952,-0.010153589981717115,-0.17527111244685267,42.20987948029826
2020-05-18,0.0762755832789439,0.07570970515519626,-0.03921112884854272,48.19945466882752
2020-05-19,-0.03592369188133193,0.03245228233911934,-0.09226871619898147,45.61846264249317
2020-05-20,-0.0922686772941197,-0.0780123266579078,-0.20774334582196552,39.91831430824759
2020-05-21,-0.07874894126442344,-0.135935007470532,-0.22956557885136097,36.1496925283055
2020-05-22,-0.01849046921236508,-0.14834295954083165,-0.1746112300293594,35.3717757914043
2020-05-26,-0.028103821023552356,-0.23093839878914124,-0.1955521428272623,34.189765459131365
2020-05-27,-0.0063552227503845815,-0.20735108103876965,-0.17797056505853714,33.921472626072585
2020-05-28,-0.03997441578833272,-0.16168669906407296,-0.15077788533030312,32.21969964821905
2020-05-29,0.0066621869600635986,-0.08396490524946965,-0.10697401958955266,32.80059053465139
2020-06-01,0.01720716312306081,-0.05064858687148066,-0.0956164091456212,34.37536680373266
2020-06-02,-0.0201691261060869,-0.042897950542636676,-0.310281609751649,33.37121960128685
2020-06-03,-0.0026560398896752213,-0.03933481049665111,-0.31116715214177626,33.23630897940144
2020-06-04,-0.011651144167869054,-0.01099266884323813,-0.2802424112955729,32.61507377459863
2020-06-05,-0.03401819503921055,-0.05095959772236558,-0.28174304818479456,30.82455949894222
2020-06-08,0.03382145408064874,-0.035458690979301766,-0.22806561477953358,34.5412934939569
2020-06-09,0.018886997407999928,0.002987989466521901,-0.20583600532613555,36.65725279902948
2020-06-10,-0.025488201713015024,-0.019973380931542994,-0.22952103534540236,34.98276862408589
2020-06-11,0.007472802627839226,-0.001010464334990302,-0.23635428087309418,35.88393319013518
2020-06-12,0.03910990739648712,0.07461643538623819,-0.19277109878267396,40.561947003063246
2020-06-15,0.057105845349052275,0.09881963744421962,-0.14308255026856898,46.893135373275896
2020-06-16,0.01197051466328336,0.09136055014477162,-0.19428145904159733,48.2095886106843
2020-06-17,0.011525545627804057,0.13281242762004042,-0.15462616402656426,49.52255424604846
2020-06-18,-0.05667164845944561,0.060687769599486296,-0.12147450773522783,43.60183274898162
2020-06-19,-0.047361723282870916,-0.027579506485604366,-0.09154295881965724,39.58392742199061
2020-06-22,0.016349675753907222,-0.06507067610294859,-0.05929592094835401,41.493318032573356
2020-06-23,-0.03676949985384925,-0.11010011931197072,-0.06768348291201642,38.49835874939903
2020-06-24,0.008179951256646278,-0.11304343996718569,-0.05404542722473893,39.505993207976836
2020-06-25,0.005070981031682242,-0.05499045113101053,-0.009660256865597239,40.16581956918618
2020-06-26,-0.03329969008952416,-0.04104102670727261,-0.04897417524368708,37.27596597397845
2020-06-29,0.0059151036063953555,-0.050886384886684954,-0.05953155293857337,38.09955712160858
2020-06-30,0.0072639568637038465,-0.007498272399807271,-0.03320053028343317,39.1622499396644
2020-07-01,-0.034340658350967446,-0.04935764328053893,-0.06391478088476088,35.99340988612839
2020-07-02,-0.05725464304059569,-0.10830808486155385,-0.10710677830833903,31.56498756951872
2020-07-03,-0.027913985844178146,-0.10334026920693118,-0.10146442874643036,29.753032189596766
2020-07-06,-0.022118730488904448,-0.12832926682996015,-0.15008428036571442,28.40065465351212
2020-07-07,-0.003968268985800716,-0.13804946229079507,-0.16914925050856322,28.158834160036776
2020-07-08,0.039840636844701294,-0.07183500702266488,-0.11345109008146981,34.19303346729929
2020-07-09,-0.04559388952739185,-0.06035459704472501,-0.16014834876725215,30.87013792762103
2020-07-10,0.0012043631806213373,-0.03220799025853349,-0.19078517907169423,31.05205318167846
2020-07-13,0.012429809915964318,0.0019840966486825984,-0.2249846967187048,33.013625544377575
2020-07-14,0.05504948077815608,0.06135454122604833,-0.19199276908366725,41.10463094075849
2020-07-15,-0.013138081161409354,0.007279713842169633,-0.21169408940369705,39.801024510337214
2020-07-16,-0.03537467754999235,0.018065064861339186,-0.19389696921929667,36.48951885418951
2020-07-17,-0.047318640932903944,-0.031275087006528035,-0.1938605138156767,32.707983739704616
2020-07-20,0.022764869227408502,-0.021386174872370045,-0.1887721658839816,35.982620563090876
2020-07-21,-0.011331395777866349,-0.0829579254919729,-0.16734832385401432,35.04756758837179
2020-07-22,0.018829270516840912,-0.0532522433292133,-0.1585530948666075,37.90254540629847
2020-07-23,-0.010044194701907982,-0.028391214644104767,-0.17120754224555934,36.9519143761551
2020-07-24,-0.004058379732067241,0.01572852113059664,-0.14613774840080362,36.55695568078187
2020-07-27,0.019559882816981178,0.01254558416741558,-0.1345554967201652,39.87876546552157
2020-07-28,-0.05515591698108935,-0.03233732728852934,-0.18818685754300346,34.315780243582026
2020-07-29,0.01988160883409007,-0.03133783842603377,-0.14260313332875274,37.51291339853601
2020-07-30,0.02571542580627617,0.0036526036857653654,-0.06714449910514353,41.554286812206804
2020-07-31,-0.021835787229047332,-0.01426244370057328,-0.06131159858905055,39.17764499484259
2020-08-03,0.04133939553213639,0.006794567273526786,-0.0003968344674236679,45.40485672851661
2020-08-04,-0.05438669353663239,0.0076142263038549984,-0.05099604251761203,39.446286741762655
2020-08-05,-0.010495382166370137,-0.02239738290572635,-0.09693489079186901,38.4545612992295
2020-08-06,-0.017819265241067028,-0.06389001022857166,-0.07065436530159908,36.78151122083963
2020-08-07,-0.024622017460768086,-0.06655645203830451,-0.0946271274986058,34.582500205260956
2020-08-10,-0.003100075069119912,-0.1063914350280517,-0.10851484242052123,34.31120630452473
2020-08-11,-0.05108838768712021,-0.10327452208184473,-0.19819815691694576,30.129430058917322
2020-08-12,-0.023876414527566725,-0.11540090575189033,-0.2069227974368253,28.47212648622238
2020-08-13,-0.013429289281661427,-0.11144708277407112,-0.18888015773832967,27.575307242075326
2020-08-14,0.053475955167199496,-0.04030114483998404,-0.10306290508461569,36.09178687509483
2020-08-17,-0.01661285690281966,-0.05330967351123239,-0.13759610459341443,34.65550154788666
2020-08-18,-0.041295128241228496,-0.04353933888583683,-0.16373311297718462,31.369254276408228
2020-08-19,-0.023005443645737644,-0.04268591274406175,-0.19807153178260561,29.74680974793411
2020-08-20,0.03306622169507878,0.0024307800267864277,-0.1631492958601246,34.84312948416681
2020-08-21,-0.03297770501938846,-0.07983385030666768,-0.18744907130623378,32.247540544954816
2020-08-24,-0.03560686924800249,-0.09760675625686,-0.23141490046338964,29.75515349500455
2020-08-25,0.00468019525378649,-0.05433189396822247,-0.18274110856009063,30.4885589808449
2020-08-26,-0.0010352203974945962,-0.0330661261365256,-0.19950233312005194,30.412567633027308
2020-08-27,-0.02072536965505034,-0.08341421681373062,-0.2357460586988287,28.863126954670008
2020-08-28,-0.02910048932071463,-0.07973922316963644,-0.2414220762155681,26.83840339920809
2020-08-31,0.24468663094155985,0.18772754530870572,-0.09329100165331305,54.74702576827766
2020-09-01,-0.04553419039314266,0.12836436756780656,-0.08480270712188931,49.99025059938668
2020-09-02,-0.03165131425949652,0.0937824582819351,-0.10436992432430348,47.06825612314269
2020-09-03,-0.028896285775209196,0.08465610654833156,-0.11447082774070982,44.58701374869347
2020-09-04,0.08048778626976971,0.2070844227827855,-0.019043414819693183,51.963517055718434
2020-09-07,-0.006320514314199666,-0.03633975123297051,-0.022212349840781687,51.33904394202575
2020-09-08,0.03225802258470578,0.04220183983905468,0.06367034944483296,54.33616262902334
2020-09-09,-0.021566891986222303,0.05305537183810238,0.0661870088977583,51.957701770745366
2020-09-10,-0.04363469785554963,0.03707318189667519,0.033544022571436294,47.5229373570396
2020-09-11,-0.02587023229012031,-0.06501131191230103,-0.044300922401541154,45.16877823472054
2020-09-14,0.023177280096783992,-0.03725577856869833,-0.005631109098643949,47.60805295918763
2020-09-15,-0.027843328821045232,-0.0933098149628313,0.008321100036933204,44.96042211984579
2020-09-16,-0.045631093041297865,-0.11560952531471258,-0.01503002258621966,41.04401766164332
2020-09-17,0.02238049529362196,-0.054562551031219986,-0.025218255897171193,43.52390309513822
2020-09-18,-0.002487619077623293,-0.03186865652287474,0.005516484456209003,43.30100153753206
2020-09-21,0.10673323583182381,0.04719207054255392,0.1539262122872136,54.128880318894886
2020-09-22,-0.03515099900283236,0.03932036169625519,0.10817806343691583,50.35428769953653
2020-09-23,-0.019617005104496155,0.06765004750908621,0.08756479797224115,48.39724305399362
2020-09-24,0.12005719319878927,0.16965173048234394,0.2439153811321637,58.75511060681151
2020-09-25,-0.12037430438768892,0.03142150085226625,0.12697547004189413,47.27811769737141
2020-09-28,-0.053675077077912414,-0.11807123822336885,-0.14316989649376877,43.67455232999591
2020-09-29,0.010219763211971156,-0.07659969179526493,-0.09311921331840356,44.495459142024416
2020-09-30,-0.012139593604506782,-0.0695568890134809,-0.07484603875052842,43.67290378561709
2020-10-01,-0.060419880373207446,-0.21948106325720473,-0.10487803017220843,39.77921181581065
2020-10-05,0.07356950154796671,-0.047388758596442315,-0.11060943105124033,45.739531041356926
2020-10-06,-0.0030457548714357685,0.00357688788532462,-0.10767836504260686,45.523868742500724
2020-10-07,0.021384933266103356,0.014668639426602903,-0.1170774616110396,47.39366144506468
2020-10-08,0.015952128780836183,0.043522705798076045,-0.0832208915683863,48.83460965823016
2020-10-09,0.0,0.11062663417417773,-0.04139233577804724,48.83460965823016
2020-10-12,0.03680078659884445,0.07258874834752937,0.02028006252346204,52.380126864015686
2020-10-13,-0.019403684983262393,0.05498981452490659,-0.02218033076250847,50.32701963172749
2020-10-14,-0.024613911476007,0.007477548480743446,-0.018932101445390592,47.816331883069246
2020-10-15,0.09153886517941912,0.08243377695568999,0.12207526129997359,56.3274426933832
2020-10-16,-0.01858566896364111,0.06231602110212764,0.07711438843998741,54.216952659423846
2020-10-19,0.007852197657705284,0.032655019472920044,0.08827932793593285,54.970329294280404
2020-10-20,0.03987171637952702,0.09507728214225475,0.02253267183263885,58.714536336654355
2020-10-21,0.010136603650189313,0.13409208879694523,0.07052780194505015,59.66928485097473
2020-10-22,-0.012216434804252385,0.026291928275043563,0.078608844045851,57.91343271334452
2020-10-23,-0.0357773625344151,0.008314102002187074,-0.07145896592174095,53.05010356440299
2020-10-26,0.045808520544888376,0.04628782048614832,0.1039651637718868,57.765533724474345
2020-10-27,-0.027595232714496154,-0.02159540588739417,0.1343894281618616,54.080416080210114
2020-10-28,0.048648643540093905,0.01570683286008845,0.17754173736012535,58.91873819262967
2020-10-29,0.031786930811503966,0.06095411242573623,0.2299026939711475,61.882313147164425
2020-10-30,0.03039132091275132,0.13376088348598691,0.34877381392281315,64.59565428902735
2020-11-02,0.01858582159485489,0.10424875903285824,0.2796953354387104,66.22707367121802
2020-11-03,-0.038476769082944284,0.09189184405724315,0.2342159126488681,59.95339895192979
2020-11-04,-0.042904249917438686,-0.0034364227382496226,0.15653047759687766,54.04232198630144
2020-11-05,-0.09612074897632128,-0.12697756395851234,0.028949959611563214,44.020161749439765
2020-11-06,-0.02241293890053564,-0.1717171717171717,0.005888167035080771,42.24208914124628
2020-11-09,-0.0190243604706557,-0.20230062115560676,-0.04827253151571054,40.77047152144998
2020-11-10,0.07309792485027655,-0.10973596833864208,0.04150582233838551,48.10856380371597
2020-11-11,0.02085267676229785,-0.050431036112849936,0.09005451185651747,50.144836059544645
2020-11-12,-0.06400362249043623,-0.016690438034406507,-0.06527645791343495,44.28140236421541
2020-11-13,-0.04461687870271436,-0.03902435302734375,-0.09006923279212509,40.91932469913391
2020-11-17,0.005076064479612397,-0.015415284131390816,-0.09257564097229676,41.43977504896535
2020-11-18,-0.0343433547489419,-0.11399439727385241,-0.15733801722329888,38.928465007946635
2020-11-19,0.023535503966476856,-0.11166595166347548,-0.14616057462122856,41.456872490120524
2020-11-20,0.002554989534435448,-0.04849660326382299,-0.13339216571692403,41.74546905619466
2020-11-23,0.06014262728610831,0.05583748383352671,-0.047182807615449684,48.23134022494691
2020-11-24,0.01250001146243207,0.06363637764810814,-0.07752958667011423,49.563811523653364
2020-11-25,0.09829058629235776,0.20972793648130295,0.041891818282262516,58.68204991683928
2020-11-26,-0.1344573634173818,0.022994418495492663,-0.14003436996253715,45.401560652552206
2020-11-27,-0.009990047870448104,0.010193621153720356,-0.17485431652362615,44.70094214869256
2020-12-01,0.01816350231557129,-0.02980764204933617,-0.18464645231613008,46.30708465168316
2020-12-02,-0.013379606227975183,-0.05460587121049165,-0.2102340114849478,45.24565988721402
2020-12-03,-0.04570566822633049,-0.17855595808978486,-0.21617160976055771,41.7705135802833
2020-12-04,-0.05105259543971008,-0.09940058569511423,-0.22284482354641544,38.386089121906274
2020-12-07,-0.0005546438436490053,-0.09081731911078672,-0.14067710787725896,38.35158892544401
2020-12-08,0.03329635772629658,-0.07730423401144715,-0.09170727613495622,41.73519847555618
2020-12-09,0.016111666140660397,-0.04972374579133132,-0.05917456479066763,43.407709291620534
2020-12-10,-0.011099418127614724,-0.01526320608038656,-0.1329935518711769,42.488281331458886
2020-12-11,0.004275886422735242,0.04215198002985954,-0.14707215933416828,42.98374610562697
2020-12-14,0.03246400602880506,0.07658152750889924,-0.05916591518181913,46.75064899162914
2020-12-15,-0.0025772803115311493,0.039205129394955573,-0.01776651613781477,46.479587912892804
2020-12-16,-0.007751918117475554,0.014799190566406883,-0.03030295440608144,45.62492831563983
2020-12-17,-0.0020833809342630794,0.02405135141417003,0.002091998243882731,45.38526023654035
2020-12-18,-0.028183664534404795,-0.00904736923953331,-0.04854363159965058,42.16515947703183
2020-12-21,0.24543498865988078,0.1953608757758556,0.1819571632069159,64.87705708050055
2020-12-22,-0.05174647413988165,0.13643407429472698,0.057211566235893185,58.39262544358653
2020-12-23,-0.06775806214764679,0.06770829090641772,-0.026590668572807785,51.50849629760397
2020-12-24,-0.02585369203148835,0.042275546575841094,-0.13661910774178254,49.28282259713208
2020-12-28,0.023034602285322947,0.09720727091099857,0.020479512389477206,51.25165835234693
2020-12-29,0.01762117498649074,-0.10349286603100993,0.04894052652061487,52.796065365275226
2020-12-30,0.015392000035229447,-0.04001815233860995,0.04608524732961716,54.18549304480508
2020-12-31,-0.0004737199712314677,0.029268311291206217,0.05976898760309601,54.13186946153756
2021-01-04,-0.050710885093817604,0.0030045756311516403,0.054210562455026645,48.59089558527951
2021-01-05,0.02146771757795496,0.0014683690087500256,0.13477528038182518,50.77169550222798
2021-01-06,0.026393007805027624,0.010100965619285418,0.16537177949695536,53.442707519756155
2021-01-07,-0.018095198131742984,-0.023211736473275235,0.10741138076567025,51.33202839746501
2021-01-08,0.0009698617653299824,-0.0218009944789036,0.09090905425045914,51.44072263996693
2021-01-11,0.08430231698508783,0.11732393377739103,0.1961518041622814,59.8440063844873
2021-01-12,0.021000948986944712,0.11681336285155908,0.2160723399745741,61.76856815481976
2021-01-13,0.019256040556324683,0.10904766264415922,0.20051553471585937,63.53073640920839
2021-01-14,-0.011163598912033335,0.116876806465819,0.19018089057506615,61.720394064582855
2021-01-15,0.04255317034378581,0.16327523928724297,0.25052079556303064,65.68907408184953
2021-01-18,0.016243206411106215,0.09025918380304732,0.27348642029482684,67.14873976732775
2021-01-19,-0.06147541079717245,0.0021881503818748094,0.2298602892798307,57.089026290156546
2021-01-20,-0.058951982705595096,-0.07471024517250002,-0.07072019229100535,49.850581167711496
2021-01-21,0.029234389346603384,-0.03690839583702743,0.008640315417700162,52.854739174671266
2021-01-25,0.048241644729577926,-0.03165348694864356,0.13414634146341453,57.51025727535566
2021-01-27,0.049032231812836224,-0.0004098454523844275,0.22133200942767073,61.83446885940443
2021-01-28,-0.0040999785413499135,0.06069874760488214,0.1889378635679051,61.24566368578539
2021-01-29,0.04322763266712504,0.1758701183158049,0.21885517252008913,65.01294979768517
2021-02-01,-0.07971588183109679,0.05139762732024922,0.10468967411535557,54.114408290457675
2021-02-02,0.0012864788609823208,0.004301091676117252,0.1066350691621778,54.23710880269732
2021-02-03,0.01713060436811409,-0.02624023803461306,0.18572137722564874,55.92923854614641
2021-02-04,-0.02652628045333061,-0.048167971683608535,0.13000986675407278,52.628534690914385
2021-02-05,0.012975745076594603,-0.07576953688762555,0.11523809887114034,54.0200905000465
2021-02-08,0.02305717363021298,0.027444228045615304,0.16197856980123349,56.49727183348539
2021-02-09,0.012938288194339398,0.03940043088924505,0.1758721499737923,57.89954247363239
2021-02-10,-0.013184989237272737,0.00842108475534542,0.07015199557849638,55.89658711779864
2021-02-11,-0.03757835061415027,-0.003027750849128985,0.008752685000084748,50.59526296912455
2021-02-12,-0.0438177160504758,-0.05892396055811533,-0.0536711013680824,45.392379413580755
2021-02-16,-0.011796743107150398,-0.09098491156620714,-0.0542770283426367,44.13418677784985
2021-02-18,-0.011019272890350318,-0.11248452784280993,-0.10287377300327183,42.95071907576958
2021-02-19,0.032961887386032895,-0.07098124045031584,-0.08811473984194185,47.44087147633178
2021-02-22,0.14471907026312314,0.10498916079801801,0.1122270627788402,62.03497131708609
2021-02-23,-0.009422841679949445,0.14473677378396155,0.17076568145984483,60.68248693041856
2021-02-24,-0.04201345561532366,0.10973366915979366,0.08972045733713485,54.98100382758774
2021-02-25,-0.05295824090215606,0.06267402120433219,-0.015483897219421894,48.994650158323545
2021-02-26,0.2293578042808604,0.2647190736920648,0.15375154136295577,65.55860979566486
2021-03-01,-0.08919688284730976,0.006281894453299852,0.05516666096058764,56.16720821175956
2021-03-02,-0.0788138359952496,-0.06420923350287056,-0.06827148902205715,49.96395556272568
2021-03-03,-0.06437951793602414,-0.08605709214482493,-0.05274440644651135,45.85960640487198
2021-03-04,0.09325484163480424,0.055045883026613174,0.03426120873622862,51.65576488493733
2021-03-05,0.05838508777160456,-0.09168443424540851,0.07621050382915295,55.191772931023394
2021-03-08,-0.03442876287768171,-0.03706589491602641,0.06747402289428761,52.60565197024137
2021-03-09,-0.08833064336383334,-0.04701400176435788,-0.039282667519082604,46.760298911737515
2021-03-10,-0.07777777777777772,-0.06066093903720082,-0.13397325572324015,42.66215412228021
2021-03-12,0.046265016119164226,-0.1010352203974948,-0.10548007107565183,45.48473009117193
2021-03-15,-0.022109606747041766,-0.1694053213684764,-0.11356998472050539,44.310203907240506
2021-03-16,-0.04898723648625947,-0.1819286756725259,-0.12407803894433667,41.79213054805619
2021-03-17,-0.0014859180709233533,-0.10400000678168397,-0.08529950045468282,41.71847998704606
2021-03-18,-0.003968250213867375,-0.03228916030332285,-0.07805329244006032,41.50841158916527
2021-03-19,-0.004482079329175437,-0.07922613477145024,-0.07195919584626598,41.25672195975764
2021-03-22,0.025012506539515256,-0.03485632534498928,-0.07910113388232975,43.313193209765295
2021-03-23,0.008784788052047743,0.023774122314986545,-0.18845698337116945,44.072259420783375
2021-03-24,0.08659888735228538,0.11408726460659135,-0.10978995275551029,51.086640982593885
2021-03-25,0.010685738568561032,0.13047812993964603,-0.06081916875111115,51.95668504922838
2021-03-26,-0.09030841742331808,0.03301650099894893,-0.09785931982729368,44.65087692231674
2021-03-30,-0.007748176773259452,0.0,-0.27185500300132914,44.129317035641705
2021-03-31,0.007808679804752527,-0.0009676080159577438,-0.19430353902857367,44.82340382501446
2021-04-01,-0.03196125228108293,-0.10997325975236061,-0.15332489392847548,42.479099186709846
2021-04-05,0.06153074318757357,-0.06519829955253786,-0.039384374523486754,47.943356862433404
2021-04-06,-0.017907595337547932,0.009200994555327524,-0.1370600214586598,46.474489794659924
2021-04-07,-0.028310947613626847,-0.011713019707128458,-0.20774646231967775,44.20971045003485
2021-04-08,0.0029629365897472226,-0.01646489873456436,-0.1770664823823742,44.50587848897551
2021-04-09,-0.025603080457339167,-0.010004945366721918,-0.12044440375434029,42.40483803418965
2021-04-12,0.162203079129424,0.08388316419620678,0.10843373493975905,56.162635994530724
2021-04-13,-0.1104348224142323,-0.0182342161868001,-0.05757715581360945,46.6640492501536
2021-04-15,0.021016633646973926,0.0316049081307872,-0.016015080542581717,48.25942267800363
2021-04-16,-0.023456188867146288,0.004431322252805403,0.01040114308657003,46.55066682024053
2021-04-19,0.10245098978773703,0.13643247754841625,0.11557539391574712,54.02769914788994
2021-04-20,-0.00266782865953763,-0.024782595427139897,0.11703189195211938,53.79504276367697
2021-04-22,0.02674990518530107,0.12561103211990154,0.15207608555951957,55.84284679413871
2021-04-23,-0.014763358334811016,0.08616568678796255,0.10736948694555282,54.37226391385424
2021-04-26,0.035698521237431224,0.1519608058548123,0.13691339686794346,57.259933217657164
2021-04-27,-0.017872343672082902,0.026233888776894032,0.027604668945067967,55.30543330745791
2021-04-28,-0.021663778234524034,0.006687455037424073,-0.005286380405295721,52.98666824354738
2021-04-29,0.032329474964697846,0.012158001343840041,0.1288135543123765,55.894184001985685
2021-04-30,-0.012011959919002724,0.01498458107471401,0.12396295480235286,54.50189033931274
2021-05-03,0.0286582643392983,0.008085129108834854,0.147215543423032,57.20772925921041
2021-05-04,-0.02870410678962143,-0.003032915730312169,0.15107556239830555,53.66644056004197
2021-05-06,-0.042155554267964135,-0.023914925155149258,0.03864286657430749,49.00623606809815
2021-05-07,-0.05535395508280694,-0.10682109944945462,-0.0009597148568728509,43.84880463444567
2021-05-10,-0.02833814415158531,-0.12158059317960968,-0.0009876769266010665,41.57034028929516
2021-05-12,-0.007414711909266569,-0.1523849948910595,-0.01132444846303493,40.98722330631448
2021-05-14,0.009462178026868884,-0.1190786503200012,0.024254649824685837,42.09521352272247
2021-05-17,-0.03256042587603025,-0.11025409275114106,-0.14739127781080175,39.33262321081054
2021-05-18,-0.018867966737241337,-0.0758885661318639,-0.059628512607332596,37.83361117048425
2021-05-19,0.004158000242086457,-0.04498269243715036,-0.0751555644181684,38.38042870067174
2021-05-21,-0.012422348597783017,-0.049800797001967156,-0.06470586860331151,37.31987442219822
2021-05-24,0.00262050509750944,-0.05624081259260327,-0.1493997618740086,37.70606889197416
2021-05-26,0.09095670438059078,0.06425294184930941,-0.06954968545329931,49.39206598671286
2021-05-27,-0.04599908736067648,0.03482328920292943,-0.13547549918409707,44.43882661082065
2021-05-28,-0.12606731532487103,-0.09937888750631341,-0.23314238832154588,34.65366399894533
2021-06-01,-0.0005747258104067399,-0.0885744518247017,-0.2600000259724069,34.620955141664695
2021-06-02,-0.010350794220437276,-0.10036592579845172,-0.2543327928352447,33.998899749166085
2021-06-03,-0.08483434992102401,-0.24532825267588576,-0.3024800685023672,29.386729823564806
2021-06-04,0.01206346542116199,-0.19939730273502876,-0.3161733185076727,30.70417409587131
2021-06-07,-0.023212038600955998,-0.10517241171414626,-0.32392534821534524,29.548039924754164
2021-06-08,-0.021836875995631222,-0.12420931128369506,-0.35711273959909284,28.486557064433654
2021-06-09,-0.031516714160442216,-0.14294010548159397,-0.35897436535067906,27.011272663449788
2021-06-10,0.016949152542372836,-0.04761904761904767,-0.3194192660204297,29.07161657254342
2021-06-11,-0.05999997456868478,-0.11543282605715899,-0.322766542356149,26.203896224875365
2021-06-14,0.043971621899662194,-0.05459212873831776,-0.27236774097318717,31.236141719439672
2021-06-15,-0.0074728674154953545,-0.04070912043297692,-0.2724103728990074,30.83439532125452
2021-06-16,0.017796046200658777,0.008135585461632733,-0.26640357426022254,33.02698700976528
2021-06-17,0.02824479351219278,0.01933333079020172,-0.2202957936787685,36.52736111436773
2021-06-18,-0.032047074711619605,0.04964537520049128,-0.23076921170489506,34.27653118869871
2021-06-21,0.017567582806154336,0.023097836033974417,-0.22049686037773397,36.5120494749351
2021-06-22,-0.021248382442387692,0.008898023100329278,-0.22746332127578417,34.93696192794175
2021-06-23,0.042740849675951376,0.03362474807317062,-0.19654989232403308,40.38912039553285
2021-06-24,-0.017566656219889287,-0.01242639508550214,-0.27647341762040945,38.885197862528834
2021-06-25,-0.11456956637124671,-0.09662164099639636,-0.3284781522840189,30.93643877504465
2021-06-28,0.0022438095159291738,-0.11022581373398643,-0.2298850625111606,31.199081335354663
2021-06-29,-0.029850718650553554,-0.11804611927657915,-0.2524439070573876,29.583627924000453
2021-06-30,0.0038461685180664062,-0.15094337749501086,-0.24171987885176938,30.071051349617505
2021-07-01,-0.016091956710932998,-0.1496688855488536,-0.1847618950737847,29.15814742328311
2021-07-02,-0.05841121425912432,-0.09573670485619956,-0.24153071073687138,26.109535263666174
2021-07-06,0.01571543242227591,-0.08358208339127726,-0.21130379103004682,28.15877166193654
2021-07-07,-0.005700301005404196,-0.06076922783484828,-0.19829281647147756,27.852298190651297
2021-07-08,0.1105651414620803,0.03908047673776438,-0.08067793765310516,41.154283512639104
2021-07-09,-0.045722774339775674,0.007788117336996692,-0.13733336130777996,37.71512216644438
2021-07-12,0.0038640025004841316,0.07444165485288479,-0.07872344541283349,38.16391258393864
2021-07-13,-0.028483440498723978,0.027687309444723196,-0.14266306680533813,36.09148067652105
2021-07-14,-0.0023771579432040335,0.03112204039751898,-0.13826143405596525,35.92115576887794
2021-07-15,-0.025416973069570803,-0.09513273760573315,-0.17484865150001683,34.07395997965335
2021-07-16,-0.045639804297021636,-0.09505406353343127,-0.2341399563530272,31.06347706775378
2021-07-19,0.08283520613739492,-0.023864470469940557,-0.14324323366470304,40.817331801062075
2021-07-20,0.04179808519049133,0.046751201104448636,-0.122841987378697,45.365943235400856
2021-07-22,-0.09992427638246859,-0.055599666463963526,-0.19335138887720704,37.61242968916095
2021-07-23,-0.010933566920704463,-0.041564809279134196,-0.23487310888460244,36.94277228490123
2021-07-26,0.05867343256411717,0.06319383165734505,-0.17549672220251022,42.76723402494678
2021-07-27,0.06265058192135275,0.043375333109104686,-0.010471229956700912,48.552406358645584
2021-07-28,0.03476946742729936,0.03633607425058427,0.021641788814083407,51.65598247525572
2021-07-29,-0.05405403899197525,0.08915049918713103,-0.0038461685180664062,46.76825582655256
2021-07-30,-0.011582982296490463,0.08843536918467487,-0.019157087842611165,45.82179715534421
2021-08-02,0.000781267869751634,0.028915712117814962,-0.0023364277737289996,45.90040194107163
2021-08-03,0.07338013658015385,0.03930464669356848,0.13730354230448727,52.82839507857293
2021-08-04,-0.03927272449840202,-0.03506205675302798,0.07573292552106303,48.95029115875004
2021-08-05,-0.025738088690844818,-0.006177600377168968,0.05405404138821557,46.62926181122148
2021-08-06,-0.020202038165794578,-0.01484379150206161,-0.07005905114612876,44.8768855416914
2021-08-09,0.0,-0.015612861544733514,-0.025502313323589765,44.8768855416914
2021-08-10,0.0079302445830578,-0.0756363608620384,-0.02155502216356775,45.7857097625572
2021-08-11,0.0,-0.03785011344103961,0.007131549398100789,45.785709762557204
2021-08-12,-0.026750602011600066,-0.03885003919549601,-0.017474206859607322,42.99079574776015
2021-08-13,0.05012125232780962,0.03013482353583563,0.058679648450943755,49.09333181479201
2021-08-16,0.036181699408017076,0.06740685207074004,0.14944491838592056,53.184490359504565
2021-08-17,-0.0037147244125674828,0.05507472912385536,0.05757094043115729,52.69927502583075
2021-08-18,-0.03728560817966686,0.015735626173475126,-0.022710082503296203,47.98477142294653
2021-08-20,0.0859799088668518,0.1333872746539655,0.17914214070120638,57.14959586312842
2021-08-23,-0.023537864950470166,0.053887592116938166,0.16411558791993097,54.09783776105268
2021-08-24,-0.03652301061546126,-0.02005946931637914,0.05943773353052295,49.76198770002397
2021-08-25,0.023502686086339653,0.006711420851004624,0.020408198571867153,52.313885325506796
2021-08-26,0.0029629601372613834,0.0487993897666239,-0.010956875319792614,52.6481188553581
2021-08-27,-0.00960119016301142,-0.04350931458163898,0.03552123899012449,51.387498275452316
2021-08-30,-0.006711420851004513,-0.027027019495987514,0.04062496065162202,50.48622064911955
2021-08-31,0.09009014943189064,0.10083403485155551,0.13348945996351014,60.447186590755116
2021-09-01,-0.022727332436406567,0.05111108002839271,0.031999969482421786,57.048302457270964
2021-09-02,0.0035236217204674958,0.05169865666449658,0.07797121347440017,57.43879739523354
2021-09-03,0.021067429463259568,0.08426548302004555,0.12975913684100226,59.80032060504008
2021-09-06,0.039202179939454185,0.13438438459939084,0.19825535829227414,63.89892700063278
2021-09-07,-0.013898083581634912,0.026170740274558346,0.18160190517058616,61.41456741935475
2021-09-08,-0.03288589152101573,0.015503895245560395,0.13375293502461583,55.9485511401888
2021-09-09,-0.032616257599282106,-0.021067429463259457,0.09677415724191096,51.23793165130947
2021-09-13,0.0064562521733888545,-0.035075669203567195,0.1341956235060291,52.070126997563385
2021-09-14,-0.032074113886660593,-0.10125743002880006,0.04541956604954622,47.687805190358276
2021-09-15,0.011045627347053388,-0.07852349706364303,0.020059398463904143,49.221908171785834
2021-09-16,0.04952660800052899,0.0,0.07457121635933373,55.581370042658804
2021-09-17,0.05690490655844682,0.09253945485538928,0.1797056330166633,61.79509937989354
2021-09-20,0.14839135238411072,0.24661440513186905,0.247503509276489,73.00405561339366
2021-09-21,-0.05546022447388965,0.21649488590389288,0.2067203041726562,64.28616801641071
2021-09-22,-0.001816022143716678,0.2010196883395008,0.25018955994833814,64.03148364583741
2021-09-23,0.006670746626948221,0.15197783187006197,0.22962965788664635,64.58548978628143
2021-09-24,0.0192770896066623,0.11096523866404939,0.24963073293674842,66.21570903064013
2021-09-27,0.06678482007513731,0.032018266053218,0.3460103983926499,71.24879222442276
2021-09-28,0.027146908541731074,0.12227605337712699,0.3918919925149451,73.11891542327687
2021-09-29,0.01618118782342104,0.1425106376038705,0.29752063075964763,74.22434504959264
2021-09-30,-0.02335459291369346,0.10843368648773377,0.29668781977745873,69.69726880234262
2021-10-01,-0.06467394340917243,0.01713942120987455,0.20856737086318655,59.18365842354775
2021-10-04,-0.027309665215411782,-0.07257615076529589,0.15130672730653583,55.615325611891045
2021-10-05,-0.020310642606728102,-0.11542616997417776,0.08537392396848698,53.120214239080745
2021-10-06,0.05670733700048247,-0.08014863145711915,0.1630872729791033,58.59243719074428
2021-10-07,-0.06751298796565364,-0.12173912051945412,0.12144344334009705,50.59146273979569
2021-10-08,-0.03155942040206827,-0.09064494764266784,0.12266858605600839,47.54381668713961
2021-10-11,0.02811505078483445,-0.03882912947536177,0.14682825793471665,50.32416970976648
2021-10-12,-0.014916082588076418,-0.03353653962522685,0.16715761933113304,48.8046485551306
2021-10-13,0.015772870282847018,-0.07097516143400484,0.17261477918792223,50.48193658863619
2021-10-14,-0.02049688918553494,-0.02413362582493417,0.09437894689470139,48.23545920139403
2021-10-18,0.08941026039843636,0.09776362453286724,0.12803682347669465,57.033499334607384
2021-10-19,0.01164137671933374,0.08017395872872202,-0.0062893431555791635,58.12078883454791
2021-10-20,0.05350980150074758,0.15520498582123987,0.10835344785583767,62.83096123163611
2021-10-21,-0.014745961676145947,0.12049692472619178,0.09399643213603737,60.69661056117533
2021-10-22,-0.027161954190647708,0.11287246211971858,0.057228845407213846,56.917752069266584
2021-10-25,0.0034188818176306146,0.025029120927677617,0.04078017322377869,57.26857812401249
2021-10-26,-0.04883592166635331,-0.03624851502805326,-0.07202212144094544,50.87400360634394
2021-10-27,0.004776114848122681,-0.08083012481727314,-0.09223305865045317,51.41744300095558
2021-10-28,0.06417111875234238,-0.007206267268165201,-0.04936307312333199,58.148317635259744
2021-10-29,-0.02680064468597332,-0.0068375462735840165,-0.052717355079596184,54.53217357994332
2021-11-01,-0.010900776289785696,-0.021010836252663312,0.0017432125648730867,53.123867874797334
2021-11-02,-0.010440853107047676,0.018507430802530367,0.019115872114665144,51.76009423532043
2021-11-03,-0.054513501423747446,-0.041592440054230795,-0.01646344292951074,45.29079707153205
2021-11-04,-0.023558535681197257,-0.12060300758317521,-0.09117137511032192,42.92975007247032
2021-11-08,0.0374603271484375,-0.06253586537598732,0.011138632851200647,47.50550349094311
2021-11-09,-0.02080784268132596,-0.07192574173901745,0.022364242172588478,45.25375870102088
2021-11-10,0.019374966621398926,-0.04396248672206926,0.013673046070115102,47.68842558939483
2021-11-11,0.0024525393523691097,0.013639258037795754,0.03154574056569426,48.00971845389259
2021-11-12,-0.06911315523402706,-0.03365077669658356,-0.05465839090623581,40.451328151812994
2021-11-15,0.01642575529657364,-0.0532435665504748,-0.019023473812720848,42.60423963170637
2021-11-16,-0.01745316438934541,-0.050000011920928955,-0.11525031785442597,40.88503473226093
2021-11-17,-0.014473701959832108,-0.08154506237006842,-0.13808974306212873,39.48683088746912
2021-11-18,-0.008010673513089261,-0.09113154067452944,-0.18842162260475914,38.709219094360996
2021-11-22,0.17900409572965037,0.1511169612603338,-0.02882485761495157,58.30860930882017
2021-11-23,0.028538812039724304,0.16483517431927108,0.026780697500579764,60.84330788803382
2021-11-24,-0.05105438695466713,0.1250000392135826,-0.028960829710706903,54.30154675472245
2021-11-25,-0.025731024809474312,0.11214955650959779,-0.005373143438083039,51.452258851728615
2021-11-26,0.24849936540014594,0.39973080199326927,0.23588825498225408,68.30439442828586
2021-11-29,0.0014423407570154367,0.18892690522023425,0.16303741491744717,68.39002437598543
2021-11-30,0.016322619003034555,0.17480574575530272,0.21457255912999518,69.39903187063975
2021-12-01,-0.0812470149813811,0.13742691982722333,0.12819031445253626,59.11826006077216
2021-12-02,-0.06992290781514743,0.08583435283751895,0.0603751886805004,52.49616516092226
2021-12-03,0.019900531084299677,-0.1129807000153138,0.1438314769300082,53.96610741412921
2021-12-06,0.08834683432863488,-0.03600576105362563,0.27492063007657475,60.001241726838636
2021-12-07,-0.08067733293767865,-0.12801138318633898,0.12974289547659557,52.61786535792965
2021-12-08,-0.06446363411306633,-0.11208227350456523,0.07937502861022949,47.95018644771443
2021-12-09,-0.0387956026945413,-0.08236593469044329,0.017780559474137814,45.50271232796834
2021-12-10,-0.03253017488663057,-0.1295393603342212,-0.01773705863982833,43.57233176058361
2021-12-13,0.031755930625238626,-0.17480080887540217,0.08869904100592718,45.90639251194528
2021-12-14,0.022933076349659354,-0.08179839633921293,0.09566906725043611,47.64413151672105
2021-12-15,0.015929117301598072,-0.0028952601669852696,0.13289470588401375,48.90021632766904
2021-12-16,-0.07665503759924841,-0.04216871968996172,0.061415227263524885,43.41615798446464
2021-12-17,0.02767299022729719,0.01743466350912959,0.09959626716718106,45.60596876063858
2021-12-20,0.16095465949858423,0.144840052065899,0.08276248959504318,56.4539717411065
2021-12-21,-0.0753821006635702,0.034808267022494954,-0.02663704384255594,50.55072954674372
2021-12-22,-0.054732094738458414,-0.03716605198422418,-0.030409382816573904,46.997740313233734
2021-12-23,-0.045235223368586985,-0.004402496635448672,-0.04981992384801737,44.37372356700606
2021-12-24,0.020214762878489,-0.011627939552223632,-0.22355768216784855,45.76509003539871
2021-12-27,0.06006199650866617,-0.09752232688900153,-0.17810845405958953,49.85920608937294
2021-12-28,-0.037383251496717174,-0.06043337046537134,-0.22153993940271433,47.32099159982167
2021-12-29,-0.014563093312173536,-0.020506643796889268,-0.16503860493094225,46.36772708997402
2021-12-30,0.020320192632818923,0.046746669278878716,-0.08402434742634457,47.92121586509276
2021-12-31,-0.021122533971986268,0.00433434653112319,-0.1208672822423058,46.38655164774619
2022-01-03,0.014180114631422436,-0.03913551655666547,-0.1807768513226483,47.57470677289915
2022-01-04,-0.020060784705221324,-0.02184458209967144,-0.12676047460953077,45.999559986954864
2022-01-05,0.06885847675028511,0.06096057789845655,-0.002316208133588127,51.78243137533338
2022-01-06,0.043528730117578185,0.08509353490528637,0.08313247765386023,55.26810713740276
2022-01-07,-0.021134547855463315,0.08508021741893845,0.09589047115432003,53.17080512628627
2022-01-10,0.004545450112051208,0.07477200517871219,0.06698857156275517,53.57026595367224
2022-01-11,0.0045248824844552615,0.1017369295451247,0.04778757696066993,53.992902476900156
2022-01-12,-0.03265765294095224,-0.0029018710614577836,-0.0023228228672280693,50.410188042309244
2022-01-13,-0.02793943735214721,-0.07119014526613665,0.050314538591361924,47.59544667246476
2022-01-14,-0.008383310814437883,-0.059090959828746126,0.013463850140763345,46.77507512097306
2022-01-17,0.012681219721847325,-0.05147057871631988,-0.11597253216778258,48.21688283518277
2022-01-18,0.06022660711462624,0.0011261518865943732,0.013682996498917133,54.588413428435814
2022-01-19,0.00224966291529749,0.03725258313619628,0.07478888883136925,54.8254752455515
2022-01-20,-0.0016834332104723737,0.0652694672330083,0.12381560336498221,54.59528383960877
2022-01-21,0.06183240120920974,0.1407004830222356,0.169659432559635,61.05268040086853
2022-01-24,0.2085760011308786,0.3613595289520044,0.3335279675563576,74.84976693809143
2022-01-25,-0.06438893203096707,0.20134981920416783,0.2961165778923933,65.52341363193187
2022-01-27,-0.013576821500033032,0.18237935216934686,0.2974137925972087,63.83360432040997
2022-01-28,-0.01756046213781648,0.16357502516327727,0.24924569367404859,61.649096107143805
2022-01-31,0.06038647120428875,0.16199054908217025,0.3532676752253159,65.89540373047559
2022-02-01,-0.08974948301729857,-0.12483575957047466,0.21458958149410434,55.471165951522735
2022-02-02,-0.06656656427316343,-0.12687270198428513,0.15694780692190058,49.749202099538735
2022-02-03,0.027345857335841828,-0.09065020764482001,0.11201394988112012,51.80229051891589
2022-02-04,-0.01356994942340517,-0.08695657381964128,0.05116796995087802,50.66579533825363
2022-02-07,0.08148153156667082,-0.06879271874246728,0.16136364153594007,56.722210494597626
2022-02-08,-0.037182006312353355,-0.015014977173866795,0.11312216999309133,53.248059278505224
2022-02-09,-0.05691061086715743,-0.004825745545778526,0.04504500150622537,48.53067544213117
2022-02-10,-0.045797435664234665,-0.07567853729055751,0.030849753776616806,45.25395474029797
2022-02-11,0.054771387399651594,-0.011640175544702092,0.11856284142395568,49.44859002820229
2022-02-14,0.2301926748828329,0.12426609304371117,0.3876811765300743,62.98720224934334
2022-02-15,-0.10313311484314025,0.0472561123350792,0.2289803248520581,54.34773813426642
2022-02-16,-0.0009704248991444508,0.10937504014321564,0.15804270851648305,54.28007511149697
2022-02-17,0.06896552043567983,0.24280075475437113,0.23512910245866037,58.253985389118306
2022-02-18,0.007269415981293381,0.18683081981273686,0.2462056737132421,58.689684769527105
2022-02-21,0.03292735858025142,-0.003481284825920694,0.21228164946788097,60.70479665579693
2022-02-22,0.16419215246795482,0.2935467762199815,0.1677617142577863,69.0729422541995
2022-02-23,-0.07951984036078508,0.19184073500081977,0.14887641452756717,61.164006183057246
2022-02-24,0.3031784168354057,0.4529758841288749,0.5177978170589208,72.8939935298661
2022-02-25,-0.16385240294320957,0.2061344014026798,0.2917873809450535,59.30728498118511
2022-02-28,0.06843679653590096,0.2475982607312306,0.3015944738854872,61.97303067779189
2022-03-02,0.023101149963668854,0.09639908887972815,0.4629629735699514,62.916568706636475
2022-03-03,-0.036606216612426135,0.1475142133998153,0.5099195937480279,60.304169533422225
2022-03-04,-0.007102299858777639,-0.1257035808413447,0.45929015172978405,59.80431947981347
2022-03-07,0.04899860100475517,0.09685864527887333,0.5518518791370666,62.12049044699194
2022-03-08,-0.02523013205056479,0.0007000510317574093,0.398727955263531,60.105823707879985
2022-03-09,-0.03917456569625177,-0.06021211961836337,0.39583327679776303,57.08806105444378
2022-03-10,-0.06880230931529796,-0.09161931596896511,0.3782327941681989,52.314740496148914
2022-03-11,-0.008991381662326492,-0.09334759615397736,0.4313947878007225,51.747697061741874
2022-03-14,0.013017748273774332,-0.12444594708573964,0.3747323279250947,52.542516549940096
2022-03-15,0.04088782027190718,-0.06505773348809163,0.16318538184074582,55.07804748255999
2022-03-16,-0.09764305079313018,-0.1219511670134078,0.1703056829177827,48.18637741995861
2022-03-17,-0.06260365573560367,-0.11610630657594612,0.09810589814443404,44.701485585335504
2022-03-21,0.08889872510492536,-0.02879682569038311,0.11858248901454704,49.895959306050656
2022-03-22,-0.022339607053657007,-0.06269472707237733,0.08570138078447354,48.55199619216008
2022-03-23,0.028250947810439797,-0.07407405821716206,0.08078604420467927,50.33321874781305
2022-03-24,-0.03313130080097848,-0.007877302132948683,-0.10240058356569459,48.16754307452435
2022-03-25,-0.020894274702196958,0.03626712395791798,-0.04523229702282627,46.844013029981774
2022-03-28,-0.03499785250293319,-0.08164094883696293,-0.29299559305839606,44.67590442592559
2022-03-29,-0.05793902423387165,-0.11508103418710491,-0.2034405602326651,41.38080433354757
2022-03-30,-0.032394302883750226,-0.16727270261205818,-0.27861390162754196,39.71909242100165
2022-03-31,-0.00242606224786146,-0.14082744656315394,-0.296613076020275,39.59500903012755
2022-04-01,-0.10359918366218557,-0.21340161907276967,-0.3455255537982721,34.63168998160302
2022-04-04,-0.028214891435332068,-0.20787265086528317,-0.35944204456865403,33.52676603124401
2022-04-05,0.03238413895295822,-0.13192486228136457,-0.369587459283504,35.98024099811026
2022-04-06,0.028664180270752793,-0.0771470211305717,-0.33473241146373234,38.22405772300059
2022-04-07,-0.001051548753013165,-0.07587546237666598,-0.3083363496567987,38.16969012237573
2022-04-08,-0.06894734031275696,-0.040151913123427696,-0.30844407401019747,34.68939574529668
2022-04-11,0.03278687994324314,0.020100536762627685,-0.2792899336159921,37.41047086417376
2022-04-12,-0.006020832380703056,-0.01784748122179658,-0.2928349053114311,37.09480922091696
2022-04-13,-0.020374390693483013,-0.06466874409218326,-0.3344556221403149,35.9946472733791
2022-04-18,0.08712755240544623,0.017894744873046875,-0.1981758093005701,43.547980703497046
2022-04-19,0.022233728117020846,0.11758054612273994,-0.12560814134996734,45.47052194386956
2022-04-20,-0.05563987637834156,0.021893793569134568,-0.241673458981276,41.5703100504448
2022-04-21,-0.043920711916086486,-0.017070455316471778,-0.2584129369429108,38.89221215945649
2022-04-22,0.028011203883169467,0.03147832698837072,-0.2585858431729403,41.37240943982789
2022-04-25,0.15858309465490272,0.09927611484723964,-0.1115754300979449,53.26201167948049
2022-04-26,-0.0973659300347568,-0.02933737533011993,-0.1809645632049578,46.10009736474245
2022-04-27,0.07399687528792853,0.1039100442490577,-0.08845643281780091,50.970570629081294
2022-04-28,-0.05967983567002799,0.08571421549577019,-0.09014085188103083,47.00816930403403
2022-04-29,0.002064030818346163,0.05831060885997208,-0.057738985871738646,47.152054484118004
2022-05-02,0.04428427430344706,-0.04609593281683022,-0.013618618023832796,50.27791763939206
2022-05-04,0.07889538559901044,0.14017710014832385,0.18719472590686514,55.54606110486014
2022-05-05,-0.07266902679275744,-0.01552642820706629,0.1328867162698011,49.889187492329505
2022-05-06,0.04731390050051676,0.09649127555273984,0.14926988983488387,53.001384829895414
2022-05-09,0.03670591466567097,0.1343975592223401,0.1582544772049781,55.423794696782316
2022-05-10,0.012255948343147915,0.09960544783143033,0.17368417037160766,56.264127830297554
2022-05-11,0.022421525430774247,0.042047537092396725,0.28886368280006103,57.84884276332307
2022-05-12,0.06447373990757388,0.19615571033269652,0.3284072167305476,62.186834933409855
2022-05-13,-0.03213847020740357,0.10541175393497237,0.2935022009080912,58.732835946619
2022-05-16,0.04427419862328241,0.11348161244114219,0.37886449827191426,61.78092300363122
2022-05-17,-0.07297190645827611,0.019730966327854205,0.17580142666520704,54.34120880528397
2022-05-18,-0.019349188148034102,-0.021929825295224914,0.1279716095455803,52.662452810028256
2022-05-19,0.1013453052108595,0.011948867025502796,0.31547934470162153,59.57106134675653
2022-05-20,-0.05944621808714823,-0.016602783884568484,0.2941176407732786,54.08006881439677
2022-05-23,0.01298697974486629,-0.04606608383547339,0.27520431237484666,54.997978159933005
2022-05-24,0.09572648750576573,0.12752856850128635,0.2060206544502452,61.229726847379816
2022-05-25,-0.014040511371785525,0.13363235657122674,0.3173527870298707,59.79657612194351
2022-05-26,-0.10126587435748657,-0.07491857461721207,0.10237742069464884,50.70739440284845
2022-05-27,-0.05457745636415168,-0.0701299053022062,0.10835915750301095,46.98220821435221
2022-05-30,-0.06983240372284627,-0.14615385179688967,0.028836223673653683,42.87855055908369
2022-05-31,0.025025025598375716,-0.20124804876147318,0.009861876174517059,44.615120740916915
2022-06-01,0.01806644763200982,-0.17523734908425015,-0.0470749003109554,45.925223148315034
2022-06-02,-0.025419696736146857,-0.10563378921933264,0.00147850063791366,44.308414413137776
2022-06-03,-0.016732291225107332,-0.06983240372284627,-0.059764727424172825,43.25634462013366
2022-06-06,0.011011072359539131,0.011011072359539131,-0.08306853684373205,44.17993487773316
2022-06-07,0.011386115522248108,-0.0024413690516659203,-0.08385645721355006,45.184440676692034
2022-06-08,-0.028879106401110466,-0.04844125709366731,-0.12982452559302227,43.044556897776516
2022-06-09,-0.03528229624777213,-0.058070882032362436,-0.21137210429982534,40.58851638771551
2022-06-10,0.022988534382899495,-0.020020001386121478,-0.1664538052579977,42.797887766515
2022-06-13,0.14249238643506912,0.10742574229379254,-0.08805543363021773,54.38216242899608
2022-06-14,-0.021457372891247828,0.07146348813821501,-0.037379084873575885,52.4154581921331
2022-06-15,0.011877580453692804,0.11643142379921168,-0.006726440522965782,53.39855842026336
2022-06-16,0.03250569901142497,0.19487991476124433,-0.06881102049910559,56.10319549820462
2022-06-17,-0.004809821001967474,0.1624106393037148,-0.014718621081090011,55.572535436713565
2022-06-20,-0.01537787249341016,0.0017880646704562242,-0.04230768321612255,53.82794023983974
2022-06-21,-0.056671149772913876,-0.034262221147190464,-0.17550702445869681,47.946165542856384
2022-06-22,0.00756858335059607,-0.03837473571596073,-0.15743676192570077,48.70660120308604
2022-06-23,-0.01971831414731573,-0.08701362507398591,-0.08098592465653642,46.77491217514503
2022-06-24,-0.015804594682461648,-0.097100218347839,-0.04329610451560362,45.25619610273761
2022-06-27,0.022384477318700524,-0.062472094067949846,0.05155158709929708,47.800447379736795
2022-06-28,0.020942433568028163,0.014664209188331778,0.04736334191329794,50.18530064171659
2022-06-29,0.02097896688042611,0.028169033002863664,0.05035967471701963,52.571868492607855
2022-06-30,-0.002739701688926899,0.045977060843236384,0.07480317325746988,52.21268780165208
2022-07-01,-0.02701465881253573,0.03406329873127434,0.06356358793096972,48.68988948520052
2022-07-04,-0.013176502900965281,-0.001903898862045783,0.03811873867983895,47.06688817138069
2022-07-05,-0.00858361486509518,-0.030769222561168097,0.01762117498649074,46.00523762572681
2022-07-06,-0.025012045929026505,-0.07442918671959298,0.0216734023119296,42.98849595723817
2022-07-07,-0.052787354250620866,-0.1208790920880839,0.0031348680880032287,37.5343763326288
2022-07-08,-0.04166672461562437,-0.13411766501033995,-0.060265592940432766,34.05541048364279
2022-07-11,-0.0016303684738486757,-0.12398657888678677,-0.17881090075708184,33.92841677279519
2022-07-12,0.009798496984426919,-0.10774418373372052,-0.15258109847948864,35.48302104707268
2022-07-13,-0.0016171849342689892,-0.08633448251007447,-0.16388258344392093,35.33380512051819
2022-07-14,-0.009719238700144017,-0.0447916966759484,-0.19807610495904793,34.39905517770099
2022-07-15,-0.04034895119745929,-0.04347822030685733,-0.22671352352906438,30.792496771266002
2022-07-18,-0.025000029802321744,-0.06586831445522046,-0.23427041658843506,28.85528071140429
2022-07-19,0.0023310557041396063,-0.07277620105902582,-0.1863764777892224,29.290803086688726
2022-07-20,-0.022093084375555128,-0.09179269551404379,-0.2103286245401096,27.56449834176918
2022-07-21,0.0023781757582108654,-0.08069790239491847,-0.19252867394595463,28.04524412825512
2022-07-22,-0.012455574390214053,-0.05397731490617852,-0.18978101038061768,27.030955605064747
2022-07-25,0.061861904519156186,0.030303057248691756,-0.15849594894951047,38.734538773681265
2022-07-26,0.02771491870250231,0.05639530641443535,-0.15291377948631946,43.38657079196432
2022-07-27,-0.0022014813076161044,0.07788344171881834,-0.17214614262247563,43.0988630562571
2022-07-28,-0.06177600572141495,0.008896774205226166,-0.2211538411154147,35.91711701625445
2022-07-29,-0.027042973876051923,-0.006006029054705375,-0.2211765064912684,33.451605479441994
2022-08-01,0.05679761796923022,-0.010746636356221972,-0.16595134268889222,42.185297625042395
2022-08-02,0.059462603152501625,0.019812911878918982,-0.10870611492825466,50.003239962699496
2022-08-03,-0.004317318982276719,0.017650392552986727,-0.08978784675493856,49.44930989668207
2022-08-04,0.0439024082627375,0.13227513049527517,0.003124972060324138,54.89733208887316
2022-08-05,-0.017653174898619062,0.14320247422889532,0.028260895029583954,52.34707893020358
2022-08-08,0.020084522158259732,0.1034876780805507,0.050625931156242476,54.87045081140095
2022-08-10,0.015025954766385352,0.05720450224841711,0.05606474168740405,56.75259628255796
2022-08-11,-0.06278711243776303,-0.00487805684911824,-0.008639300402664918,47.67144742947374
2022-08-12,-0.04084967184462607,-0.08566976110706259,-0.039803682451623135,43.13868498009759
2022-08-16,0.003974996729021685,-0.0655390996891082,0.004545450112051208,43.67696742685256
2022-08-17,0.0,-0.0839377718095442,0.030303057248691756,43.67696742685256
2022-08-18,-0.018665153733591677,-0.11434404051407088,0.008720907667252753,41.52756918862934
2022-08-19,0.05417870394179136,-0.0038126194170575722,0.08739603135399987,49.196840138707806
2022-08-22,0.04100601216281441,0.0812038759575735,0.12930013204372748,54.342413024063525
2022-08-23,0.0005251219040147692,0.07748862603151085,0.14414412453554903,54.408707208932505
2022-08-24,-0.0325458769929291,0.042420813747409136,0.042420813747409136,49.59935044647934
2022-08-25,0.061855635961562516,0.12795384810051713,0.07705006123565328,57.10699086341238
2022-08-26,-0.06898315802359323,-0.003827315400155462,0.00496415646740056,47.990343712947634
2022-08-29,0.08781561151305839,0.04096632047222104,0.1651969093551917,56.79396178950548
2022-08-30,-0.056508524174056385,-0.018372624049254216,0.12990946374573786,50.367002868862336
2022-09-01,0.06256684644701771,0.07813350570879884,0.13607782157009574,55.97211319499427
2022-09-02,-0.0161047603752994,-0.001021995813774157,0.05504579129077669,54.17023540180396
2022-09-05,0.005626629905081337,0.07903406083018671,0.06558260349252576,54.709974427358205
2022-09-06,-0.007121026995677515,-0.01513618777395287,0.013499492512567102,53.84088569297145
2022-09-07,-0.007684406506794583,0.03582887962345871,0.023784395408290138,52.871781991413094
2022-09-08,-0.05472386821708408,-0.0785103828587056,-0.05129532695613437,46.501921609932964
2022-09-09,-0.032222838328604175,-0.09360613785789618,-0.09545690784419758,43.36989989581536
2022-09-12,0.012415419256665672,-0.08748724957802578,-0.022875820388434054,44.86121262681741
2022-09-13,-0.02619850650566402,-0.10502054796796045,-0.00795010176858113,42.29847199961824
2022-09-14,0.04636527791227962,-0.05627259191337386,0.03393667257426891,47.8297791243576
2022-09-15,0.006017434292729051,0.004369193120669523,0.04015831856432772,48.55105830665586
2022-09-16,0.07775967116022375,0.11851018413342063,0.14236306968572277,56.89452290614542
2022-09-19,0.006054532849702143,0.1114827168596324,0.09021320590145532,57.51713367684418
2022-09-20,-0.057171578057379824,0.07613050806987554,-0.012605129565465112,50.11201854163277
2022-09-21,0.02819152702946459,0.05743978105141001,0.014698199362695119,53.13306172496522
2022-09-22,-0.02638387123097574,0.02338229034514394,0.021161116830742177,49.9956477767819
2022-09-23,0.09404891001408733,0.03884967051562316,0.05212061694786008,59.03619914005392
2022-09-26,0.06313740784004596,0.09779332012856345,0.20142701507150984,64.16121064938005
2022-09-27,-0.014618533748134599,0.1473404558603999,0.08829465322630625,62.101584348395576
2022-09-28,0.024571195834216075,0.14330059331074207,0.1818181540007502,64.15401257427726
2022-09-29,-0.036199146181009056,0.13177468557124183,0.07196770696675614,58.96329358728597
2022-09-30,-0.0624413132086854,-0.030111745247144994,0.021483380699972354,51.502609987832834
2022-10-03,0.07010523655565137,-0.023755073774051616,0.08697868794980579,57.5862699546149
2022-10-04,-0.08423027953768436,-0.09272137358814636,0.0025614362647548017,49.06428111888903
2022-10-06,-0.012774655283521508,-0.1257918841022494,-0.0025813702758289425,48.00177552643736
2022-10-07,-0.026397527791807596,-0.11690140189234066,0.027307483046628667,45.82179349441868
2022-10-10,0.04306227518813133,-0.017526213628211607,0.10722356656340226,49.7268871748113
2022-10-11,0.044342451308414965,-0.04117927157492818,0.14214042146874983,53.59574100752369
2022-10-12,-0.015129305485856781,0.031170190079915727,0.15512313098659924,52.058420426464565
2022-10-13,0.005450971689200168,0.050207103313929524,0.10995624471448995,52.57821399381027
2022-10-14,-0.10004931468938494,-0.029239726351740658,-0.00706901387064629,43.25720742632754
2022-10-17,0.008762313549100398,-0.06116211578033448,-0.070635703334338,44.098388283205146
2022-10-18,-0.05266011451340091,-0.1483650093770994,-0.12487460904854197,40.206899351304216
2022-10-19,0.0022922066722004253,-0.13330032177292306,-0.069680825484289,40.44030321437705
2022-10-20,-0.014865650788125406,-0.15081326935521655,-0.10863944075314302,39.36464934681725
2022-10-21,0.0029019817607429665,-0.05366919660199487,-0.08182779134700169,39.69684129275898
2022-10-24,0.008101816208643697,-0.05428881627894089,-0.15395823471596815,40.67682415139723
2022-10-25,-0.03099890431471386,-0.03266484683389981,-0.22887164771923285,38.104599719242046
2022-10-27,-0.01658760623327893,-0.050886186466287064,-0.23041258153318644,36.80498450896991
2022-10-28,-0.04096387286441605,-0.07603015094290344,-0.27963801803178034,33.79077658210721
2022-10-31,-0.0075376812175880215,-0.0856481734433282,-0.25821592691684514,33.27291484415116
2022-11-01,0.020886010509370223,-0.0740528650905602,-0.19228844690144642,36.1699723764679
2022-11-02,0.03285807279734043,-0.013033135325375311,-0.2204024710740372,40.62840505292344
2022-11-03,-0.043217303338730195,-0.03975908348912882,-0.18548800056450498,36.8616068692022
2022-11-04,-0.017565855730371283,-0.016331672590190083,-0.18944098888327698,35.48381832690943
2022-11-07,-0.004469967784564655,-0.013291141494423342,-0.17118550796264842,35.13029883629939
2022-11-09,0.021167409908669832,-0.01301916276495807,-0.18858310931061217,38.253484800193476
2022-11-10,-0.02198494847942245,-0.06542618022635849,-0.2401171367131476,36.25952055786566
2022-11-11,-0.07450223957279323,-0.0959849293129279,-0.28592667841951314,30.57176446715826
2022-11-14,0.03469812666859906,-0.047892720773170416,-0.265155289569163,35.284003428786065
2022-11-15,-0.01810861883651993,-0.06093648492411596,-0.1982475268446784,33.94421983730709
2022-11-16,0.03142076689614148,-0.05150751827226785,-0.18023885347845192,38.24649326400406
2022-11-17,-0.014569553739799068,-0.044315966211140756,-0.14727796768678303,37.005129306766015
2022-11-18,-0.03293009189177509,-0.0013878906524033008,-0.17724410911168476,34.332319775758336
2022-11-21,0.028491997055605234,-0.007377575976054707,-0.14103304794319627,38.34510702380024
2022-11-22,-0.06486486660641766,-0.05464482049003094,-0.19907409706969226,33.22548368134366
2022-11-23,0.014450853111279693,-0.07019870151245178,-0.1940298564659939,35.167547604599974
2022-11-24,-0.03988606988164045,-0.09408605923637736,-0.2014217883631615,32.33204891300119
2022-11-25,-0.011127568518105924,-0.07366229286495873,-0.1969879748565495,31.5971596582106
2022-11-28,0.018004484057899228,-0.08310814054452853,-0.14761308858088806,34.17516495888759
2022-11-29,0.0036846125172671496,-0.01589597287595923,-0.13797470119362,34.727100161602365
2022-11-30,0.013950112749932408,-0.01638173382202579,-0.1438312995572184,36.8925435546184
2022-12-01,-0.03258513752832626,-0.008902068963955956,-0.19807924495554363,34.01435476774951
2022-12-02,0.006736538540471404,0.009002242028949503,-0.15621078021749157,35.10481006141778
2022-12-05,0.02081782430794621,0.01179070383274472,-0.12324395427722323,38.50941018796867
2022-12-06,0.022578327017642952,0.03083701026600294,-0.0994227181247056,42.129349699241146
2022-12-07,0.0028490001397230014,0.019551013460204603,-0.1155778984780147,42.598913647235236
2022-12-08,-0.04829547648156518,0.002994009197675007,-0.139370592089048,37.08932112215831
2022-12-09,0.005970143730110955,0.0022304634495626807,-0.06453853678165022,38.103586476082
2022-12-12,-0.01186942528527446,-0.029861606779436722,-0.10663985035947943,36.8248447899946
2022-12-13,-0.033033002287100155,-0.08262107197748236,-0.12021859204973073,33.49576470919453
2022-12-14,0.0007764152789582202,-0.08451701611018747,-0.1463576147229122,33.642594802104526
2022-12-15,0.06516673208226154,0.024626860679138662,-0.07728498409677587,44.68921043163558
2022-12-16,0.024763304000264608,0.04376855879996655,-0.02223770958052962,48.43127410073314
2022-12-19,-0.03695803236446715,0.017267304893408886,-0.084459458370989,43.57556317605558
2022-12-20,0.016974135719466377,0.06987574615944325,-0.004335290386935475,46.14739389982107
2022-12-21,0.12917276641062103,0.20713731615042597,0.10826214116050892,60.97314200157792
2022-12-22,-0.023778973602528564,0.10633649576285187,0.12685460654424352,57.43363006656581
2022-12-23,0.06385782052828293,0.1485430133560497,0.2123030712605769,63.427570768642695
2022-12-27,-0.05383662708996906,0.12841326543359988,0.12675020675828308,55.833529780942676
2022-12-28,0.007194222168193765,0.1175616775726731,0.13069014301963944,56.5419996986968
2022-12-29,-0.03831163724209752,-0.04820051283896276,0.07241129396198498,51.74730220976527
2022-12-30,0.004051280502525234,-0.02106647160395403,0.1130239721321511,52.19129677855822
2023-01-02,-0.012104929829258926,-0.09096536391763743,0.09219329284034483,50.68454352621097
2023-01-03,-0.020422004467662402,-0.05886197650593061,0.048069979831836473,48.187587871983254
2023-01-04,0.05628905118951155,-0.01298700092333005,0.08262107197748247,54.67958649769165
2023-01-05,-0.014473701959832108,0.011478671019782949,0.06392042779879348,52.74645651871298
2023-01-06,0.003337796546247329,0.010759909121955902,0.12164180304802885,53.15183579960148
2023-01-09,-0.025282775861087736,-0.002722938257019747,0.08679526083276423,49.664678448892516
2023-01-10,0.058703114863141614,0.07783181784834237,0.1644144582757452,56.60380272507213
2023-01-11,-0.0045132590242122905,0.015789458824326585,0.19875772074505949,55.92795517072487
2023-01-12,-0.01036268469951196,0.02002671561431013,0.1854149981374127,54.331141807432616
2023-01-13,-0.053664902431563744,-0.037924132065938476,0.05316828261100892,46.93506449792413
2023-01-16,0.038727553121670866,0.02525603063944115,0.06751960082052588,51.764321789739576
2023-01-17,-0.02862851478499917,-0.05931657399854673,0.07675276363200001,48.14141896597746
2023-01-18,-0.015078839254829335,-0.06930050025284107,0.04281568679397041,46.3538964114498
2023-01-19,-0.028531652795914964,-0.08638741609241807,-0.10282778523916902,43.13913155601894
2023-01-20,-0.012177655861705161,-0.04633472161316843,-0.09216587605033666,41.84332764732479
2023-01-23,-0.012327779315751464,-0.09320908984932452,-0.15717821694532919,40.532177269554204
2023-01-24,0.0029368547862793637,-0.06374230948934045,-0.10660563234189668,41.000633245967535
2023-01-25,0.07320644298465706,0.020180930004352948,-0.048051934379774064,51.32410546546846
2023-01-27,0.18144610334915323,0.24068765383207302,0.16948002728500144,67.57618280536084
2023-01-30,0.022517286173219908,0.28426389655282347,0.19098851518295068,69.1999130508954
2023-01-31,-0.04686617541577187,0.23935384013211403,0.14908098318176788,62.07521035336681
2023-02-01,-0.005924080514975172,0.22840416354942228,0.16608758070195329,61.25690340108797
2023-02-02,-0.06257455908478182,0.07298770163446511,0.03486840392248758,53.310161279072936
2023-02-03,-0.08455180943488894,-0.16859123139399002,-0.038718287144851926,45.294708230548736
2023-02-06,0.020138886773291897,-0.1705251078605169,-0.02262143437315134,47.16027017735165
2023-02-07,-0.038121135598274236,-0.1629146435455624,-0.0354948476197654,44.03724938315979
2023-02-08,-0.03750882722424942,-0.1895113334355586,-0.1231463455336006,41.2528875875514
2023-02-09,-0.0411765002874348,-0.1710107856748777,-0.1554403940256256,38.48413234413037
2023-02-10,-0.02223926094335793,-0.11458330987780108,-0.16557590164821512,37.09562809464537
2023-02-13,0.07294120040594354,-0.06875420721973691,-0.05394189010466621,44.06536173595878
2023-02-14,-0.016812901372788902,-0.04812457888664967,-0.10452733692741134,42.80227671172536
2023-02-15,-0.043866182970609735,-0.054411816473236896,-0.1185743987537784,39.661665151947844
2023-02-16,0.0023328683861925104,-0.011503038264499943,-0.10299231412824383,39.90313500953546
2023-02-17,0.015515888591014715,0.026666678634344354,-0.06232090853737304,41.58156260506238
2023-02-20,0.022154313099506995,-0.021929838014795755,-0.029731678647301196,44.02282689882727
2023-02-21,0.04708520994412879,0.041635719521047054,0.028634386681328783,49.008146781375686
2023-02-22,0.11277658086320796,0.21228620286106747,0.14128845730122164,58.89536252693734
2023-02-23,-0.032713292103283,0.1698991095463982,0.02864939158700519,55.17637783936407
2023-02-24,-0.05901859070460991,0.08403356875270473,-0.1807159451265039,49.32311201741966
2023-02-27,-0.021846333693408715,0.037369207453171516,-0.21626195189302477,47.435536513714574
2023-02-28,0.010086479983317576,0.0007137921997475427,-0.16943121120825,48.396019992374974
2023-03-01,-0.07275323997574046,-0.1661321441461281,-0.22526820810286674,42.32758012621889
2023-03-02,-0.0023076717670147406,-0.1399204023443188,-0.17546086176269093,42.160135540428804
2023-03-03,-0.060909787632101864,-0.14164900173684336,-0.1541666230669717,37.90742064701538
2023-03-06,0.007389174904178564,-0.11599421061979553,-0.16473786192963835,38.666458044629906
2023-03-08,0.014669873250703347,-0.1119829241966348,-0.11889598666448797,40.239887434129685
2023-03-09,0.022489938735807735,-0.02076926598182094,-0.06397064814930398,42.70228338128068
2023-03-10,0.053417150795617596,0.03392440796642293,0.028374224435695705,48.27634610748125
2023-03-13,0.2095450781444015,0.3316912074675362,0.2721568088905484,63.90353903134612
2023-03-14,0.0,0.32192328510399637,0.1856724379763144,63.90353903134612
2023-03-15,0.00493217799585155,0.30923690656848746,0.21189587124247877,64.2600707456982
2023-03-16,-0.004907971009235568,0.27415552997773807,0.26127525244004546,63.583732040307815
2023-03-17,-0.08939574087385971,0.10141689976335222,0.14584950072672354,52.747305486200716
2023-03-20,0.0839539426328435,-0.012946923141960665,0.22307104982857173,59.157752799538386
2023-03-21,-0.058088712797022324,-0.07028356583898465,0.12705529108556157,53.31572953419539
2023-03-22,-0.01790447648908222,-0.09141097467391945,0.057102082631351525,51.718875405369886
2023-03-23,-0.02160706545792368,-0.10665842265553971,-0.07055807381035395,49.81456049573678
2023-03-24,0.051759835186120595,0.0318212118339809,0.010610069510715636,54.08200335935962
2023-03-27,0.013779530269085072,-0.03497816437294399,0.0887949447598082,55.22994653312312
2023-03-28,-0.022653684926618456,0.0013262903093407274,0.08789627211598572,52.858125794170654
2023-03-29,-0.09735100860214219,-0.07967591301434418,-0.02781742728879788,44.260835193250294
2023-03-31,-0.050623663115495154,-0.10697033921452248,-0.004615416893592239,40.89826450720447
2023-04-03,-0.02704787010395271,-0.1738844920163567,-0.02929838909926019,39.26859416410261
2023-04-05,-0.014297085225911,-0.19676375400535506,0.018883377378783317,38.42068261628272
2023-04-06,-0.049153881077964034,-0.2185430534680335,-0.03830482880963726,35.61415767501376
2023-04-10,0.039830530460316815,-0.09977987125886623,-0.014457779458559639,39.293675937833896
2023-04-11,-0.023634955558933912,-0.07418856795036588,-0.058915948701459664,37.85612677486218
2023-04-12,0.02420708903242641,-0.025416973069570803,-0.08501114113498198,40.211722575385764
2023-04-13,-0.029339901949537173,-0.04029008913358423,-0.26572131001225197,38.27228673646955
2023-04-17,0.03022675188612922,0.039830530460316815,-0.2435264502347203,41.32015625847009
2023-04-18,-0.015484965523159033,-0.015484965523159033,-0.25889567551387827,40.19219502054864
2023-04-19,0.005794676760456419,0.014190324105989749,-0.2509247760246973,40.83301737092346
2023-04-20,-0.01728395429961116,-0.02689493602843085,-0.19160465739138255,39.46680057994104
2023-04-21,-0.02596310526272494,-0.02350963363211389,-0.27357901635375703,37.47356159769373
2023-04-24,0.0034393775975425367,-0.04889978476651857,-0.22612731198038838,37.90931144319447
2023-04-25,-0.012853437664921308,-0.04635757197675383,-0.22214718896936914,36.87159026440312
2023-04-26,0.011284648923689078,-0.041152264666530325,-0.19599725310200855,38.444263138135675
2023-04-27,-0.01888406185048841,-0.04271350863742229,-0.24999996871147223,36.77460696822284
2023-04-28,-0.041994792921684065,-0.05846950115945637,-0.29126213951804814,33.36936133816289
2023-05-02,0.08675797496008264,0.019708615315568112,-0.2119205749733889,44.352206661753605
2023-05-03,-0.005041972089558033,0.027777750183035854,-0.1313279491433409,43.86048104717524
2023-05-04,-0.0092905919707712,0.00686694646571584,-0.09350850675306832,42.92095384667121
2023-05-05,0.048593407565458824,0.07611547351972736,-0.023034150781437224,49.01547116987784
2023-05-08,0.02764228839963767,0.15433795100413206,0.01853348096201679,52.287966116262915
2023-05-09,0.003164553858114205,0.06554627828986792,0.07457627967937452,52.672838000014316
2023-05-10,0.031545710481332145,0.10472970904879064,0.06601462393832835,56.45556980197553
2023-05-11,0.010703390224721332,0.12702478967943853,0.10350590752702216,57.72904745812145
2023-05-12,-0.027987887903593633,0.04471546196797305,0.04726975566973746,53.29309547565638
2023-05-15,0.024902699247049798,0.0419303574822425,0.10579347145462936,56.41260299474921
2023-05-16,0.009111608569773999,0.04810722728675776,0.08312954083420299,57.557385621588665
2023-05-17,-0.013544041060379652,0.00229355757998273,0.08526487909572711,55.21480404237708
2023-05-18,-0.023646031583570037,-0.03177005051516091,0.05349799116151899,51.33940121772537
2023-05-19,-0.03906249941792339,-0.04280156999279083,0.03015080594667885,45.760532657930035
2023-05-22,0.021951178853861997,-0.04555811526149689,0.08082541454286907,48.984391703782805
2023-05-23,0.0031821768356523616,-0.05116631355362089,0.08054837825517991,49.46362393480817
2023-05-24,0.03965107165845483,0.0,0.13802075831012894,55.13682372568388
2023-05-25,-0.04500375395609357,-0.02187497881241174,0.07467818607046084,48.2532127559125
2023-05-26,-0.04952083199397461,-0.03252037121966045,0.04111979884564532,42.279673312736314
2023-05-29,0.033613494540094324,-0.021479674673383742,0.12328770821780743,46.8511100901919
2023-05-30,-0.023577232305368012,-0.04758124061309543,0.009243749065359186,44.12270957071664
2023-05-31,-0.0033305546287030197,-0.08695647746015067,0.010979739253846432,43.74430525469511
2023-06-01,-0.030910599607774425,-0.07348243152207312,-0.011082622833744393,40.30128559285628
2023-06-02,-0.040517263066612186,-0.06470584275400626,-0.09512195594722539,36.38380142182155
2023-06-05,0.0008984931517530548,-0.09430892922147227,-0.11867088285265714,36.52518088909235
2023-06-06,0.021543964427435336,-0.05245629495708781,-0.10252367188068767,39.97304777917219
2023-06-07,0.005272360750352201,-0.04427741644295424,-0.1253822899761976,40.838237523989626
2023-06-08,-0.015734209624458262,-0.029310357017834354,-0.14826021169116677,39.021159887603545
2023-06-09,-0.012433422777705982,-0.0008984931517530548,-0.13463038479013467,37.619127472546296
2023-06-12,0.011690657893777656,0.00987429562721509,-0.14578588194163733,39.78273375061485
2023-06-13,-0.012444474962022611,-0.023725874784574774,-0.1640331310333445,38.24435191540946
2023-06-14,0.004500467351933102,-0.024475502031601426,-0.1487414081107129,39.14937941467471
2023-06-15,-0.007168452042999318,-0.015985817186227047,-0.13437501885928171,38.185146076145024
2023-06-16,-0.02166062931143864,-0.025179832360862853,-0.1186991882525934,35.37061642836515
2023-06-19,0.035977802966666195,-0.001777818467881942,-0.10660303779797597,42.754585350392404
2023-06-20,-0.0089046689110992,0.0018002212764831604,-0.11736713580738589,41.44699657858692
2023-06-21,0.014375547687956791,0.011648755933546306,-0.13882530453746034,44.37816346096115
2023-06-22,0.023029249757336778,0.04241879695533424,-0.07747605683411218,48.85843396727039
2023-06-23,-0.026839862727047747,0.036900333293332865,-0.05546217382934859,44.27882655484395
2023-06-26,0.014234862159271167,0.015138030563097482,-0.07317077709336373,47.03809693659842
2023-06-27,-0.05438595669348034,-0.031446574831172636,-0.10241469379431989,38.98245866173701
2023-06-28,0.010204138504300797,-0.03542955003381787,-0.09022555552324407,40.9158051960389
2023-06-30,-0.008264476561111844,-0.06493506386273762,-0.06896553141608641,39.80453320177546
2023-07-03,0.06851849611567573,0.026690408971869584,0.03683736237164492,51.47455824715373
2023-07-04,0.013864804847574463,0.026315807085399046,0.050269250330682747,53.57047906117499
2023-07-05,0.015384641718817926,0.10204085424096232,0.043936730665363743,55.879279140323824
2023-07-06,-0.0033670001235441838,0.08723597606198719,0.03496508626543049,55.22211152467223
2023-07-07,-0.026182467535605713,0.06759254901334,0.023978641083577168,50.286260040249225
2023-07-10,-0.006071092493094121,-0.006932402423787232,0.030575553604944794,49.21651933959536
2023-07-11,-0.03926699893256713,-0.0589743240710906,-0.021333312988281228,42.89861151918566
2023-07-12,-0.006357915262790503,-0.07912462331671066,-0.015301537493007333,41.99550370432549
2023-07-13,0.0,-0.07601356086197986,-0.019713285845592954,41.99550370432549
2023-07-14,-0.023765931003665752,-0.0737206806141334,-0.03610104885239784,38.50378515098613
2023-07-17,0.05992503477160782,-0.012216434804252385,0.04428039995199984,49.61014310971417
2023-07-18,0.03445232807745313,0.06357854629547344,0.04274269950816567,54.9495446149333
2023-07-19,-0.00939365126549141,0.060329143181128364,0.042228235597140396,53.236112844544195
2023-07-20,0.016379273632336266,0.07769656435763284,0.04428697977762752,55.79984419084006
2023-07-21,-0.025445308880875706,0.07584264445665223,-0.005194841439468578,51.0416697957452
2023-07-24,0.01392513930368322,0.029151937509056314,0.03647685549475055,53.32753606507661
2023-07-25,-0.12103003378381127,-0.1255337542476581,-0.10175437598494053,36.95328476611491
2023-07-26,0.021484401557245958,-0.09827588843392066,-0.029684573539040304,40.046521403774996
2023-07-27,0.004780132940011006,-0.10856655955154171,-0.03489440793947418,40.75792179963026
2023-07-28,-0.035204555423539396,-0.11749342512511063,-0.06111109590334196,37.23675828169642
2023-07-31,0.026627169126986372,-0.10643775207905082,-0.09792028753693938,41.22699033301175
2023-08-01,-0.012488003491492372,0.003906246362021193,-0.12136752986692001,39.911298745673534
2023-08-02,0.09727626711824566,0.07839385199175242,-0.05050508212877769,52.47541046994916
2023-08-03,-0.007978737120429402,0.06470022233042427,-0.054898696269232605,51.433070590057696
2023-08-04,-0.055406604897999756,0.04240624624678868,-0.0832610633460601,44.82722508239869
2023-08-07,0.050141977478488586,0.066282473023201,-0.0314135825025228,50.66095363399448
2023-08-08,0.020720678768650025,0.10214009902813359,0.0290644585078923,52.984226386861856
2023-08-09,-0.016769601205888884,-0.01241129370235905,0.018281606088731195,50.85390979502976
2023-08-10,0.023339251992335885,0.01876676014493439,0.042047537092396725,53.603015781793424
2023-08-11,0.01052638975867537,0.08987708518143434,0.07865169743308043,54.85811772898098
2023-08-14,0.04166662527455389,0.08108104392795568,0.06007069995652836,59.56941491602108
2023-08-16,0.010833342870076423,0.07060901995780244,0.03586678692790235,60.76377597926961
2023-08-17,0.009068397002427897,0.09874321309646494,0.05517235936222842,61.79228695903084
2023-08-18,-0.008169888044554652,0.06491234645215593,0.029686207175756207,60.246171060290585
2023-08-21,-0.014827042840635962,0.03819440650167438,0.04090515895485258,57.45922874756076
2023-08-22,-0.017558531561636115,-0.02083333333333337,0.008583724012374283,54.30310510894931
2023-08-23,-0.001702166618184786,-0.03297613919462239,0.14550779340061082,53.9988875522106
2023-08-24,-0.002557522092236364,-0.04411764476721858,0.11854682281032147,53.51461025065674
2023-08-25,0.03247864278937862,-0.004942373799000643,0.14938150909928694,58.58163757913197
2023-08-28,0.026490041129573205,0.03678926245651337,0.22287960539328178,62.30762038592209
2023-08-29,-0.01370968399385264,0.040851024871176866,0.17483186565815978,59.25777716596298
2023-08-30,-0.03515939228096132,0.005967659951433335,0.1478599705492747,52.286260083274406
2023-08-31,0.02203391734569493,0.03076928343763563,0.06914899867998958,55.68140659756695
2023-09-01,-0.057213972640935196,-0.0587748379661539,0.016085818760112502,46.27143324685899
2023-09-04,-0.03605979345108401,-0.1161290019905643,0.03689691150262964,41.755844153721924
2023-09-05,-0.012773753908346008,-0.11529026166703193,-0.02522528621827247,40.30928355488148
2023-09-06,-0.012938945803797952,-0.09491524300469811,-0.057369781368688755,38.85951567960662
2023-09-07,0.017790222373984754,-0.09867334101597314,-0.0242370241869434,41.91291870038757
2023-09-08,-0.008279682937941568,-0.05189095501550911,-0.05438595669348034,40.871673613612074
2023-09-11,0.05287575720017501,0.03558397280705616,-0.014756950480794062,49.438868257949295
2023-09-12,0.02995587554945489,0.08040664603486514,-0.0258333683013916,53.74410795070234
2023-09-13,0.011976077703004018,0.10767786382674172,-0.024732084740684224,55.427119665401456
2023-09-14,-0.04311075504403428,0.04139832695517942,-0.07516340633149365,48.50369660197247
2023-09-15,-0.03710248123822679,0.011131715077139948,-0.10214173720962927,43.666330679154434
2023-09-18,-0.005504538352494981,-0.044933939360431774,-0.09364547508250753,43.006472471852746
2023-09-20,0.026752763631999965,-0.047904147651305684,-0.052765947707155925,47.16252668856823
2023-09-21,-0.02785268790918327,-0.0853761821974236,-0.07757884764918033,43.509997080899176
2023-09-22,-0.014787416998601866,-0.05830387501811318,-0.08888888707754161,41.71433752088284
2023-09-25,0.02251405014573482,0.0,-0.09768214508512751,45.35720832783267
2023-09-26,0.026605502018552496,0.03228776963733271,-0.09758065123959958,49.46707966488316
2023-09-27,0.0357462544418512,0.04132974244538712,-0.052330287293813726,54.54540473627567
2023-09-28,0.10612592977073332,0.18484288876243737,0.08644063454255213,65.89525098766043
2023-09-29,-0.10686426818810224,0.07410881549353987,-0.050580480027126784,50.70773737486722
2023-10-03,0.02969433696520829,0.0816514105018622,0.03693932106607867,53.56792125982544
2023-10-04,-0.01102630321132636,0.042001812748299505,0.06386859551357138,52.31790727574116
2023-10-05,-0.061749594892885895,-0.05608287865806916,0.011090562748951038,45.92584703599841
2023-10-06,-0.058500860529833276,-0.19656782871116207,-0.035580534043314516,41.11697483893213
2023-10-09,0.10679605897336675,-0.004366828957883984,0.04875802562567633,50.676522291666956
2023-10-10,-0.011403435536549544,-0.04410513195689847,0.045454613815414824,49.65062308264173
2023-10-11,-0.024844780414593592,-0.057461413813195694,-0.03171811438344174,47.423742412015855
2023-10-12,-0.033666960260676726,-0.029250430264916583,-0.09153120044758245,44.57846553390909
2023-10-13,0.0,0.031067930961017565,-0.10228233693579858,44.57846553390909
2023-10-16,0.04237286385257333,-0.02894736269724507,-0.02208480624909437,48.902677387472025
2023-10-17,-0.033423658153493685,-0.050576807927800393,-0.018348606996749783,45.742426518360375
2023-10-18,0.025233688091272466,-0.0018197911288327928,0.011992630314666686,48.36473009858288
2023-10-19,-0.006381098158122156,0.02636532353940324,-0.02066491406520521,47.72077975630231
2023-10-20,-0.007339442798699691,0.018832373956716886,0.0,46.95139373535426
2023-10-23,0.008317944096702723,-0.014453464482652056,0.02345215793419464,47.96775402616962
2023-10-25,0.03666366432621637,0.05700940385282638,0.03761475370966205,52.338388464316104
2023-10-26,0.03713519956119171,0.06927978639086785,0.04825737105474759,56.4727251616837
2023-10-27,-0.06990620007031012,0.0009174522231025772,-0.05867129389329184,47.76174039270482
2023-10-30,0.05316223023079436,0.06192237478661289,-0.10374414628441941,53.25423579264224
2023-10-31,0.02959096252051574,0.08432631431357662,0.03318778347344864,56.16393705995603
2023-11-01,0.018596810519664553,0.0654288013848936,0.02205260642265272,57.986263698825404
2023-11-02,-0.08049794619709894,-0.05541343937736842,-0.04974270422780336,48.42716296079038
2023-11-03,-0.01805052442619892,-0.002749746415285914,-0.005484412088092694,46.717107222656146
2023-11-06,0.021139663586129176,-0.033072247346436434,0.07864072339251016,48.94966106860751
2023-11-07,0.007200713427382821,-0.054099775777704195,-0.018421056594214558,49.73851527425102
2023-11-08,-0.013404792149700473,-0.08381744505352096,-0.020408206439086918,48.23352940432544
2023-11-09,-0.005434820636233795,-0.009025305248944404,-0.0009099389526937562,47.612927213811794
2023-11-10,0.011839719477296118,0.021139663586129176,0.046139338643916394,49.13984642707279
2023-11-13,0.007200713427382821,0.007200713427382821,0.05367228822660297,50.10365586690361
2023-11-15,-0.004468207232840138,-0.004468207232840138,0.006323455323242966,49.47264458680967
2023-11-16,0.04578090300627391,0.05525359228125004,0.08878503048593789,55.61325904080615
2023-11-17,0.0154506704780899,0.07741351702247945,0.07839559122546635,57.57307454638117
2023-11-20,0.02704984758139939,0.09360936039525192,0.11467890309601203,60.87998159095004
2023-11-21,0.006584356067307784,0.0929401251878692,0.13031422247512503,61.68403497943345
2023-11-22,-0.029435786602770242,0.06552957986880892,0.08799267200491201,56.09651704028229
2023-11-23,-0.046335315588670434,-0.02832617463619136,0.0008841091809490553,48.82049842437095
2023-11-24,0.0008834124692078671,-0.04226542715338932,-0.03410056557035568,48.950151893553084
2023-11-28,0.07502209948750704,0.0024691923940272087,0.11640700967240791,58.559733752539906
2023-11-29,0.04351393429325068,0.03924779344863927,0.10617931169115091,63.210030600118756
2023-11-30,-0.001573600134039621,0.06908169357455707,0.07269650568246377,62.92307346003278
2023-12-01,-0.024428642726008643,0.09363961556477385,0.02738588535125408,58.490821420796536
2023-12-04,0.049272992814087146,0.14651366801325794,0.17238265889565518,63.88208452372852
2023-12-05,0.036181699408017076,0.10509028743022841,0.23713234343459666,67.39584777916596
2023-12-06,0.02080235751691273,0.08103853106843562,0.23672368998321747,69.31130491461933
2023-12-07,-0.07787479713597867,-0.0015760051024961141,0.13226099655134638,55.81634397145948
2023-12-08,-0.015785304503615816,0.0072698022419974695,0.1295290135975471,53.711287595225805
2023-12-11,0.023255810396395793,-0.01770589270892109,0.16211300189935796,56.285704459563945
2023-12-12,-0.00391851017539091,-0.05572065363108658,0.14401444022620713,55.71039906756432
2023-12-13,-0.05035407878850484,-0.12154294789759224,0.07864165750136487,48.83046289738779
2023-12-14,0.020712510879946633,-0.027624339334029413,0.1059245345722768,51.35748281880274
2023-12-15,0.06574678893514818,0.05292701148990164,0.12703867333665708,58.5073541346586
2023-12-18,0.05864428769063568,0.08934164335421291,0.17497884261826213,63.934418890152436
2023-12-19,-0.002158254229819967,0.09126670683954052,0.14156381243054472,63.585468748961524
2023-12-20,0.04181686578886912,0.19718311305852754,0.1815208789961138,67.30128763680847
2023-12-21,-0.0477508366429793,0.11688316312723424,0.15922496727418745,59.520050058594606
2023-12-22,-0.003633734731334881,0.044173641938368924,0.21113077807020786,58.987825140222554
2023-12-26,0.07075129572063155,0.0561151588526434,0.2956752342478335,65.44356127949018
2023-12-27,0.059945510636716826,0.12184574967568551,0.2775041075331188,70.04963283167385
2023-12-28,-0.02699229209302889,0.04775090264120263,0.19118806434953073,65.5582470710414
2023-12-29,-0.04227214853433048,0.053779052239034675,0.1426320314789189,59.31702836603278
2024-01-02,0.005517236117658975,0.06345732189193143,0.17770596033346564,59.83180454226264
2024-01-03,-0.032921779475175605,-0.03950953076626018,0.08545039491221007,55.30967680065009
2024-01-04,-0.05460996006607266,-0.1433162233787122,-0.009658255131685167,48.921911044728105
2024-01-05,-0.052513114273936345,-0.16578600871623028,-0.08078600255951196,43.952313467485105
2024-01-08,0.06571654126566862,-0.07172413530020882,0.06235200924198492,50.387665197855505
2024-01-09,-0.01485882679779471,-0.09053495896649444,0.06335204049207754,48.92977756623466
2024-01-10,-0.02187028332181873,-0.08014184991980355,0.016457682945149488,46.814658971885535
2024-01-11,-0.01542018543928314,-0.042010462801765125,0.004720725368734691,45.3584100116753
2024-01-12,0.025841809857213294,0.037213005761687956,0.08533560171399057,48.22048297307409
2024-01-15,0.05267172215959026,0.02451708192948021,0.11931820644820079,53.68327747146614
2024-01-16,-0.01595360896572795,0.023378541522734553,0.033511011161330595,51.806552529354576
2024-01-17,0.11127489040827099,0.16268308506061513,0.08489211061579538,61.70273785069976
2024-01-18,-0.06697614283764652,0.10180103292558607,0.01441959703787532,53.75206121631685
2024-01-19,-0.013503879495690096,0.059541962615094146,-0.03944634618325349,52.38458734858546
2024-01-23,0.0698847448869695,0.07686732578310052,0.07921512605065328,58.22736878020112
2024-01-24,-0.03164984881854216,0.05969052600094327,0.048869443795019896,54.723431341040694
2024-01-25,-0.03546594053011687,-0.0802387297260414,-0.055177139153812726,51.12804693043254
2024-01-29,0.1304975078984103,0.11442790655808,0.007712074699419258,60.93714324248154
2024-01-30,0.026785718630076172,0.15994238103205016,0.06340819130630759,62.80281302912314
2024-01-31,-0.003105661069842447,0.08080800166767754,0.106896499107624,62.42059257590091
2024-02-01,-0.09906537535791016,0.005563276986744636,-0.008230444868793985,51.654776469622554
2024-02-02,0.016597494501038756,0.059841379275728634,0.04255314975621771,52.973224089555764
2024-02-05,0.06258504001572063,-0.00382655729903858,0.17179294635857367,57.731876612003965
2024-02-06,0.010883487678582604,-0.019254683992026123,0.25019792706090493,58.566209551945725
2024-02-07,-0.017732725373504787,-0.033644799616676435,0.15230313409546503,56.58504180594969
2024-02-08,0.020631830438553767,0.0947441135508218,0.19381596157339875,58.320343126140436
2024-02-09,-0.024005061040578646,0.051020408825263264,0.19121044650559993,55.484227700416305
2024-02-12,0.039482178913130994,0.02816898742682361,0.2576349953204988,58.936392194332754
2024-02-13,-0.01556656629135289,0.001266653439644827,0.206870225895591,56.98592514794382
2024-02-14,-0.023402962012215367,-0.0045132590242122905,0.11965189435058954,54.13065382395048
2024-02-15,-0.013601039109727653,-0.03790274064191268,0.12232865768193446,52.52214451536966
2024-02-16,-0.0006565512480672941,-0.014886701946649872,0.009283842442377566,52.44223558192044
2024-02-20,0.0558475304127799,0.0006226792786041546,0.14214641388625737,58.25628566798995
2024-02-21,-0.00871184768556843,0.007590125387358482,0.1476945370196372,57.019838643341444
2024-02-22,-0.04582551675617108,-0.015544027049267939,0.02356898443128319,50.9477334483592
2024-02-23,-0.015131549021213275,-0.017071522194500477,0.041029217516861616,49.17104514933257
2024-02-26,0.04208417523067687,0.02496715556990603,0.12472966908326066,53.91206688317681
2024-02-27,0.00833327933254524,-0.021157446113542644,0.0031887267912900086,54.847952597518635
2024-02-28,0.03814369986843791,0.02510983119066945,0.014285685514706215,58.98745351349169
2024-02-29,-0.04654012446004674,0.02434209803960341,-0.029906514956584807,52.430509264540476
2024-03-01,-0.02119460052499267,0.01803603869560555,0.05394189010466599,49.83988927912594
2024-03-04,-0.020997355618775138,-0.04358976208638521,0.014966004753969031,47.39439298604321
2024-03-05,-0.03619302674877456,-0.08582323376237566,-0.07938538925756089,43.51422899268014
2024-03-06,-0.005563276986744636,-0.12431106812341541,-0.09436350694856532,42.953182323470315
2024-03-07,-0.0482517849548475,-0.12588311345943815,-0.12250164694817456,38.35927128092909
2024-03-11,0.028655426389479377,-0.08136481559980924,-0.1156032806396643,42.12686847107769
2024-03-12,-0.02571426119123188,-0.08579086638243072,-0.11715207043931175,39.713850914417044
2024-03-13,0.057917884308540835,0.0034770646965884833,-0.10149434713389993,46.90159269432969
2024-03-14,-0.05613308402538042,-0.0475524682591516,-0.13851995420191854,41.44535097296198
2024-03-15,0.005139478370953299,0.0058780254022126055,-0.11334197199223994,42.072522330033415
2024-03-18,0.01533966724497815,-0.007142884390694881,-0.08732764042557306,44.01002805287868
2024-03-19,0.015107916828071,0.03445742679798203,-0.07293039361872844,45.956666030658255
2024-03-20,-0.04535786004399878,-0.0665280677646719,-0.1617921267685407,41.249704456549026
2024-03-21,-0.07126948916970799,-0.08149777283435578,-0.2146892662131814,35.393780075819876
2024-03-22,-0.02318145136268701,-0.10737760105273386,-0.19605260392305224,33.83133373312826
2024-03-26,0.04909978843570828,-0.07769783837017441,-0.14362061014387095,39.75681546789173
2024-03-27,-0.009360365711048368,-0.09992911989511344,-0.1858974680314317,39.0044988344727
2024-03-28,0.010236229637269778,-0.04751301637976302,-0.18436107456605688,40.32199973924582
2024-04-01,-0.05845674235852649,-0.03437252576407135,-0.2602571965619135,35.55102170800896
2024-04-02,-0.035596051977777154,-0.0466448965665307,-0.2517662269188763,33.13062181460943
2024-04-03,-0.02403431263000444,-0.11310451199546767,-0.2539370041785203,31.620946874975814
2024-04-04,-0.013192578719441017,-0.11653539877666863,-0.2479892620874703,30.81096303819905
2024-04-05,0.010695176711511767,-0.1161340436460242,-0.21140472445477587,32.30490607328041
2024-04-08,0.023809479758052587,-0.03890730711897372,-0.1881119229495185,35.67058859859593
2024-04-09,-0.021533161704808346,-0.02489270140333366,-0.1653196220983092,33.98568999669044
2024-04-10,-0.022007042918619546,-0.022867214731642993,-0.20642859595162533,32.340576249201646
2024-04-12,0.03780378841339749,0.02762918525531144,-0.15469212296497337,37.78888682777627
2024-04-15,0.08152650093907554,0.09964727506489868,-0.13582813559913465,47.90069663620594
2024-04-16,0.012028838437708744,0.08699399300162391,-0.07342143967712311,49.31640903285286
2024-04-18,0.033280513478811224,0.14788735527718977,-0.047479885935253985,53.15482373594301
2024-04-19,0.03220859490204031,0.21152119298737748,-0.031654646939466846,56.68733914579957
2024-04-22,-0.056463612684095055,0.10147442353777447,-0.09992911989511344,49.424440458284245
2024-04-23,-0.19685039665718373,-0.18203692134359017,-0.24276172182177425,33.99500606875978
2024-04-24,0.007843129921766057,-0.18541998207666588,-0.17825743046448894,34.69754756891726
2024-04-25,0.043774301649235126,-0.1771472719612217,-0.12193131687670267,38.65299822207236
2024-04-26,0.018639400882748625,-0.18796431841017258,-0.1474258529359782,40.38142921808635
2024-04-29,0.11985356169862582,-0.03622047598862044,-0.03622047598862044,50.26559042296883
2024-04-30,0.051470598547516566,0.26176471825701997,0.0031176899525242607,54.198318133073805
2024-05-02,0.045066039538729896,0.30836577418642896,0.11341058726917397,57.528063093654865
2024-05-03,0.0869888544896471,0.3625349962048561,0.2549356535861842,63.320894826067985
2024-05-06,0.13543095153279672,0.5187557107028609,0.4599824580959946,70.6231656117467
2024-05-07,0.02469878542110071,0.38970592703923845,0.5160427650672677,71.87193470779097
2024-05-08,0.004115208341112453,0.3271173329900996,0.5061728125116687,72.09007353540437
2024-05-09,0.0655738199201572,0.35315992721444056,0.5676142378240387,75.38001240098725
2024-05-10,0.014835084565756329,0.2633378562197013,0.6258802703834665,76.11107327567187
2024-05-13,0.11532220613431043,0.24096384988431252,0.8541855101758598,80.923529652235
2024-05-14,-0.019417456850636006,0.1875367719655412,0.7519515377936674,77.75566479820199
2024-05-15,0.003465331296058416,0.18676818198518141,0.6255012047881332,77.91857198248701
2024-05-16,-0.013320199884862771,0.09890105283544126,0.5847860682539123,75.61818915621353
2024-05-17,-0.0100000381469727,0.07200866124258165,0.5184048539097466,73.87827542208657
2024-05-21,0.10151516698645269,0.058737818546891196,0.6203565679146126,79.08638093657723
2024-05-22,-0.01558918665352671,0.06287121299248044,0.6905511524253174,76.31463482379188
2024-05-23,-0.004191902909466139,0.05476066492034959,1.0960783882903753,75.55973213599415
2024-05-24,0.015434983005594427,0.08549995422363277,1.1118676700780314,76.47849518661593
2024-05-27,0.06817141925369685,0.17121219331422255,1.1612303376878241,80.09291232947626
2024-05-28,0.0435532645805039,0.10958282235307704,1.2140896694650425,82.11293511335722
2024-05-29,-0.0008264651707904358,0.12622268646909807,0.9754902579517661,81.93562868720083
2024-05-30,0.0,0.13096357597372243,0.878787919206371,81.93562868720083
2024-05-31,0.017369729983172988,0.1331184439829869,0.8289963368269957,82.83814671383213
2024-06-03,-0.14878047929499438,-0.09702457732571301,0.4322845894644036,56.39595829214026
2024-06-04,0.27745937525134146,0.1053718659780245,0.6114457461013392,71.789934810754
2024-06-05,-0.29383179851781527,-0.21877588290993544,0.11052317080951557,47.40656474719501
2024-06-06,-0.11064056220844543,-0.30521095843557655,-0.016393482897905765,43.20445735645637
2024-06-07,0.004761900436850874,-0.31382118296706685,-0.07252755751861084,43.41122704647512
2024-06-10,-0.02843599325241486,-0.21680997133420854,-0.1120736205619417,42.41349792565041
2024-06-11,-0.09939019504152147,-0.44785045017705905,-0.28300969979351565,39.125009738034045
2024-06-12,-0.02572783362651665,-0.23822123831256703,-0.2876237722859988,38.37795056255506
2024-06-13,-0.06254347121139636,-0.19702378668211917,-0.3344844861139942,36.595678143399105
2024-06-14,-0.04966642606832372,-0.24052130733388,-0.359000015258789,35.28207792458906
2024-06-18,0.011700512930990836,-0.20914630678563717,-0.3449494562225903,35.83736599586341
2024-06-19,0.05705472288996982,-0.07176712164958143,-0.3713892538348771,38.63467332244899
2024-06-20,-0.026258180574440182,-0.07227240702156101,-0.378202104870775,37.77192853817451
2024-06-21,-0.012734087748035972,-0.022979945974950122,-0.38353597649518345,37.347795809232835
2024-06-24,0.06676783718247292,0.0967239277933134,-0.3523721320802524,41.03858164637509
2024-06-25,0.017780938302903282,0.1033153527370636,-0.3829236701137393,42.082423804282506
2024-06-26,-0.01816912797049386,0.02479942754499409,-0.41942149802526374,41.264224689656594
2024-06-27,0.007117396899492645,0.059925034771607155,-0.4148056476450319,41.73345493165329
2024-06-28,-0.024734942560497575,0.04704096139630676,-0.4292803963372597,40.51351699245457
2024-07-01,0.0021738936635185002,-0.016358498509697283,-0.4378048898680633,40.67359665363454
2024-07-02,-0.013738219915505834,-0.04682040926955411,-0.3486150909529283,39.940516476801726
2024-07-03,-0.03152494826631591,-0.05978648691704791,-0.5061682228730104,38.2598447018873
2024-07-04,-0.0264951082860726,-0.0911660775003621,-0.31921651285365227,36.89881958345031
2024-07-05,-0.012441668093593816,-0.07971017146856652,-0.24404759607077087,36.26373552649501
2024-07-08,0.07086618785206644,-0.016630480369134726,-0.19431273355276124,42.28158141017824
2024-07-09,0.049999950913823143,0.04692077518617799,-0.12926828871164764,46.399464213753184
2024-07-10,0.010504241947445703,0.09235429701027775,-0.02301964401153256,47.292767380758136
2024-07-11,-0.02979905031752117,0.08864699640414342,-0.027102177485612167,44.97859270230082
2024-07-12,-0.019285746983119467,0.08110234239686887,0.017790939598976152,43.5379708002807
2024-07-15,0.03350328138991676,0.04338229282092221,0.10686426818810202,46.67182591888959
2024-07-16,0.0021142133567770838,-0.004201643351844697,0.09637625090707513,46.87891033508307
2024-07-18,0.02039380846746086,0.005544000139581451,0.058351581948134834,48.94285778710571
2024-07-19,0.02205373465034599,0.05928570883614692,0.11086138576375015,51.196172493378235
2024-07-22,0.041132815901242736,0.12454479935608576,0.17147186820018656,55.250495014419585
2024-07-23,-0.17422277548510923,-0.10147988886299908,-0.09317214655192818,39.61965275791076
2024-07-24,-0.0776470408720129,-0.172995780024762,-0.17819707309296962,35.6250859170043
2024-07-25,0.07312922108327347,-0.1302550181605614,-0.10177937976960183,41.17362888034151
2024-07-26,-0.029318533194478746,-0.17397167477943642,-0.13427559503550146,39.592514213492386
2024-07-29,0.05714284157266425,-0.16126941961071928,-0.06159422968996808,43.97581042269138
2024-07-30,-0.005405381919321495,0.010196087407130738,-0.06869123749138573,43.634832484109296
2024-07-31,0.02872669893412838,0.1267006583434256,-0.02859239981717976,46.01745851767289
2024-08-01,-0.024150920364092165,0.024564217308070457,-0.021196043312840862,44.27432873252568
2024-08-02,0.1075018837464401,0.16897956692442606,0.11353033259133127,52.66241553695087
2024-08-05,0.42248612244006356,0.5729730609462702,0.6039370980441041,72.24511530333406
2024-08-06,-0.08001968585959951,0.4549689134014119,0.37794112099083366,64.50293845067128
2024-08-07,-0.1371397932877816,0.22037736424859955,0.13235296769361415,54.57269556639574
2024-08-08,0.026592473911375203,0.28383603941794755,0.1503811524879599,55.79882017450443
2024-08-09,-0.07590362650162052,0.07122908376404058,0.09571429661342079,51.41926456043604
2024-08-12,0.03455017781611813,-0.22091314522712946,0.15586310376338086,53.08722543368859
2024-08-13,0.018903603837316263,-0.1371397932877816,0.13953492279505486,54.04894363811201
2024-08-14,-0.04514536131517177,-0.04514536131517177,0.08579460551651619,51.29341674164072
2024-08-16,-0.0673575123133009,-0.13253016339657886,-0.007581020580041842,47.57235443767866
2024-08-19,-0.00555555040453648,-0.06649285838446317,-0.03438976611635647,47.288171000806955
2024-08-20,-0.03491620186142308,-0.12917455611327766,-0.10492227523226805,45.460316242073155
2024-08-21,-0.03545584529221635,-0.17563389852740174,0.045490190094592764,43.67848216166953
2024-08-22,-0.02475618346547659,-0.15803106520050358,0.1054421553558138,42.47113728106149
2024-08-23,0.04230770697960495,-0.05902773960504892,0.07369257635572324,45.19041762708348
2024-08-26,0.018450184242133405,-0.03631281530524788,0.12653062781509083,46.42993389056218
2024-08-27,-0.012318845937993594,-0.013748160968083067,0.05250967684874186,45.673529396867686
2024-08-28,0.023477600303552393,0.046511619587969566,0.08307450972958819,47.4102976772848
2024-08-29,-0.011469523268799131,0.06076922783484817,0.040754714102115175,46.60798182526599
2024-08-30,-0.02900649888591611,-0.011808106653866557,0.035576181538282015,44.57699023475241
2024-09-02,0.05003734571433793,0.01884059603538235,-0.01815637435393902,48.61600682417486
2024-09-03,-0.01564724469864609,0.015407192691398341,-0.32056948540073094,47.394635396238996
2024-09-04,0.03901733785400685,0.03082439505771095,-0.2326574018104749,50.67053145110522
2024-09-05,-0.01182198017670566,0.03045685840868617,-0.12121212299933348,49.622867488992334
2024-09-06,0.0710767224609763,0.13666914688457266,-0.08313253510411878,55.50858965967957
2024-09-09,-0.06438899334539605,0.012802229454440761,-0.07170797721825017,49.46922903821718
2024-09-10,-0.06179776183885555,-0.0346821163741744,-0.1581600659723894,44.759880784151804
2024-09-11,0.020209615621414212,-0.05215577149035089,-0.15708101112360529,46.444479123420464
2024-09-12,-0.03301539291906286,-0.07248414709402828,-0.14637301403031622,44.034215548165015
2024-09-13,-0.04779970408600942,-0.1754270715801487,-0.1284721858891429,40.83887471057091
2024-09-16,-0.007171326790443744,-0.12499998325712203,-0.129888246949441,40.387989016335126
2024-09-17,0.010433395990603112,-0.057634694900947414,-0.08900141602007283,41.39449480182408
2024-09-18,0.06195390973135617,-0.019075585231020376,0.0030007473429831677,47.15932191879423
2024-09-19,-0.06731485611322718,-0.05386950088826281,-0.04076921022855318,42.022839322097596
2024-09-20,0.025661562788439563,0.01912348744786052,-0.05608857698773351,44.34398448911625
2024-09-23,0.07818608311044262,0.10674156658380318,-0.0007246542567840297,50.95241204783484
2024-09-24,-0.02900649888591611,0.06354250842248188,-0.017608200227664406,48.473100613527606
2024-09-25,-0.04854373080944152,-0.04712042781102643,-0.08673835517498218,44.66932757795995
2024-09-26,-0.0580847554484073,-0.03769047770363798,-0.12980420353913447,40.748910056284544
2024-09-27,-0.0033333301544189453,-0.06489444301654268,-0.10679613655789677,40.54178224388036
2024-09-30,0.06939798671059627,-0.07251631637173883,-0.09032719913661957,46.60654233938061
2024-10-01,-0.0625488814011661,-0.10455567858911474,-0.13367054632031938,42.14444723652229
2024-10-03,0.09841537345298335,0.03375198688390868,-0.08414464732387927,49.78160067407247
2024-10-04,0.07289294097081878,0.17750000953674316,-0.005629832758007991,54.987474771683196
2024-10-07,0.06723282389037166,0.26086955481669727,-0.009198445523423304,59.46555599336438
2024-10-08,-0.032493353686817716,0.14073496451160872,0.024578678869054738,56.35153604932211
2024-10-09,-0.03221386306465823,0.1776480529692519,0.05688624613863613,53.459727372726725
2024-10-10,-0.0439093406929254,0.02505694167003525,-0.009537792615510243,49.82720332709783
2024-10-11,-0.020740720960829018,-0.06440197027897299,0.0030348984011268065,48.233238009825705
2024-10-14,-0.016641472207644226,-0.13793103012131025,0.0358565579622343,46.96205031822385
2024-10-15,0.0,-0.10897876188889999,0.04333868059388335,46.96205031822385
2024-10-16,0.0038461685180664062,-0.07577901582835966,0.03653693666178537,47.327949389643585
2024-10-17,0.02605365115850966,-0.008148122716833073,0.0014959205635651784,49.86099175787057
2024-10-18,-0.026138937452997335,-0.01361575654614089,0.04570967783628044,47.3372807434042
2024-10-21,0.05521474456557396,0.05846155606783343,0.07584052149506615,52.64703818261119
2024-10-22,0.04651158277636469,0.10769227834848238,0.044234928090259196,56.81510660181675
2024-10-23,0.01527779672616858,0.12030648826648105,0.09185956017168406,58.17787519542944
2024-10-24,-0.044459618578541193,0.04331590058511736,0.09654635149202129,52.8694063214514
2024-10-25,0.04724408266260394,0.12193252739564775,0.2191666762034099,57.145285655884614
2024-10-28,-0.023239928224763617,0.03851742181360862,0.19481604651123852,54.40688882900134
2024-10-29,0.016095206194865597,0.00833339183419013,0.13526196255437672,55.9448555846691
2024-10-30,0.06818180026907794,0.06087553695549963,0.29357802543439115,61.90203289979439
2024-10-31,0.0025789788048191653,0.11309949130316621,0.1807137509987513,62.124880048175235
2024-11-01,0.022508001511404974,0.08680789433731917,0.1252653566704791,64.10344577168297
2024-11-04,0.04968559336357825,0.16794965560611352,0.10676396674383315,68.14806158235427
2024-11-05,-0.03415216756051487,0.11019286026359776,0.10486639277890109,62.662002333013774
2024-11-06,-0.07754347944151607,-0.04126372236481224,0.05311614773928186,52.65184341798918
2024-11-07,0.004707444207326272,-0.0392283345896689,0.10666663558394829,53.10364348607942
2024-11-08,-0.03145912493676484,-0.08993706828992021,0.09455370459541879,49.67614801584857
2024-11-11,-0.01382168663264327,-0.14499700412565553,0.09769234290489792,48.24903539546824
2024-11-12,0.022424645028663592,-0.09491318901930457,0.12230770404522229,50.68993852550454
2024-11-13,0.05825904173446106,0.03833219228049689,0.1831417130051285,56.55206266566348
2024-11-14,-0.042746105268723356,-0.010709494772824124,0.10380876430235442,51.43856355761301
2024-11-18,0.026387033177865282,0.0483759361677516,0.16334356753619472,54.08078968650869
2024-11-19,0.03230057802596087,0.09740710196629321,0.13808136532892124,57.22953815596819
2024-11-21,0.021072792268295615,0.09595610718907022,0.11041668018809125,59.25587303887585
2024-11-22,0.006879337831527055,0.04274616703519629,0.10123122486290281,59.93722922280033
2024-11-25,-0.04968945166334415,0.035182710903820746,0.09520400130879336,52.99606261292757
2024-11-26,0.0006536097226907955,0.009228763521335281,0.046479856449527235,53.06922671544126
2024-11-27,-0.044415433477356214,-0.06577265281017253,0.023792872882821392,47.63908602256693
2024-11-28,0.03964456043534481,-0.04878047180338685,0.04752063075964763,52.13757379768462
2024-11-29,-0.051282033597300436,-0.10372671035561165,-0.06963248921782361,46.36817535408906
2024-12-02,0.018710983948663662,-0.03921571071829566,-0.05466240328255312,48.49288756902287
2024-12-03,-0.022448974693051515,-0.061397812429397125,-0.09622640060872001,46.08954584059721
2024-12-04,0.00556714852770801,-0.012303506751042859,-0.1342121421878648,46.77817852570151
2024-12-05,0.0055363269731505405,-0.044707449274840716,-0.09863529922358372,47.50037526636663
2024-12-06,-0.026840977069218952,-0.020097017028406272,-0.04909210140245279,44.34148145503364
2024-12-09,-0.002121689244489633,-0.04013606532266922,-0.055555552009243114,44.098533034596564
2024-12-10,-0.023387663482322574,-0.0410577701660807,-0.04768490126637004,41.41080755323108
2024-12-11,-0.037010107771428435,-0.08166085585308214,-0.07007708254528788,37.59703518610571
2024-12-12,-0.006028701930719693,-0.09222299912003362,-0.09595617255399858,37.02106519996876
2024-12-13,-0.010614055655972177,-0.07708628897612546,-0.15479271079028778,35.982221286024185
2024-12-16,0.07432952129130865,-0.006378398377280159,-0.05142079086186413,47.06554947995341
2024-12-17,0.0335234877324293,0.051523951517079336,-0.04482533300961622,51.451423436843875
2024-12-18,-0.008281565731855234,0.08289369931045099,-0.08237547729390338,50.305381587678326
2024-12-19,0.009742543106311619,0.10007586736103424,-0.09255782135216584,51.65825862424453
2024-12-20,0.038594035638105595,0.15478923176748305,-0.06397519641247862,56.732320559669475
2024-12-23,-0.10285330248499569,-0.035663336924010025,-0.11633985037785133,43.21248830012075
2024-12-24,-0.02514793942870408,-0.09040714193477828,-0.13912475872383068,40.909472358420665
2024-12-26,0.06525035180306693,-0.022964504268206953,-0.040328103074005806,48.400433911707914
2024-12-27,-0.05698007071997724,-0.0875258744128593,-0.12952006982827158,42.94634286843481
2024-12-30,0.05513599007026215,-0.07299266423828832,-0.03187803384744059,48.63439164762449
2024-12-31,0.03435930802157494,0.06878693195364693,-0.017006802941754384,52.02149819306699
2025-01-02,-0.0491349513853786,0.04248857761577396,-0.0438413444299347,47.07653416919071
2025-01-03,-0.014556027117667125,-0.03561253570929557,-0.06297576881825495,45.75707950999185
2025-01-06,0.15583453933691738,0.1820241608062032,0.07708189305864876,58.85825315789128
2025-01-07,-0.06325877285939097,0.04939152234748323,0.036775070117654574,52.456435397430674
2025-01-08,-0.012960408073731333,0.0013841147423994116,0.02551386386329213,51.303135955259265
2025-01-09,0.013130585824260965,0.06695779414988134,0.06386067717660082,52.42946688041257
2025-01-10,0.017735350040111397,0.10192024507598707,0.12434058489914612,53.99748948430256
2025-01-13,0.07238605349754956,0.022364242172588478,0.21304022054677274,59.908969168674915
2025-01-14,-0.03312498331069946,0.0552524166471724,0.1854406161627551,56.09912374699333
2025-01-15,-0.013574662865038611,0.0545957116291913,0.08844505924616475,54.617042227848756
2025-01-16,0.013761470183304203,0.0552524166471724,0.06763288553420166,55.872522238023684
2025-01-17,0.018099529937821268,0.0556300214116503,0.09603341165143142,57.55842090089003
2025-01-20,0.042539687383742475,0.026250004768371582,0.1316333437135513,61.3623704954062
2025-01-21,0.03897682013853476,0.10277951981050304,0.13205041880668555,64.62404613035102
2025-01-22,-0.01699877006195971,0.0989515207230427,0.24038460724561084,62.06725941385552
2025-01-23,-0.004174102141530467,0.07950875725142303,0.26707134872989124,61.43542462104517
2025-01-24,0.002993966154271277,0.06349206349206349,0.19301994626140306,61.73506056680598
2025-01-27,0.08238800959800607,0.10414123486768023,0.3693353077177175,68.91413482515114
2025-01-28,0.0038610924110982214,0.06682305584316728,0.3027917262030444,69.22950149253617
2025-01-29,0.02417574770683273,0.11150857965654093,0.28996537271209766,71.2067938196038
2025-01-30,-0.06706008803273777,0.04131728114888622,0.26564772047541574,59.50768502119196
2025-01-31,-0.06555488382173447,-0.02985074626865669,0.20014771386868557,51.23941255643223
2025-02-03,-0.11692305344801668,-0.20849415081478917,-0.08306704592639658,41.01161404361392
2025-02-04,-0.022996509751469274,-0.22967033681050664,-0.043656166187574286,39.53553160382126
2025-02-05,0.004279562338327825,-0.2446351724922663,-0.02695233836390476,39.95866017907417
2025-02-06,0.007102299858777306,-0.184588797995211,-0.032742124640680825,40.703461458611464
2025-02-07,-0.03455576264082494,-0.1575384873610276,-0.08243971110060266,38.20274551141037
2025-02-10,0.05551499285440853,0.006968601054849977,-0.09687501192092896,43.95420107129288
2025-02-11,0.029065749608152114,0.06062763195736687,-0.03878476865630742,46.895635255011655
2025-02-12,0.0020174669268373524,0.05823861500479177,-0.023591127454258398,47.10916050270079
2025-02-13,0.004026873902874595,0.05500703217097169,-0.03296704719319232,47.563286186801676
2025-02-14,0.004010723226183233,0.09715127232627219,-0.04634917728484622,48.04370330780217
2025-02-17,0.04660451317784853,0.08788930619565583,-0.04263092606654417,53.407001981567426
2025-02-18,-0.0031806736568406047,0.053799609743896415,-0.08147710628147176,52.98626035024192
2025-02-19,-0.015954052251614725,0.03489936047494768,-0.08050091500413437,50.83005129265661
2025-02-20,-0.04798960878449077,-0.018716559642861785,-0.12095810571736298,44.99353178180237
2025-02-21,-0.010218022417322503,-0.032623216368758756,-0.1325373293748543,43.893316176010444
2025-02-24,-0.006194091826695947,-0.08142497868337739,-0.20353004694939403,43.210580139301115
2025-02-25,-0.04986144974218765,-0.12444159539061872,-0.24615386308297527,38.10432795549572
2025-02-27,-0.02988337022101961,-0.13683525591683154,-0.2859441601157836,35.52955893615193
2025-02-28,0.04507884364234216,-0.05245234616869787,-0.2001149893258668,41.734365840097695
2025-03-03,-0.010783581608606596,-0.05299377276257533,-0.15323075514573314,40.68028098147075
2025-03-04,0.00508718703923372,-0.0422437447647801,-0.036236964734520316,41.423802610552215
2025-03-05,-0.011569041814516345,-0.0036443286998341096,-0.024964363055773875,40.183991012575376
2025-03-06,0.004389134279994211,0.03155515472415926,-0.024857981773170557,40.89835215077845
2025-03-07,-0.01893658294799705,-0.03163188966282848,-0.05007052347437657,38.73930725191778
2025-03-10,0.03860426828366026,0.016715082733324893,0.02191382030169975,44.99368219325992
2025-03-11,0.005718364904566675,0.01735356272177402,-0.02629758612157662,45.908640352281985
2025-03-12,-0.02700782677207214,0.0014630215053210716,-0.07935442597560016,42.30868567854745
2025-03-13,-0.029948857558739994,-0.032774932575987625,-0.10872482731773891,38.77566255191734
2025-03-17,0.010542194739293853,-0.0037119665733974516,-0.10294117365816413,40.59970783673105
2025-03-18,-0.015648288893673756,-0.0557540919036662,-0.12050601627519464,38.735494613027804
2025-03-19,0.006813031970325012,-0.05472633410024941,-0.1539440225945583,40.006895665182846
2025-03-20,-0.052631563851613605,-0.07962010462552949,-0.1959157421746669,34.08249556002572
2025-03-21,-0.0015873378696944496,-0.05271083007081667,-0.18417640327732443,33.92790135101711
2025-03-24,0.08903019812015467,0.020864361503678763,-0.06675752558159831,48.11943311189444
2025-03-25,-0.0043795231224605935,0.03255112066116994,-0.061252539986554,47.53045757459759
2025-03-26,-0.012463348388196072,0.012781960440299223,-0.06717446963587403,45.81921789702781
2025-03-27,-0.01262064386962658,0.05555553873590302,-0.030612249862944085,44.109002674198315
2025-03-28,-0.04360901619460866,0.01112880319330789,-0.04432758331985698,38.789394982652844
2025-04-01,0.08333328959826991,0.005839410570790848,-0.009345802722284247,50.531446289139545
2025-04-02,-0.004354097757986342,0.005865096898272304,-0.002906973923522793,49.94738758404368
2025-04-03,-0.008746347173728353,0.0096510847708835,-0.016630480369134726,48.73414879168785
2025-04-04,0.011764694332664138,0.03458646853760361,0.0065837711840226465,50.4619579336983
2025-04-07,0.6562500389855954,0.7916667010299308,0.6598690222399914,83.74963810847177
2025-04-08,-0.10311541408796598,0.4833092111860602,0.5174461862550683,70.47700819371137
2025-04-09,0.048434429806819335,0.5619533446129183,0.5318084814709734,72.45731366324509
2025-04-11,-0.06159587848934445,0.4786764739912681,0.4292822350059615,66.09167477672253
2025-04-15,-0.1979115528985247,0.1722382916033829,0.17823226115212076,51.42246436173875
2025-04-16,-0.016118988762251263,-0.30364198121876806,0.195030135893566,50.63186314169855
2025-04-17,-0.02520476505448832,-0.24315069164248193,0.15275709233088097,49.37416482383889
2025-04-21,0.003232074329140744,-0.2757816035114439,0.1748675558626822,49.54288683280543
2025-04-22,-0.01868562544933916,-0.24266538637513846,0.14511273111454193,48.53259819154285
2025-04-23,0.04793174772502029,-0.010539313791976035,0.2666666313453965,51.22870397017269
2025-04-24,0.018170423631571397,0.02394455684821395,0.2917329172139427,52.29776591626943
2025-04-25,0.05599999060997596,0.1092436684687843,0.252554750826129,55.587578019192435
2025-04-28,-0.012820472920206383,0.09149484757802373,0.24193549176487572,54.607081558061765
2025-04-29,0.025383724416730313,0.14051223646214495,0.2895323307268831,56.232092119929206
2025-04-30,0.04893485509806128,0.14160396427354338,0.36992474075654735,59.33137778465258
2025-05-02,0.0021954400128891827,0.12369232177734402,0.4355345790528893,59.47680509331317
2025-05-05,0.004381156774549977,0.06876458716016454,0.33091440551381557,59.78652026991135
2025-05-06,0.03598690523014958,0.12160563169999827,0.3848396231929976,62.34355745432748
2025-05-07,0.0031578666285465573,0.09729410161522889,0.4014705096561624,62.576526231088216
2025-05-08,0.10230854237031028,0.15312848631571563,0.5268895261195174,69.23768171911283
2025-05-09,0.029509706098549637,0.1845563466398228,-0.05089959228436913,71.00482610280964
2025-05-12,-0.14979195084736796,0.0027262397298015717,-0.10029359544259386,53.65781432231248
2025-05-13,-0.010331627678896838,-0.04210522300318664,-0.1507232616070574,52.84252725896845
2025-05-14,-0.053296768134116324,-0.09601259050274447,-0.14321238094009603,48.768503960240544
2025-05-15,-0.019733033175911574,-0.19609713442885912,0.04711718961092104,47.38935171636256
2025-05-16,-0.0201302643501734,-0.23485899772573138,0.04284810059263022,45.98876748968153
2025-05-19,0.048942683421832056,-0.056008635860893774,0.12217196578534706,49.79558208831536
2025-05-20,0.0017280402213226687,-0.04450556809538253,0.12048961834594052,49.93631735557035
2025-05-21,0.009200681600216143,0.018572240471614432,0.1523309103450936,50.72963561301153
2025-05-22,-0.016524160728526804,0.021906504002609184,0.08145364584133175,49.20762157505405
2025-05-23,0.0011587750578476719,0.044108850950896894,0.06338465763972345,49.32055353996143
2025-05-26,0.04282405912692222,0.03801842305342773,0.0501165861304631,53.44495924518476
2025-05-27,0.02885685041920394,0.06613004981262138,0.09445102308308373,56.14579153318755
2025-05-28,-0.028047488246247587,0.026780697500579764,0.03742081676024611,52.84427459509142
2025-05-29,-0.08879025198805635,-0.04866744736088047,-0.09879249752447683,44.226752335451586
2025-05-30,-0.02070646473861837,-0.06944448583655727,-0.11938665267526549,42.63563955427784
2025-06-02,0.06716417467849967,-0.047724782935898435,-0.06434025601735205,48.92173986257622
2025-06-03,-0.034965057506117225,-0.10679618941802205,-0.12842108073987457,45.91168202973818
2025-06-04,-0.04891301280584237,-0.12597116537728348,-0.1736620964684128,42.141989970984966
2025-06-05,-0.042539687383742475,-0.08160780428512227,-0.2822465607127401,39.269781501010314
2025-06-06,-0.029840836309138807,-0.09017411791945751,-0.323624563935378,37.42483825027627
2025-06-09,0.004101125459538446,-0.14393941078043238,-0.20119629864413346,37.84413968425549
2025-06-10,-0.0456091995750858,-0.1533815875660215,-0.22967033681050664,35.02200999846822
2025-06-11,-0.024964363055773875,-0.13206348721943217,-0.20661634129563777,33.61190820126525
2025-06-12,0.02560353910141422,-0.07029174212899325,-0.16992297428049252,36.3708966675806
2025-06-13,0.07560623618634787,0.030758701691393275,-0.08882171487130397,43.96599153192018
2025-06-16,-0.015915104266073787,0.010211067153800046,-0.14516131158780177,42.722552610689114
2025-06-17,-0.029649631370178176,0.027104076202520533,-0.1719378882151078,40.463146513976326
2025-06-18,-0.008333325606804998,0.04462323725477435,-0.18632476616774196,39.84425416125256
2025-06-19,-0.0014005255226425817,0.017118385398144698,-0.17381228042975239,39.73517202341243
2025-06-20,-0.041374484089623076,-0.09350131661443617,-0.20891206405688856,36.55566217413534
2025-06-23,0.027798106241411213,-0.05323449822979032,-0.22031077503765484,39.891735245448565
2025-06-24,-0.02918148340542226,-0.05277772884309884,-0.2642934374453464,37.594768281414055
2025-06-25,-0.049853393552784175,-0.09243695514758743,-0.2807991282506692,34.08890505764177
2025-06-26,-0.028549373801698308,-0.11711080290949583,-0.23325212581670707,32.322656698399626
2025-06-27,-0.015885608168481724,-0.0936356785535738,-0.22947758693352305,31.37630367410779
2025-06-30,0.03228406839761244,-0.08967973037557186,-0.25466200025742536,35.44707520053893
2025-07-01,-0.02032839950408938,-0.0813783418191002,-0.24335747964602095,34.03384636058999
2025-07-02,-0.006384670822900729,-0.03935186939665747,-0.20952382163395955,33.59009081962806
2025-07-03,-0.004819234286070562,-0.015885608168481724,-0.1783819359411647,33.240035462235
2025-07-04,-0.005649769698049978,-0.005649769698049978,-0.157894764288932,32.81042312578916
2025-07-07,0.019480578793626524,-0.017982763324653317,-0.1449965433362541,35.87074181692164
2025-07-08,-0.028662468019451603,-0.026336786172285298,-0.12981459265863982,33.41237089958521
2025-07-09,-0.0213114945038263,-0.040963874433339376,-0.1265545344736868,31.721479693686504
2025-07-10,-0.02261302458778558,-0.058111400086993115,-0.16761771075181375,30.02234835102766
2025-07-11,0.012853437664921863,-0.04058441658972245,-0.21618038762434288,32.19527634714454
2025-07-14,0.013536366458805293,-0.046178412261396296,-0.19272241111485555,34.5305550962739
2025-07-15,-0.04173622863984383,-0.05901641625289322,-0.2027777884477452,30.94390496179561
2025-07-16,-0.02090590424112604,-0.05862645174755232,-0.2128851553711132,29.367120516898495
2025-07-17,0.0,-0.03684664116234826,-0.21178123487312717,29.367120516898495
2025-07-18,0.013345246909170383,-0.03637896468726276,-0.1667885676844354,31.88308012790455
2025-07-21,-0.016681345770898304,-0.06510849438860555,-0.20284699948610196,30.405680223407202
2025-07-22,-0.040178555082909684,-0.06358881283492823,-0.21187685268186285,27.191877711734705
2025-07-23,-0.021395306254542112,-0.06405687971672136,-0.18827157200627398,25.696868106759737
2025-07-24,0.01901138788616108,-0.04626330201763207,-0.14853056893527528,29.33514341893114
2025-07-25,0.05223875485010554,-0.009657647676547199,-0.08958842450313298,38.42643256907661
2025-07-28,0.06914899867998958,0.0767857700890433,-0.057075804879874736,48.386789829307915
2025-07-29,-0.04394698741331826,0.07255811469499451,-0.07980846139753861,43.26540401825316
2025-07-30,-0.027753660211209508,0.06558931087061759,-0.09959837671606797,40.47957508870181
2025-07-31,0.029437994878062756,0.07649250694016008,-0.06860374155903959,44.45178974785057
2025-08-01,0.03812821333082983,0.062056722148587706,-0.02759741566639251,49.309344458051676
2025-08-04,-0.0008346640725874765,-0.0074626989599019256,-0.0469745328723401,49.20403937620291
2025-08-05,-0.021720987726124186,0.015611475225021154,-0.04016391629334615,46.427611869354074
2025-08-06,0.02134927405513154,0.06690454928169443,0.0016750802735814307,49.38504798611615
2025-08-07,-0.02257528903867001,0.012998233884412125,0.0017137535525799663,46.405483154808
2025-08-08,0.029084701864184437,0.0041736387850921375,0.01776650114795908,50.4589089001827
2025-08-11,0.01579389345594695,0.020885546735418314,0.020033450247334494,52.61564604614237
2025-08-12,0.0008182712756970023,0.04440644768534452,0.06533101305802824,52.73227188031446
2025-08-13,-0.007358888166983268,0.015050192692446673,0.08007122691560853,51.50355503535484
2025-08-14,0.01812185396481447,0.05731395212522128,0.09964411996137112,54.30639388337703
2025-08-18,-0.0016180829000712604,0.025768946508541113,0.08340647766723408,54.000851531165466
2025-08-19,-0.044570517336624205,-0.035188240243822166,0.052678585949601286,46.28796660344572
2025-08-20,0.0,-0.03597707251449689,0.09674418249795602,46.287966603445724
2025-08-21,-0.03562341625554455,-0.06342672454595011,0.0807984211795465,41.09026777833011
2025-08-22,0.03166223925248035,-0.05097088446119602,0.09421634795233591,46.62294134538709
2025-08-25,0.0025576033943977006,-0.0470016139817,0.04255323646042419,47.069081405257
2025-08-26,0.036564569994260054,0.033927024582229626,0.010779366189336503,53.11758381445123
2025-08-28,-0.0008202851149898827,0.03307890963397897,0.056374725694558814,52.96601107559521
2025-08-29,-0.035303800854015965,0.03342129448246989,0.04817127207987859,46.78355635178943
2025-09-01,-0.03914893941676367,-0.037510622127391424,-0.021663778234524034,41.23811327074388
2025-09-02,0.009743105141622133,-0.030612296202803257,-0.04841401885377594,42.978710155128795
2025-09-03,-0.041228011322958835,-0.10336335673343,-0.08688387123245889,37.82341238603613
2025-09-04,-0.007319297481461873,-0.10919539329903627,-0.07344147343088592,37.009659577265616
2025-09-05,-0.0064516724458451025,-0.08255321421521777,-0.09866223255954143,36.27425310837846
2025-09-08,0.0055659017720737225,-0.03985826490572264,-0.07271167308010629,37.422064405621335
2025-09-09,-0.013837690968000582,-0.0622807071846645,-0.11138821133264776,35.691287518421674
2025-09-10,-0.014031770291696777,-0.03568164066180968,-0.13747956370415526,33.997933408290464
2025-09-11,-0.017077827877348017,-0.045161355535925596,-0.1529026946486003,32.033839124240885
2025-09-12,-0.02316600184088602,-0.06122447715777446,-0.1663921252584406,29.580082613635625
2025-09-15,0.02766795811635725,-0.04059045460000066,-0.15857605927101492,35.762295564405434
2025-09-16,-0.012499919762975042,-0.03928897465911496,-0.16774713689044063,34.258514567410415
2025-09-17,-0.0019474641550334404,-0.027514227979374972,-0.13061916597419454,34.02148824279642
2025-09-18,-0.035121917724609375,-0.045366730591691384,-0.16115348809820107,29.998290371175656
2025-09-19,0.008088970771377824,-0.01482209686032887,-0.12313101430268247,31.924834497683037
2025-09-22,0.05917754631753058,0.01538469297646361,-0.09974417461883112,44.13582602797613
2025-09-23,0.006628758716162864,0.03505351904878462,-0.09608844323537569,45.38747680235524
2025-09-24,-0.010348039086830352,0.026341508074504638,-0.13699747170681342,43.729405397793194
2025-09-25,0.024714758925285185,0.08998982393861299,-0.11494257283472076,48.51678979203197
2025-09-26,0.060296900584934754,0.14643931785791908,-0.027234016580784726,58.111608341146
2025-09-29,-0.005249380403737014,0.0767044918329447,0.007085910006763507,57.05457937927227
2025-09-30,-0.026385241315251773,0.041392246062684546,-0.02894736269724507,51.964947086157714
2025-10-01,-0.07046068242765013,-0.021863164059171325,-0.05855446710460632,41.57935513250166
2025-10-03,-0.022351753458598633,-0.0667902904628408,-0.07281105383205677,39.09798074419937
2025-10-06,0.0129223812469339,-0.10848649970997604,-0.05473099881286125,41.23273688561765
2025-10-07,-0.013738900433121648,-0.11609496113546458,-0.07287822423733326,39.62200482569668
2025-10-08,0.025870669049492312,-0.06865395629259674,-0.035547163300541196,43.99744035329161
2025-10-09,-0.018428761040213515,-0.016520901547538158,-0.03984820472618911,41.62361806544772
2025-10-10,-0.0019762356042999363,0.0039761391833572635,-0.025096455967538844,41.37059411136488
2025-10-13,0.09009899139030386,0.08047111700348974,0.08794469895130685,54.826485341219154
2025-10-14,0.013623943270844707,0.1104477249364193,0.07307694776523865,56.5948497164829
2025-10-15,-0.05645162392963732,0.021338438836132623,0.025316383994021363,48.08149056133443
2025-10-16,0.03228871426494839,0.0741106727748313,0.06048779371308122,52.25565144034386
2025-10-17,0.0699172251042528,0.1514851163548716,0.17593525891967499,59.99763030890023
2025-10-20,-0.023215860284335976,0.031789229838277366,0.13941818981141063,56.49286401867377
2025-10-21,-0.005281643288353122,0.012544833802593525,0.07007573311678184,55.714008433446025
2025-10-23,0.0380530393135774,0.1139600987365399,0.10348066001439205,59.97313035166624
2025-10-24,-0.011935157298543775,0.06623737576900401,0.1017109931810476,58.016763821428114
2025-10-27,0.02329590168547746,0.01977640068556319,0.10018552416126858,60.680682625136754
2025-10-28,0.007588545969073435,0.05193663471997523,0.045494268609414634,61.55634108797529
2025-10-29,0.0016736785006612465,0.05929204114910491,0.05277048263050377,61.7601514763349
2025-10-30,0.008354170890944701,0.028985521385883395,0.09033423916601824,62.821447033636325
2025-10-31,0.006627997160626009,0.048317468383927586,0.180757984798116,63.68966189819171
2025-11-03,0.04279839292921506,0.0682968333106706,0.2594432950109846,68.7912959815056
2025-11-04,-0.0015785680854961681,0.05857739083162228,0.24141316383198874,68.39326831209371
2025-11-06,-0.01897231449450798,0.03675852719863948,0.23482583202863405,63.63517871645391
2025-11-07,0.01208707284842303,0.04059658137378386,0.21823471468720368,65.26182465196828
2025-11-10,-0.020700654474163693,0.012345726494988662,0.21541505235455305,60.232518265938154
2025-11-11,0.015447120116828916,-0.014206811688388776,0.2366335939980082,62.50640861578602
2025-11-12,-0.03042434919171333,-0.042687745307281255,0.09990911943033853,55.65244989347896
2025-11-13,0.004128835024969968,-0.020145044566792114,0.08960573599218202,56.33097058237238
2025-11-14,-0.018092127449790163,-0.0493631224936153,0.13390312280798677,52.52311747165421
2025-11-17,-0.012562782562967056,-0.041463432599456396,0.08463662244524728,50.03943005366634
2025-11-18,0.026293504717533445,-0.031224931688971558,0.04041274827204977,54.79685458955827
2025-11-19,-0.010743810772105844,-0.011560643568742313,0.05369723844956398,52.537521609461905
2025-11-20,0.0142021781538475,-0.0016446960806181243,0.0743362954344573,55.14219172477771
2025-11-21,0.12273473879576069,0.14154108822869516,0.1619778897145936,70.44926986917292
2025-11-24,-0.02861337784653062,0.12298556522109116,0.14236407220079728,64.26754813852577
2025-11-25,-0.07552870221202024,0.011570197126839377,0.0320404827522045,51.73272979300391
2025-11-26,-0.02205878342632439,0.0,0.0016736785006612465,48.956325080881044
2025-11-27,-0.015037619144553371,-0.028830343622043952,-0.015037619144553371,47.13996643885719
2025-11-28,-0.014419005669549345,-0.14746883433641722,-0.03728250378151243,45.42578878187495
2025-12-01,0.0008606049036423702,-0.12160118463063052,-0.04279831443749915,45.55121843868142
2025-12-02,-0.034393857976657394,-0.08251636011179186,-0.11365434296657284,41.44776732591889
2025-12-03,-0.0017808998134093423,-0.06349208119696081,-0.11383396235632492,41.247692603830274
2025-12-04,-0.034790396252953104,-0.08227313572241546,-0.12812249574035695,37.45116264436653
2025-12-05,-0.0462107221906094,-0.111876093247682,-0.17834400079270363,33.22848946568672
2025-12-08,0.07848841507456017,-0.042992260969899054,-0.09512195594722539,44.20400892654527
2025-12-09,-0.0161725339914629,-0.02493319184191456,-0.12329863811640085,42.53094848034788
2025-12-10,-0.003652964616417842,-0.026761836727384525,-0.0990916468443892,42.149171241359824
2025-12-11,-0.04674612612417328,-0.038817013691308855,-0.144736862743991,37.524173003298465
2025-12-12,-0.02788461273943854,-0.020348841507456195,-0.1532663306548716,35.161507340489024
2025-12-15,0.01384770999772389,-0.0790655979687851,-0.13061916597419454,37.216693504602745
2025-12-16,-0.01853654442763908,-0.08127848448868291,-0.16859503285447341,35.5689212860818
2025-12-17,-0.02186881290778231,-0.09807513380286859,-0.17794486774640872,33.707920319658655
2025-12-18,-0.013211393539127925,-0.06634611593195516,-0.2001647641231189,32.62177314308572
2025-12-19,-0.01956741293891484,-0.05835798407014814,-0.30154069128163263,31.0471658068726
2025-12-22,0.01680670585279498,-0.05560972632431416,-0.26888213953811346,33.93892390925215
2025-12-23,-0.030991754264145577,-0.06759446091570742,-0.23366010703903595,31.289254449733065
2025-12-24,-0.02025592022809286,-0.06605696769563985,-0.23224733706171918,29.707366353123845
2025-12-26,-0.004352553175128726,-0.057672545562993616,-0.22391860490793658,29.370711829760864
2025-12-29,0.06229515543849762,0.02100838231599389,-0.16351115638921176,39.83407616381574
2025-12-30,-0.004115222299809318,0.0,-0.16766980138236054,39.39303927263524
2025-12-31,-0.0206612351894776,0.010660919677544234,-0.15583259762551216,37.17664450634501
